Country ISO3,Country,Year,Domain,Metric,Value,Unit,Source,Source URL,Loaded at
ABW,Aruba,2016,Demographics,Population,108727,people,World Bank Open Data,https://data.worldbank.org/indicator/SP.POP.TOTL,2026-08-02T04:09:08.531329+00:00
ABW,Aruba,2016,Economics,GDP (current US$),2983637430.1676,current US$,World Bank Open Data,https://data.worldbank.org/indicator/NY.GDP.MKTP.CD,2026-08-02T04:09:09.383790+00:00
ABW,Aruba,2017,Demographics,Population,108735,people,World Bank Open Data,https://data.worldbank.org/indicator/SP.POP.TOTL,2026-08-02T04:09:08.531329+00:00
ABW,Aruba,2017,Economics,GDP (current US$),3092427932.96089,current US$,World Bank Open Data,https://data.worldbank.org/indicator/NY.GDP.MKTP.CD,2026-08-02T04:09:09.383790+00:00
ABW,Aruba,2018,Demographics,Population,108908,people,World Bank Open Data,https://data.worldbank.org/indicator/SP.POP.TOTL,2026-08-02T04:09:08.531329+00:00
ABW,Aruba,2018,Economics,GDP (current US$),3276187709.49721,current US$,World Bank Open Data,https://data.worldbank.org/indicator/NY.GDP.MKTP.CD,2026-08-02T04:09:09.383790+00:00
ABW,Aruba,2019,Demographics,Population,109203,people,World Bank Open Data,https://data.worldbank.org/indicator/SP.POP.TOTL,2026-08-02T04:09:08.531329+00:00
ABW,Aruba,2019,Economics,GDP (current US$),3347561738.94591,current US$,World Bank Open Data,https://data.worldbank.org/indicator/NY.GDP.MKTP.CD,2026-08-02T04:09:09.383790+00:00
ABW,Aruba,2020,Demographics,Population,108587,people,World Bank Open Data,https://data.worldbank.org/indicator/SP.POP.TOTL,2026-08-02T04:09:08.531329+00:00
ABW,Aruba,2020,Economics,GDP (current US$),2461056053.22795,current US$,World Bank Open Data,https://data.worldbank.org/indicator/NY.GDP.MKTP.CD,2026-08-02T04:09:09.383790+00:00
ABW,Aruba,2021,Demographics,Population,107700,people,World Bank Open Data,https://data.worldbank.org/indicator/SP.POP.TOTL,2026-08-02T04:09:08.531329+00:00
ABW,Aruba,2021,Economics,GDP (current US$),2889305033.55975,current US$,World Bank Open Data,https://data.worldbank.org/indicator/NY.GDP.MKTP.CD,2026-08-02T04:09:09.383790+00:00
ABW,Aruba,2022,Demographics,Population,107310,people,World Bank Open Data,https://data.worldbank.org/indicator/SP.POP.TOTL,2026-08-02T04:09:08.531329+00:00
ABW,Aruba,2022,Economics,GDP (current US$),3326671314.7742,current US$,World Bank Open Data,https://data.worldbank.org/indicator/NY.GDP.MKTP.CD,2026-08-02T04:09:09.383790+00:00
ABW,Aruba,2023,Demographics,Population,107359,people,World Bank Open Data,https://data.worldbank.org/indicator/SP.POP.TOTL,2026-08-02T04:09:08.531329+00:00
ABW,Aruba,2023,Economics,GDP (current US$),3746573413.07565,current US$,World Bank Open Data,https://data.worldbank.org/indicator/NY.GDP.MKTP.CD,2026-08-02T04:09:09.383790+00:00
ABW,Aruba,2024,Demographics,Population,107995,people,World Bank Open Data,https://data.worldbank.org/indicator/SP.POP.TOTL,2026-08-02T04:09:08.531329+00:00
ABW,Aruba,2024,Economics,GDP (current US$),4167588070.29217,current US$,World Bank Open Data,https://data.worldbank.org/indicator/NY.GDP.MKTP.CD,2026-08-02T04:09:09.383790+00:00
ABW,Aruba,2025,Demographics,Population,108785,people,World Bank Open Data,https://data.worldbank.org/indicator/SP.POP.TOTL,2026-08-02T04:09:08.531329+00:00
AFG,Afghanistan,2016,Demographics,Population,34700612,people,World Bank Open Data,https://data.worldbank.org/indicator/SP.POP.TOTL,2026-08-02T04:09:08.531329+00:00
AFG,Afghanistan,2016,Economics,GDP (current US$),18116572395.0772,current US$,World Bank Open Data,https://data.worldbank.org/indicator/NY.GDP.MKTP.CD,2026-08-02T04:09:09.383790+00:00
AFG,Afghanistan,2017,Demographics,Population,35688935,people,World Bank Open Data,https://data.worldbank.org/indicator/SP.POP.TOTL,2026-08-02T04:09:08.531329+00:00
AFG,Afghanistan,2017,Economics,GDP (current US$),18753456497.8159,current US$,World Bank Open Data,https://data.worldbank.org/indicator/NY.GDP.MKTP.CD,2026-08-02T04:09:09.383790+00:00
AFG,Afghanistan,2018,Demographics,Population,36743039,people,World Bank Open Data,https://data.worldbank.org/indicator/SP.POP.TOTL,2026-08-02T04:09:08.531329+00:00
AFG,Afghanistan,2018,Economics,GDP (current US$),18053222687.4126,current US$,World Bank Open Data,https://data.worldbank.org/indicator/NY.GDP.MKTP.CD,2026-08-02T04:09:09.383790+00:00
AFG,Afghanistan,2019,Demographics,Population,37856121,people,World Bank Open Data,https://data.worldbank.org/indicator/SP.POP.TOTL,2026-08-02T04:09:08.531329+00:00
AFG,Afghanistan,2019,Economics,GDP (current US$),18799444490.1128,current US$,World Bank Open Data,https://data.worldbank.org/indicator/NY.GDP.MKTP.CD,2026-08-02T04:09:09.383790+00:00
AFG,Afghanistan,2020,Demographics,Population,39068979,people,World Bank Open Data,https://data.worldbank.org/indicator/SP.POP.TOTL,2026-08-02T04:09:08.531329+00:00
AFG,Afghanistan,2020,Economics,GDP (current US$),19955929052.1496,current US$,World Bank Open Data,https://data.worldbank.org/indicator/NY.GDP.MKTP.CD,2026-08-02T04:09:09.383790+00:00
AFG,Afghanistan,2021,Demographics,Population,40000412,people,World Bank Open Data,https://data.worldbank.org/indicator/SP.POP.TOTL,2026-08-02T04:09:08.531329+00:00
AFG,Afghanistan,2021,Economics,GDP (current US$),14259995441.0759,current US$,World Bank Open Data,https://data.worldbank.org/indicator/NY.GDP.MKTP.CD,2026-08-02T04:09:09.383790+00:00
AFG,Afghanistan,2022,Demographics,Population,40578842,people,World Bank Open Data,https://data.worldbank.org/indicator/SP.POP.TOTL,2026-08-02T04:09:08.531329+00:00
AFG,Afghanistan,2022,Economics,GDP (current US$),14497243872.1337,current US$,World Bank Open Data,https://data.worldbank.org/indicator/NY.GDP.MKTP.CD,2026-08-02T04:09:09.383790+00:00
AFG,Afghanistan,2023,Demographics,Population,41454761,people,World Bank Open Data,https://data.worldbank.org/indicator/SP.POP.TOTL,2026-08-02T04:09:08.531329+00:00
AFG,Afghanistan,2023,Economics,GDP (current US$),17152234636.8715,current US$,World Bank Open Data,https://data.worldbank.org/indicator/NY.GDP.MKTP.CD,2026-08-02T04:09:09.383790+00:00
AFG,Afghanistan,2024,Demographics,Population,42647492,people,World Bank Open Data,https://data.worldbank.org/indicator/SP.POP.TOTL,2026-08-02T04:09:08.531329+00:00
AFG,Afghanistan,2024,Economics,GDP (current US$),17778508875.7396,current US$,World Bank Open Data,https://data.worldbank.org/indicator/NY.GDP.MKTP.CD,2026-08-02T04:09:09.383790+00:00
AFG,Afghanistan,2025,Demographics,Population,43844111,people,World Bank Open Data,https://data.worldbank.org/indicator/SP.POP.TOTL,2026-08-02T04:09:08.531329+00:00
AGO,Angola,2016,Demographics,Population,29183070,people,World Bank Open Data,https://data.worldbank.org/indicator/SP.POP.TOTL,2026-08-02T04:09:08.531329+00:00
AGO,Angola,2016,Economics,GDP (current US$),60770049747.3832,current US$,World Bank Open Data,https://data.worldbank.org/indicator/NY.GDP.MKTP.CD,2026-08-02T04:09:09.383790+00:00
AGO,Angola,2017,Demographics,Population,30234839,people,World Bank Open Data,https://data.worldbank.org/indicator/SP.POP.TOTL,2026-08-02T04:09:08.531329+00:00
AGO,Angola,2017,Economics,GDP (current US$),85629598654.1906,current US$,World Bank Open Data,https://data.worldbank.org/indicator/NY.GDP.MKTP.CD,2026-08-02T04:09:09.383790+00:00
AGO,Angola,2018,Demographics,Population,31297155,people,World Bank Open Data,https://data.worldbank.org/indicator/SP.POP.TOTL,2026-08-02T04:09:08.531329+00:00
AGO,Angola,2018,Economics,GDP (current US$),90506061877.2765,current US$,World Bank Open Data,https://data.worldbank.org/indicator/NY.GDP.MKTP.CD,2026-08-02T04:09:09.383790+00:00
AGO,Angola,2019,Demographics,Population,32375632,people,World Bank Open Data,https://data.worldbank.org/indicator/SP.POP.TOTL,2026-08-02T04:09:08.531329+00:00
AGO,Angola,2019,Economics,GDP (current US$),81193813808.0382,current US$,World Bank Open Data,https://data.worldbank.org/indicator/NY.GDP.MKTP.CD,2026-08-02T04:09:09.383790+00:00
AGO,Angola,2020,Demographics,Population,33451132,people,World Bank Open Data,https://data.worldbank.org/indicator/SP.POP.TOTL,2026-08-02T04:09:08.531329+00:00
AGO,Angola,2020,Economics,GDP (current US$),58512033805.8981,current US$,World Bank Open Data,https://data.worldbank.org/indicator/NY.GDP.MKTP.CD,2026-08-02T04:09:09.383790+00:00
AGO,Angola,2021,Demographics,Population,34532429,people,World Bank Open Data,https://data.worldbank.org/indicator/SP.POP.TOTL,2026-08-02T04:09:08.531329+00:00
AGO,Angola,2021,Economics,GDP (current US$),78283923543.8237,current US$,World Bank Open Data,https://data.worldbank.org/indicator/NY.GDP.MKTP.CD,2026-08-02T04:09:09.383790+00:00
AGO,Angola,2022,Demographics,Population,35635029,people,World Bank Open Data,https://data.worldbank.org/indicator/SP.POP.TOTL,2026-08-02T04:09:08.531329+00:00
AGO,Angola,2022,Economics,GDP (current US$),128233959333.275,current US$,World Bank Open Data,https://data.worldbank.org/indicator/NY.GDP.MKTP.CD,2026-08-02T04:09:09.383790+00:00
AGO,Angola,2023,Demographics,Population,36749906,people,World Bank Open Data,https://data.worldbank.org/indicator/SP.POP.TOTL,2026-08-02T04:09:08.531329+00:00
AGO,Angola,2023,Economics,GDP (current US$),106042349567.303,current US$,World Bank Open Data,https://data.worldbank.org/indicator/NY.GDP.MKTP.CD,2026-08-02T04:09:09.383790+00:00
AGO,Angola,2024,Demographics,Population,37885849,people,World Bank Open Data,https://data.worldbank.org/indicator/SP.POP.TOTL,2026-08-02T04:09:08.531329+00:00
AGO,Angola,2024,Economics,GDP (current US$),103080538044.058,current US$,World Bank Open Data,https://data.worldbank.org/indicator/NY.GDP.MKTP.CD,2026-08-02T04:09:09.383790+00:00
AGO,Angola,2025,Demographics,Population,39040039,people,World Bank Open Data,https://data.worldbank.org/indicator/SP.POP.TOTL,2026-08-02T04:09:08.531329+00:00
AGO,Angola,2025,Economics,GDP (current US$),122174889423.635,current US$,World Bank Open Data,https://data.worldbank.org/indicator/NY.GDP.MKTP.CD,2026-08-02T04:09:09.383790+00:00
ALB,Albania,2016,Demographics,Population,2689469,people,World Bank Open Data,https://data.worldbank.org/indicator/SP.POP.TOTL,2026-08-02T04:09:08.531329+00:00
ALB,Albania,2016,Economics,GDP (current US$),11988668784.6628,current US$,World Bank Open Data,https://data.worldbank.org/indicator/NY.GDP.MKTP.CD,2026-08-02T04:09:09.383790+00:00
ALB,Albania,2017,Demographics,Population,2648285,people,World Bank Open Data,https://data.worldbank.org/indicator/SP.POP.TOTL,2026-08-02T04:09:08.531329+00:00
ALB,Albania,2017,Economics,GDP (current US$),13258268435.6048,current US$,World Bank Open Data,https://data.worldbank.org/indicator/NY.GDP.MKTP.CD,2026-08-02T04:09:09.383790+00:00
ALB,Albania,2018,Demographics,Population,2607733,people,World Bank Open Data,https://data.worldbank.org/indicator/SP.POP.TOTL,2026-08-02T04:09:08.531329+00:00
ALB,Albania,2018,Economics,GDP (current US$),15379508329.7568,current US$,World Bank Open Data,https://data.worldbank.org/indicator/NY.GDP.MKTP.CD,2026-08-02T04:09:09.383790+00:00
ALB,Albania,2019,Demographics,Population,2567801,people,World Bank Open Data,https://data.worldbank.org/indicator/SP.POP.TOTL,2026-08-02T04:09:08.531329+00:00
ALB,Albania,2019,Economics,GDP (current US$),15585111614.0376,current US$,World Bank Open Data,https://data.worldbank.org/indicator/NY.GDP.MKTP.CD,2026-08-02T04:09:09.383790+00:00
ALB,Albania,2020,Demographics,Population,2528480,people,World Bank Open Data,https://data.worldbank.org/indicator/SP.POP.TOTL,2026-08-02T04:09:08.531329+00:00
ALB,Albania,2020,Economics,GDP (current US$),15241458744.5927,current US$,World Bank Open Data,https://data.worldbank.org/indicator/NY.GDP.MKTP.CD,2026-08-02T04:09:09.383790+00:00
ALB,Albania,2021,Demographics,Population,2489762,people,World Bank Open Data,https://data.worldbank.org/indicator/SP.POP.TOTL,2026-08-02T04:09:08.531329+00:00
ALB,Albania,2021,Economics,GDP (current US$),18031989573.0294,current US$,World Bank Open Data,https://data.worldbank.org/indicator/NY.GDP.MKTP.CD,2026-08-02T04:09:09.383790+00:00
ALB,Albania,2022,Demographics,Population,2451636,people,World Bank Open Data,https://data.worldbank.org/indicator/SP.POP.TOTL,2026-08-02T04:09:08.531329+00:00
ALB,Albania,2022,Economics,GDP (current US$),19017247013.8821,current US$,World Bank Open Data,https://data.worldbank.org/indicator/NY.GDP.MKTP.CD,2026-08-02T04:09:09.383790+00:00
ALB,Albania,2023,Demographics,Population,2411658,people,World Bank Open Data,https://data.worldbank.org/indicator/SP.POP.TOTL,2026-08-02T04:09:08.531329+00:00
ALB,Albania,2023,Economics,GDP (current US$),23491242727.4082,current US$,World Bank Open Data,https://data.worldbank.org/indicator/NY.GDP.MKTP.CD,2026-08-02T04:09:09.383790+00:00
ALB,Albania,2024,Demographics,Population,2377128,people,World Bank Open Data,https://data.worldbank.org/indicator/SP.POP.TOTL,2026-08-02T04:09:08.531329+00:00
ALB,Albania,2024,Economics,GDP (current US$),27037474263.2977,current US$,World Bank Open Data,https://data.worldbank.org/indicator/NY.GDP.MKTP.CD,2026-08-02T04:09:09.383790+00:00
ALB,Albania,2025,Demographics,Population,2349580,people,World Bank Open Data,https://data.worldbank.org/indicator/SP.POP.TOTL,2026-08-02T04:09:08.531329+00:00
ALB,Albania,2025,Economics,GDP (current US$),30540188271.3421,current US$,World Bank Open Data,https://data.worldbank.org/indicator/NY.GDP.MKTP.CD,2026-08-02T04:09:09.383790+00:00
AND,Andorra,2016,Demographics,Population,72181,people,World Bank Open Data,https://data.worldbank.org/indicator/SP.POP.TOTL,2026-08-02T04:09:08.531329+00:00
AND,Andorra,2016,Economics,GDP (current US$),2896610479.86771,current US$,World Bank Open Data,https://data.worldbank.org/indicator/NY.GDP.MKTP.CD,2026-08-02T04:09:09.383790+00:00
AND,Andorra,2017,Demographics,Population,73763,people,World Bank Open Data,https://data.worldbank.org/indicator/SP.POP.TOTL,2026-08-02T04:09:08.531329+00:00
AND,Andorra,2017,Economics,GDP (current US$),3000162081.22353,current US$,World Bank Open Data,https://data.worldbank.org/indicator/NY.GDP.MKTP.CD,2026-08-02T04:09:09.383790+00:00
AND,Andorra,2018,Demographics,Population,75162,people,World Bank Open Data,https://data.worldbank.org/indicator/SP.POP.TOTL,2026-08-02T04:09:08.531329+00:00
AND,Andorra,2018,Economics,GDP (current US$),3218419896.93333,current US$,World Bank Open Data,https://data.worldbank.org/indicator/NY.GDP.MKTP.CD,2026-08-02T04:09:09.383790+00:00
AND,Andorra,2019,Demographics,Population,76474,people,World Bank Open Data,https://data.worldbank.org/indicator/SP.POP.TOTL,2026-08-02T04:09:08.531329+00:00
AND,Andorra,2019,Economics,GDP (current US$),3155149347.92156,current US$,World Bank Open Data,https://data.worldbank.org/indicator/NY.GDP.MKTP.CD,2026-08-02T04:09:09.383790+00:00
AND,Andorra,2020,Demographics,Population,77380,people,World Bank Open Data,https://data.worldbank.org/indicator/SP.POP.TOTL,2026-08-02T04:09:08.531329+00:00
AND,Andorra,2020,Economics,GDP (current US$),2891001149.40079,current US$,World Bank Open Data,https://data.worldbank.org/indicator/NY.GDP.MKTP.CD,2026-08-02T04:09:09.383790+00:00
AND,Andorra,2021,Demographics,Population,78364,people,World Bank Open Data,https://data.worldbank.org/indicator/SP.POP.TOTL,2026-08-02T04:09:08.531329+00:00
AND,Andorra,2021,Economics,GDP (current US$),3324647529.41855,current US$,World Bank Open Data,https://data.worldbank.org/indicator/NY.GDP.MKTP.CD,2026-08-02T04:09:09.383790+00:00
AND,Andorra,2022,Demographics,Population,79705,people,World Bank Open Data,https://data.worldbank.org/indicator/SP.POP.TOTL,2026-08-02T04:09:08.531329+00:00
AND,Andorra,2022,Economics,GDP (current US$),3380612573.4825,current US$,World Bank Open Data,https://data.worldbank.org/indicator/NY.GDP.MKTP.CD,2026-08-02T04:09:09.383790+00:00
AND,Andorra,2023,Demographics,Population,80856,people,World Bank Open Data,https://data.worldbank.org/indicator/SP.POP.TOTL,2026-08-02T04:09:08.531329+00:00
AND,Andorra,2023,Economics,GDP (current US$),3785067331.88242,current US$,World Bank Open Data,https://data.worldbank.org/indicator/NY.GDP.MKTP.CD,2026-08-02T04:09:09.383790+00:00
AND,Andorra,2024,Demographics,Population,81938,people,World Bank Open Data,https://data.worldbank.org/indicator/SP.POP.TOTL,2026-08-02T04:09:08.531329+00:00
AND,Andorra,2024,Economics,GDP (current US$),4044249678.65625,current US$,World Bank Open Data,https://data.worldbank.org/indicator/NY.GDP.MKTP.CD,2026-08-02T04:09:09.383790+00:00
AND,Andorra,2025,Demographics,Population,82904,people,World Bank Open Data,https://data.worldbank.org/indicator/SP.POP.TOTL,2026-08-02T04:09:08.531329+00:00
AND,Andorra,2025,Economics,GDP (current US$),4500982731.80784,current US$,World Bank Open Data,https://data.worldbank.org/indicator/NY.GDP.MKTP.CD,2026-08-02T04:09:09.383790+00:00
ARE,United Arab Emirates,2016,Demographics,Population,8935095,people,World Bank Open Data,https://data.worldbank.org/indicator/SP.POP.TOTL,2026-08-02T04:09:08.531329+00:00
ARE,United Arab Emirates,2016,Economics,GDP (current US$),381717208620.964,current US$,World Bank Open Data,https://data.worldbank.org/indicator/NY.GDP.MKTP.CD,2026-08-02T04:09:09.383790+00:00
ARE,United Arab Emirates,2017,Demographics,Population,9223225,people,World Bank Open Data,https://data.worldbank.org/indicator/SP.POP.TOTL,2026-08-02T04:09:08.531329+00:00
ARE,United Arab Emirates,2017,Economics,GDP (current US$),403365056078.846,current US$,World Bank Open Data,https://data.worldbank.org/indicator/NY.GDP.MKTP.CD,2026-08-02T04:09:09.383790+00:00
ARE,United Arab Emirates,2018,Demographics,Population,9346701,people,World Bank Open Data,https://data.worldbank.org/indicator/SP.POP.TOTL,2026-08-02T04:09:08.531329+00:00
ARE,United Arab Emirates,2018,Economics,GDP (current US$),440560003161.236,current US$,World Bank Open Data,https://data.worldbank.org/indicator/NY.GDP.MKTP.CD,2026-08-02T04:09:09.383790+00:00
ARE,United Arab Emirates,2019,Demographics,Population,9445785,people,World Bank Open Data,https://data.worldbank.org/indicator/SP.POP.TOTL,2026-08-02T04:09:08.531329+00:00
ARE,United Arab Emirates,2019,Economics,GDP (current US$),433926218686.108,current US$,World Bank Open Data,https://data.worldbank.org/indicator/NY.GDP.MKTP.CD,2026-08-02T04:09:09.383790+00:00
ARE,United Arab Emirates,2020,Demographics,Population,9401038,people,World Bank Open Data,https://data.worldbank.org/indicator/SP.POP.TOTL,2026-08-02T04:09:08.531329+00:00
ARE,United Arab Emirates,2020,Economics,GDP (current US$),357161776271.328,current US$,World Bank Open Data,https://data.worldbank.org/indicator/NY.GDP.MKTP.CD,2026-08-02T04:09:09.383790+00:00
ARE,United Arab Emirates,2021,Demographics,Population,9575152,people,World Bank Open Data,https://data.worldbank.org/indicator/SP.POP.TOTL,2026-08-02T04:09:08.531329+00:00
ARE,United Arab Emirates,2021,Economics,GDP (current US$),422441282436.237,current US$,World Bank Open Data,https://data.worldbank.org/indicator/NY.GDP.MKTP.CD,2026-08-02T04:09:09.383790+00:00
ARE,United Arab Emirates,2022,Demographics,Population,10074977,people,World Bank Open Data,https://data.worldbank.org/indicator/SP.POP.TOTL,2026-08-02T04:09:08.531329+00:00
ARE,United Arab Emirates,2022,Economics,GDP (current US$),511403404642.173,current US$,World Bank Open Data,https://data.worldbank.org/indicator/NY.GDP.MKTP.CD,2026-08-02T04:09:09.383790+00:00
ARE,United Arab Emirates,2023,Demographics,Population,10483751,people,World Bank Open Data,https://data.worldbank.org/indicator/SP.POP.TOTL,2026-08-02T04:09:08.531329+00:00
ARE,United Arab Emirates,2023,Economics,GDP (current US$),522622268401.125,current US$,World Bank Open Data,https://data.worldbank.org/indicator/NY.GDP.MKTP.CD,2026-08-02T04:09:09.383790+00:00
ARE,United Arab Emirates,2024,Demographics,Population,10986400,people,World Bank Open Data,https://data.worldbank.org/indicator/SP.POP.TOTL,2026-08-02T04:09:08.531329+00:00
ARE,United Arab Emirates,2024,Economics,GDP (current US$),552324919095.872,current US$,World Bank Open Data,https://data.worldbank.org/indicator/NY.GDP.MKTP.CD,2026-08-02T04:09:09.383790+00:00
ARE,United Arab Emirates,2025,Demographics,Population,11513149,people,World Bank Open Data,https://data.worldbank.org/indicator/SP.POP.TOTL,2026-08-02T04:09:08.531329+00:00
ARG,Argentina,2016,Demographics,Population,43900313,people,World Bank Open Data,https://data.worldbank.org/indicator/SP.POP.TOTL,2026-08-02T04:09:08.531329+00:00
ARG,Argentina,2016,Economics,GDP (current US$),557532320662.955,current US$,World Bank Open Data,https://data.worldbank.org/indicator/NY.GDP.MKTP.CD,2026-08-02T04:09:09.383790+00:00
ARG,Argentina,2017,Demographics,Population,44288894,people,World Bank Open Data,https://data.worldbank.org/indicator/SP.POP.TOTL,2026-08-02T04:09:08.531329+00:00
ARG,Argentina,2017,Economics,GDP (current US$),643628393281.364,current US$,World Bank Open Data,https://data.worldbank.org/indicator/NY.GDP.MKTP.CD,2026-08-02T04:09:09.383790+00:00
ARG,Argentina,2018,Demographics,Population,44654882,people,World Bank Open Data,https://data.worldbank.org/indicator/SP.POP.TOTL,2026-08-02T04:09:08.531329+00:00
ARG,Argentina,2018,Economics,GDP (current US$),524819892360.176,current US$,World Bank Open Data,https://data.worldbank.org/indicator/NY.GDP.MKTP.CD,2026-08-02T04:09:09.383790+00:00
ARG,Argentina,2019,Demographics,Population,44973465,people,World Bank Open Data,https://data.worldbank.org/indicator/SP.POP.TOTL,2026-08-02T04:09:08.531329+00:00
ARG,Argentina,2019,Economics,GDP (current US$),447754683615.225,current US$,World Bank Open Data,https://data.worldbank.org/indicator/NY.GDP.MKTP.CD,2026-08-02T04:09:09.383790+00:00
ARG,Argentina,2020,Demographics,Population,45191965,people,World Bank Open Data,https://data.worldbank.org/indicator/SP.POP.TOTL,2026-08-02T04:09:08.531329+00:00
ARG,Argentina,2020,Economics,GDP (current US$),385740508436.965,current US$,World Bank Open Data,https://data.worldbank.org/indicator/NY.GDP.MKTP.CD,2026-08-02T04:09:09.383790+00:00
ARG,Argentina,2021,Demographics,Population,45312281,people,World Bank Open Data,https://data.worldbank.org/indicator/SP.POP.TOTL,2026-08-02T04:09:08.531329+00:00
ARG,Argentina,2021,Economics,GDP (current US$),486564085480.036,current US$,World Bank Open Data,https://data.worldbank.org/indicator/NY.GDP.MKTP.CD,2026-08-02T04:09:09.383790+00:00
ARG,Argentina,2022,Demographics,Population,45407904,people,World Bank Open Data,https://data.worldbank.org/indicator/SP.POP.TOTL,2026-08-02T04:09:08.531329+00:00
ARG,Argentina,2022,Economics,GDP (current US$),633993756301.08,current US$,World Bank Open Data,https://data.worldbank.org/indicator/NY.GDP.MKTP.CD,2026-08-02T04:09:09.383790+00:00
ARG,Argentina,2023,Demographics,Population,45538401,people,World Bank Open Data,https://data.worldbank.org/indicator/SP.POP.TOTL,2026-08-02T04:09:08.531329+00:00
ARG,Argentina,2023,Economics,GDP (current US$),649461687959.174,current US$,World Bank Open Data,https://data.worldbank.org/indicator/NY.GDP.MKTP.CD,2026-08-02T04:09:09.383790+00:00
ARG,Argentina,2024,Demographics,Population,45696159,people,World Bank Open Data,https://data.worldbank.org/indicator/SP.POP.TOTL,2026-08-02T04:09:08.531329+00:00
ARG,Argentina,2024,Economics,GDP (current US$),638365455340.04,current US$,World Bank Open Data,https://data.worldbank.org/indicator/NY.GDP.MKTP.CD,2026-08-02T04:09:09.383790+00:00
ARG,Argentina,2025,Demographics,Population,45851378,people,World Bank Open Data,https://data.worldbank.org/indicator/SP.POP.TOTL,2026-08-02T04:09:08.531329+00:00
ARG,Argentina,2025,Economics,GDP (current US$),683097891618.597,current US$,World Bank Open Data,https://data.worldbank.org/indicator/NY.GDP.MKTP.CD,2026-08-02T04:09:09.383790+00:00
ARM,Armenia,2016,Demographics,Population,2992300,people,World Bank Open Data,https://data.worldbank.org/indicator/SP.POP.TOTL,2026-08-02T04:09:08.531329+00:00
ARM,Armenia,2016,Economics,GDP (current US$),10546136235.5219,current US$,World Bank Open Data,https://data.worldbank.org/indicator/NY.GDP.MKTP.CD,2026-08-02T04:09:09.383790+00:00
ARM,Armenia,2017,Demographics,Population,2979400,people,World Bank Open Data,https://data.worldbank.org/indicator/SP.POP.TOTL,2026-08-02T04:09:08.531329+00:00
ARM,Armenia,2017,Economics,GDP (current US$),11527458709.0158,current US$,World Bank Open Data,https://data.worldbank.org/indicator/NY.GDP.MKTP.CD,2026-08-02T04:09:09.383790+00:00
ARM,Armenia,2018,Demographics,Population,2969000,people,World Bank Open Data,https://data.worldbank.org/indicator/SP.POP.TOTL,2026-08-02T04:09:08.531329+00:00
ARM,Armenia,2018,Economics,GDP (current US$),12457940694.7395,current US$,World Bank Open Data,https://data.worldbank.org/indicator/NY.GDP.MKTP.CD,2026-08-02T04:09:09.383790+00:00
ARM,Armenia,2019,Demographics,Population,2962500,people,World Bank Open Data,https://data.worldbank.org/indicator/SP.POP.TOTL,2026-08-02T04:09:08.531329+00:00
ARM,Armenia,2019,Economics,GDP (current US$),13619290539.2116,current US$,World Bank Open Data,https://data.worldbank.org/indicator/NY.GDP.MKTP.CD,2026-08-02T04:09:09.383790+00:00
ARM,Armenia,2020,Demographics,Population,2961500,people,World Bank Open Data,https://data.worldbank.org/indicator/SP.POP.TOTL,2026-08-02T04:09:08.531329+00:00
ARM,Armenia,2020,Economics,GDP (current US$),12641698583.2152,current US$,World Bank Open Data,https://data.worldbank.org/indicator/NY.GDP.MKTP.CD,2026-08-02T04:09:09.383790+00:00
ARM,Armenia,2021,Demographics,Population,2962300,people,World Bank Open Data,https://data.worldbank.org/indicator/SP.POP.TOTL,2026-08-02T04:09:08.531329+00:00
ARM,Armenia,2021,Economics,GDP (current US$),13878908628.9378,current US$,World Bank Open Data,https://data.worldbank.org/indicator/NY.GDP.MKTP.CD,2026-08-02T04:09:09.383790+00:00
ARM,Armenia,2022,Demographics,Population,2969200,people,World Bank Open Data,https://data.worldbank.org/indicator/SP.POP.TOTL,2026-08-02T04:09:08.531329+00:00
ARM,Armenia,2022,Economics,GDP (current US$),19513506553.1251,current US$,World Bank Open Data,https://data.worldbank.org/indicator/NY.GDP.MKTP.CD,2026-08-02T04:09:09.383790+00:00
ARM,Armenia,2023,Demographics,Population,2964300,people,World Bank Open Data,https://data.worldbank.org/indicator/SP.POP.TOTL,2026-08-02T04:09:08.531329+00:00
ARM,Armenia,2023,Economics,GDP (current US$),24185982215.6543,current US$,World Bank Open Data,https://data.worldbank.org/indicator/NY.GDP.MKTP.CD,2026-08-02T04:09:09.383790+00:00
ARM,Armenia,2024,Demographics,Population,3033500,people,World Bank Open Data,https://data.worldbank.org/indicator/SP.POP.TOTL,2026-08-02T04:09:08.531329+00:00
ARM,Armenia,2024,Economics,GDP (current US$),25955275380.0321,current US$,World Bank Open Data,https://data.worldbank.org/indicator/NY.GDP.MKTP.CD,2026-08-02T04:09:09.383790+00:00
ARM,Armenia,2025,Demographics,Population,3086700,people,World Bank Open Data,https://data.worldbank.org/indicator/SP.POP.TOTL,2026-08-02T04:09:08.531329+00:00
ARM,Armenia,2025,Economics,GDP (current US$),29243452882.3545,current US$,World Bank Open Data,https://data.worldbank.org/indicator/NY.GDP.MKTP.CD,2026-08-02T04:09:09.383790+00:00
ASM,American Samoa,2016,Demographics,Population,52245,people,World Bank Open Data,https://data.worldbank.org/indicator/SP.POP.TOTL,2026-08-02T04:09:08.531329+00:00
ASM,American Samoa,2016,Economics,GDP (current US$),671000000.0,current US$,World Bank Open Data,https://data.worldbank.org/indicator/NY.GDP.MKTP.CD,2026-08-02T04:09:09.383790+00:00
ASM,American Samoa,2017,Demographics,Population,51586,people,World Bank Open Data,https://data.worldbank.org/indicator/SP.POP.TOTL,2026-08-02T04:09:08.531329+00:00
ASM,American Samoa,2017,Economics,GDP (current US$),612000000.0,current US$,World Bank Open Data,https://data.worldbank.org/indicator/NY.GDP.MKTP.CD,2026-08-02T04:09:09.383790+00:00
ASM,American Samoa,2018,Demographics,Population,50908,people,World Bank Open Data,https://data.worldbank.org/indicator/SP.POP.TOTL,2026-08-02T04:09:08.531329+00:00
ASM,American Samoa,2018,Economics,GDP (current US$),639000000.0,current US$,World Bank Open Data,https://data.worldbank.org/indicator/NY.GDP.MKTP.CD,2026-08-02T04:09:09.383790+00:00
ASM,American Samoa,2019,Demographics,Population,50209,people,World Bank Open Data,https://data.worldbank.org/indicator/SP.POP.TOTL,2026-08-02T04:09:08.531329+00:00
ASM,American Samoa,2019,Economics,GDP (current US$),647000000.0,current US$,World Bank Open Data,https://data.worldbank.org/indicator/NY.GDP.MKTP.CD,2026-08-02T04:09:09.383790+00:00
ASM,American Samoa,2020,Demographics,Population,49761,people,World Bank Open Data,https://data.worldbank.org/indicator/SP.POP.TOTL,2026-08-02T04:09:08.531329+00:00
ASM,American Samoa,2020,Economics,GDP (current US$),721000000.0,current US$,World Bank Open Data,https://data.worldbank.org/indicator/NY.GDP.MKTP.CD,2026-08-02T04:09:09.383790+00:00
ASM,American Samoa,2021,Demographics,Population,49225,people,World Bank Open Data,https://data.worldbank.org/indicator/SP.POP.TOTL,2026-08-02T04:09:08.531329+00:00
ASM,American Samoa,2021,Economics,GDP (current US$),750000000.0,current US$,World Bank Open Data,https://data.worldbank.org/indicator/NY.GDP.MKTP.CD,2026-08-02T04:09:09.383790+00:00
ASM,American Samoa,2022,Demographics,Population,48342,people,World Bank Open Data,https://data.worldbank.org/indicator/SP.POP.TOTL,2026-08-02T04:09:08.531329+00:00
ASM,American Samoa,2022,Economics,GDP (current US$),871000000.0,current US$,World Bank Open Data,https://data.worldbank.org/indicator/NY.GDP.MKTP.CD,2026-08-02T04:09:09.383790+00:00
ASM,American Samoa,2023,Demographics,Population,47521,people,World Bank Open Data,https://data.worldbank.org/indicator/SP.POP.TOTL,2026-08-02T04:09:08.531329+00:00
ASM,American Samoa,2024,Demographics,Population,46765,people,World Bank Open Data,https://data.worldbank.org/indicator/SP.POP.TOTL,2026-08-02T04:09:08.531329+00:00
ASM,American Samoa,2025,Demographics,Population,46029,people,World Bank Open Data,https://data.worldbank.org/indicator/SP.POP.TOTL,2026-08-02T04:09:08.531329+00:00
ATG,Antigua and Barbuda,2016,Demographics,Population,89969,people,World Bank Open Data,https://data.worldbank.org/indicator/SP.POP.TOTL,2026-08-02T04:09:08.531329+00:00
ATG,Antigua and Barbuda,2016,Economics,GDP (current US$),1489603703.7037,current US$,World Bank Open Data,https://data.worldbank.org/indicator/NY.GDP.MKTP.CD,2026-08-02T04:09:09.383790+00:00
ATG,Antigua and Barbuda,2017,Demographics,Population,90468,people,World Bank Open Data,https://data.worldbank.org/indicator/SP.POP.TOTL,2026-08-02T04:09:08.531329+00:00
ATG,Antigua and Barbuda,2017,Economics,GDP (current US$),1534855555.55556,current US$,World Bank Open Data,https://data.worldbank.org/indicator/NY.GDP.MKTP.CD,2026-08-02T04:09:09.383790+00:00
ATG,Antigua and Barbuda,2018,Demographics,Population,90926,people,World Bank Open Data,https://data.worldbank.org/indicator/SP.POP.TOTL,2026-08-02T04:09:08.531329+00:00
ATG,Antigua and Barbuda,2018,Economics,GDP (current US$),1661529629.62963,current US$,World Bank Open Data,https://data.worldbank.org/indicator/NY.GDP.MKTP.CD,2026-08-02T04:09:09.383790+00:00
ATG,Antigua and Barbuda,2019,Demographics,Population,91364,people,World Bank Open Data,https://data.worldbank.org/indicator/SP.POP.TOTL,2026-08-02T04:09:08.531329+00:00
ATG,Antigua and Barbuda,2019,Economics,GDP (current US$),1726448148.14815,current US$,World Bank Open Data,https://data.worldbank.org/indicator/NY.GDP.MKTP.CD,2026-08-02T04:09:09.383790+00:00
ATG,Antigua and Barbuda,2020,Demographics,Population,91846,people,World Bank Open Data,https://data.worldbank.org/indicator/SP.POP.TOTL,2026-08-02T04:09:08.531329+00:00
ATG,Antigua and Barbuda,2020,Economics,GDP (current US$),1411637037.03704,current US$,World Bank Open Data,https://data.worldbank.org/indicator/NY.GDP.MKTP.CD,2026-08-02T04:09:09.383790+00:00
ATG,Antigua and Barbuda,2021,Demographics,Population,92349,people,World Bank Open Data,https://data.worldbank.org/indicator/SP.POP.TOTL,2026-08-02T04:09:08.531329+00:00
ATG,Antigua and Barbuda,2021,Economics,GDP (current US$),1602125925.92593,current US$,World Bank Open Data,https://data.worldbank.org/indicator/NY.GDP.MKTP.CD,2026-08-02T04:09:09.383790+00:00
ATG,Antigua and Barbuda,2022,Demographics,Population,92840,people,World Bank Open Data,https://data.worldbank.org/indicator/SP.POP.TOTL,2026-08-02T04:09:08.531329+00:00
ATG,Antigua and Barbuda,2022,Economics,GDP (current US$),1857114814.81481,current US$,World Bank Open Data,https://data.worldbank.org/indicator/NY.GDP.MKTP.CD,2026-08-02T04:09:09.383790+00:00
ATG,Antigua and Barbuda,2023,Demographics,Population,93316,people,World Bank Open Data,https://data.worldbank.org/indicator/SP.POP.TOTL,2026-08-02T04:09:08.531329+00:00
ATG,Antigua and Barbuda,2023,Economics,GDP (current US$),2054096296.2963,current US$,World Bank Open Data,https://data.worldbank.org/indicator/NY.GDP.MKTP.CD,2026-08-02T04:09:09.383790+00:00
ATG,Antigua and Barbuda,2024,Demographics,Population,93772,people,World Bank Open Data,https://data.worldbank.org/indicator/SP.POP.TOTL,2026-08-02T04:09:08.531329+00:00
ATG,Antigua and Barbuda,2024,Economics,GDP (current US$),2162366666.66667,current US$,World Bank Open Data,https://data.worldbank.org/indicator/NY.GDP.MKTP.CD,2026-08-02T04:09:09.383790+00:00
ATG,Antigua and Barbuda,2025,Demographics,Population,94209,people,World Bank Open Data,https://data.worldbank.org/indicator/SP.POP.TOTL,2026-08-02T04:09:08.531329+00:00
ATG,Antigua and Barbuda,2025,Economics,GDP (current US$),2338196296.2963,current US$,World Bank Open Data,https://data.worldbank.org/indicator/NY.GDP.MKTP.CD,2026-08-02T04:09:09.383790+00:00
AUS,Australia,2016,Demographics,Population,24190907,people,World Bank Open Data,https://data.worldbank.org/indicator/SP.POP.TOTL,2026-08-02T04:09:08.531329+00:00
AUS,Australia,2016,Economics,GDP (current US$),1211588128417.61,current US$,World Bank Open Data,https://data.worldbank.org/indicator/NY.GDP.MKTP.CD,2026-08-02T04:09:09.383790+00:00
AUS,Australia,2017,Demographics,Population,24592588,people,World Bank Open Data,https://data.worldbank.org/indicator/SP.POP.TOTL,2026-08-02T04:09:08.531329+00:00
AUS,Australia,2017,Economics,GDP (current US$),1330890554614.09,current US$,World Bank Open Data,https://data.worldbank.org/indicator/NY.GDP.MKTP.CD,2026-08-02T04:09:09.383790+00:00
AUS,Australia,2018,Demographics,Population,24963258,people,World Bank Open Data,https://data.worldbank.org/indicator/SP.POP.TOTL,2026-08-02T04:09:08.531329+00:00
AUS,Australia,2018,Economics,GDP (current US$),1433144978761.67,current US$,World Bank Open Data,https://data.worldbank.org/indicator/NY.GDP.MKTP.CD,2026-08-02T04:09:09.383790+00:00
AUS,Australia,2019,Demographics,Population,25334826,people,World Bank Open Data,https://data.worldbank.org/indicator/SP.POP.TOTL,2026-08-02T04:09:08.531329+00:00
AUS,Australia,2019,Economics,GDP (current US$),1398349602956.35,current US$,World Bank Open Data,https://data.worldbank.org/indicator/NY.GDP.MKTP.CD,2026-08-02T04:09:09.383790+00:00
AUS,Australia,2020,Demographics,Population,25649248,people,World Bank Open Data,https://data.worldbank.org/indicator/SP.POP.TOTL,2026-08-02T04:09:08.531329+00:00
AUS,Australia,2020,Economics,GDP (current US$),1333336461648.09,current US$,World Bank Open Data,https://data.worldbank.org/indicator/NY.GDP.MKTP.CD,2026-08-02T04:09:09.383790+00:00
AUS,Australia,2021,Demographics,Population,25685412,people,World Bank Open Data,https://data.worldbank.org/indicator/SP.POP.TOTL,2026-08-02T04:09:08.531329+00:00
AUS,Australia,2021,Economics,GDP (current US$),1560617493202.69,current US$,World Bank Open Data,https://data.worldbank.org/indicator/NY.GDP.MKTP.CD,2026-08-02T04:09:09.383790+00:00
AUS,Australia,2022,Demographics,Population,26018721,people,World Bank Open Data,https://data.worldbank.org/indicator/SP.POP.TOTL,2026-08-02T04:09:08.531329+00:00
AUS,Australia,2022,Economics,GDP (current US$),1695627535475.8,current US$,World Bank Open Data,https://data.worldbank.org/indicator/NY.GDP.MKTP.CD,2026-08-02T04:09:09.383790+00:00
AUS,Australia,2023,Demographics,Population,26659922,people,World Bank Open Data,https://data.worldbank.org/indicator/SP.POP.TOTL,2026-08-02T04:09:08.531329+00:00
AUS,Australia,2023,Economics,GDP (current US$),1734451264655.6,current US$,World Bank Open Data,https://data.worldbank.org/indicator/NY.GDP.MKTP.CD,2026-08-02T04:09:09.383790+00:00
AUS,Australia,2024,Demographics,Population,27194286,people,World Bank Open Data,https://data.worldbank.org/indicator/SP.POP.TOTL,2026-08-02T04:09:08.531329+00:00
AUS,Australia,2024,Economics,GDP (current US$),1757022451652.83,current US$,World Bank Open Data,https://data.worldbank.org/indicator/NY.GDP.MKTP.CD,2026-08-02T04:09:09.383790+00:00
AUS,Australia,2025,Demographics,Population,27614411,people,World Bank Open Data,https://data.worldbank.org/indicator/SP.POP.TOTL,2026-08-02T04:09:08.531329+00:00
AUS,Australia,2025,Economics,GDP (current US$),1798518933689.21,current US$,World Bank Open Data,https://data.worldbank.org/indicator/NY.GDP.MKTP.CD,2026-08-02T04:09:09.383790+00:00
AUT,Austria,2016,Demographics,Population,8736668,people,World Bank Open Data,https://data.worldbank.org/indicator/SP.POP.TOTL,2026-08-02T04:09:08.531329+00:00
AUT,Austria,2016,Economics,GDP (current US$),393687359770.273,current US$,World Bank Open Data,https://data.worldbank.org/indicator/NY.GDP.MKTP.CD,2026-08-02T04:09:09.383790+00:00
AUT,Austria,2017,Demographics,Population,8797566,people,World Bank Open Data,https://data.worldbank.org/indicator/SP.POP.TOTL,2026-08-02T04:09:08.531329+00:00
AUT,Austria,2017,Economics,GDP (current US$),414926138132.691,current US$,World Bank Open Data,https://data.worldbank.org/indicator/NY.GDP.MKTP.CD,2026-08-02T04:09:09.383790+00:00
AUT,Austria,2018,Demographics,Population,8840521,people,World Bank Open Data,https://data.worldbank.org/indicator/SP.POP.TOTL,2026-08-02T04:09:08.531329+00:00
AUT,Austria,2018,Economics,GDP (current US$),452582294972.775,current US$,World Bank Open Data,https://data.worldbank.org/indicator/NY.GDP.MKTP.CD,2026-08-02T04:09:09.383790+00:00
AUT,Austria,2019,Demographics,Population,8879920,people,World Bank Open Data,https://data.worldbank.org/indicator/SP.POP.TOTL,2026-08-02T04:09:08.531329+00:00
AUT,Austria,2019,Economics,GDP (current US$),442983642371.842,current US$,World Bank Open Data,https://data.worldbank.org/indicator/NY.GDP.MKTP.CD,2026-08-02T04:09:09.383790+00:00
AUT,Austria,2020,Demographics,Population,8916864,people,World Bank Open Data,https://data.worldbank.org/indicator/SP.POP.TOTL,2026-08-02T04:09:08.531329+00:00
AUT,Austria,2020,Economics,GDP (current US$),434397601557.696,current US$,World Bank Open Data,https://data.worldbank.org/indicator/NY.GDP.MKTP.CD,2026-08-02T04:09:09.383790+00:00
AUT,Austria,2021,Demographics,Population,8955797,people,World Bank Open Data,https://data.worldbank.org/indicator/SP.POP.TOTL,2026-08-02T04:09:08.531329+00:00
AUT,Austria,2021,Economics,GDP (current US$),480466363176.806,current US$,World Bank Open Data,https://data.worldbank.org/indicator/NY.GDP.MKTP.CD,2026-08-02T04:09:09.383790+00:00
AUT,Austria,2022,Demographics,Population,9041851,people,World Bank Open Data,https://data.worldbank.org/indicator/SP.POP.TOTL,2026-08-02T04:09:08.531329+00:00
AUT,Austria,2022,Economics,GDP (current US$),473221298968.216,current US$,World Bank Open Data,https://data.worldbank.org/indicator/NY.GDP.MKTP.CD,2026-08-02T04:09:09.383790+00:00
AUT,Austria,2023,Demographics,Population,9131761,people,World Bank Open Data,https://data.worldbank.org/indicator/SP.POP.TOTL,2026-08-02T04:09:08.531329+00:00
AUT,Austria,2023,Economics,GDP (current US$),516670509628.876,current US$,World Bank Open Data,https://data.worldbank.org/indicator/NY.GDP.MKTP.CD,2026-08-02T04:09:09.383790+00:00
AUT,Austria,2024,Demographics,Population,9177982,people,World Bank Open Data,https://data.worldbank.org/indicator/SP.POP.TOTL,2026-08-02T04:09:08.531329+00:00
AUT,Austria,2024,Economics,GDP (current US$),534790720466.822,current US$,World Bank Open Data,https://data.worldbank.org/indicator/NY.GDP.MKTP.CD,2026-08-02T04:09:09.383790+00:00
AUT,Austria,2025,Demographics,Population,9208163,people,World Bank Open Data,https://data.worldbank.org/indicator/SP.POP.TOTL,2026-08-02T04:09:08.531329+00:00
AUT,Austria,2025,Economics,GDP (current US$),579470021095.418,current US$,World Bank Open Data,https://data.worldbank.org/indicator/NY.GDP.MKTP.CD,2026-08-02T04:09:09.383790+00:00
AZE,Azerbaijan,2016,Demographics,Population,9757812,people,World Bank Open Data,https://data.worldbank.org/indicator/SP.POP.TOTL,2026-08-02T04:09:08.531329+00:00
AZE,Azerbaijan,2016,Economics,GDP (current US$),37866996882.9157,current US$,World Bank Open Data,https://data.worldbank.org/indicator/NY.GDP.MKTP.CD,2026-08-02T04:09:09.383790+00:00
AZE,Azerbaijan,2017,Demographics,Population,9854033,people,World Bank Open Data,https://data.worldbank.org/indicator/SP.POP.TOTL,2026-08-02T04:09:08.531329+00:00
AZE,Azerbaijan,2017,Economics,GDP (current US$),40866627351.9817,current US$,World Bank Open Data,https://data.worldbank.org/indicator/NY.GDP.MKTP.CD,2026-08-02T04:09:09.383790+00:00
AZE,Azerbaijan,2018,Demographics,Population,9939771,people,World Bank Open Data,https://data.worldbank.org/indicator/SP.POP.TOTL,2026-08-02T04:09:08.531329+00:00
AZE,Azerbaijan,2018,Economics,GDP (current US$),47112470051.7701,current US$,World Bank Open Data,https://data.worldbank.org/indicator/NY.GDP.MKTP.CD,2026-08-02T04:09:09.383790+00:00
AZE,Azerbaijan,2019,Demographics,Population,10024283,people,World Bank Open Data,https://data.worldbank.org/indicator/SP.POP.TOTL,2026-08-02T04:09:08.531329+00:00
AZE,Azerbaijan,2019,Economics,GDP (current US$),48174235294.1176,current US$,World Bank Open Data,https://data.worldbank.org/indicator/NY.GDP.MKTP.CD,2026-08-02T04:09:09.383790+00:00
AZE,Azerbaijan,2020,Demographics,Population,10093121,people,World Bank Open Data,https://data.worldbank.org/indicator/SP.POP.TOTL,2026-08-02T04:09:08.531329+00:00
AZE,Azerbaijan,2020,Economics,GDP (current US$),42693000000.0,current US$,World Bank Open Data,https://data.worldbank.org/indicator/NY.GDP.MKTP.CD,2026-08-02T04:09:09.383790+00:00
AZE,Azerbaijan,2021,Demographics,Population,10137750,people,World Bank Open Data,https://data.worldbank.org/indicator/SP.POP.TOTL,2026-08-02T04:09:08.531329+00:00
AZE,Azerbaijan,2021,Economics,GDP (current US$),54825411764.7059,current US$,World Bank Open Data,https://data.worldbank.org/indicator/NY.GDP.MKTP.CD,2026-08-02T04:09:09.383790+00:00
AZE,Azerbaijan,2022,Demographics,Population,10141756,people,World Bank Open Data,https://data.worldbank.org/indicator/SP.POP.TOTL,2026-08-02T04:09:08.531329+00:00
AZE,Azerbaijan,2022,Economics,GDP (current US$),78807470588.2353,current US$,World Bank Open Data,https://data.worldbank.org/indicator/NY.GDP.MKTP.CD,2026-08-02T04:09:09.383790+00:00
AZE,Azerbaijan,2023,Demographics,Population,10153958,people,World Bank Open Data,https://data.worldbank.org/indicator/SP.POP.TOTL,2026-08-02T04:09:08.531329+00:00
AZE,Azerbaijan,2023,Economics,GDP (current US$),72428470588.2353,current US$,World Bank Open Data,https://data.worldbank.org/indicator/NY.GDP.MKTP.CD,2026-08-02T04:09:09.383790+00:00
AZE,Azerbaijan,2024,Demographics,Population,10202830,people,World Bank Open Data,https://data.worldbank.org/indicator/SP.POP.TOTL,2026-08-02T04:09:08.531329+00:00
AZE,Azerbaijan,2024,Economics,GDP (current US$),74426000000.0,current US$,World Bank Open Data,https://data.worldbank.org/indicator/NY.GDP.MKTP.CD,2026-08-02T04:09:09.383790+00:00
AZE,Azerbaijan,2025,Demographics,Population,10246996,people,World Bank Open Data,https://data.worldbank.org/indicator/SP.POP.TOTL,2026-08-02T04:09:08.531329+00:00
AZE,Azerbaijan,2025,Economics,GDP (current US$),75937647058.8235,current US$,World Bank Open Data,https://data.worldbank.org/indicator/NY.GDP.MKTP.CD,2026-08-02T04:09:09.383790+00:00
BDI,Burundi,2016,Demographics,Population,11239451,people,World Bank Open Data,https://data.worldbank.org/indicator/SP.POP.TOTL,2026-08-02T04:09:08.531329+00:00
BDI,Burundi,2016,Economics,GDP (current US$),2618093125.14687,current US$,World Bank Open Data,https://data.worldbank.org/indicator/NY.GDP.MKTP.CD,2026-08-02T04:09:09.383790+00:00
BDI,Burundi,2017,Demographics,Population,11506762,people,World Bank Open Data,https://data.worldbank.org/indicator/SP.POP.TOTL,2026-08-02T04:09:08.531329+00:00
BDI,Burundi,2017,Economics,GDP (current US$),2831362208.34039,current US$,World Bank Open Data,https://data.worldbank.org/indicator/NY.GDP.MKTP.CD,2026-08-02T04:09:09.383790+00:00
BDI,Burundi,2018,Demographics,Population,11859446,people,World Bank Open Data,https://data.worldbank.org/indicator/SP.POP.TOTL,2026-08-02T04:09:08.531329+00:00
BDI,Burundi,2018,Economics,GDP (current US$),2913411408.44783,current US$,World Bank Open Data,https://data.worldbank.org/indicator/NY.GDP.MKTP.CD,2026-08-02T04:09:09.383790+00:00
BDI,Burundi,2019,Demographics,Population,12255336,people,World Bank Open Data,https://data.worldbank.org/indicator/SP.POP.TOTL,2026-08-02T04:09:08.531329+00:00
BDI,Burundi,2019,Economics,GDP (current US$),2871555326.31029,current US$,World Bank Open Data,https://data.worldbank.org/indicator/NY.GDP.MKTP.CD,2026-08-02T04:09:09.383790+00:00
BDI,Burundi,2020,Demographics,Population,12617036,people,World Bank Open Data,https://data.worldbank.org/indicator/SP.POP.TOTL,2026-08-02T04:09:08.531329+00:00
BDI,Burundi,2020,Economics,GDP (current US$),3188355943.63513,current US$,World Bank Open Data,https://data.worldbank.org/indicator/NY.GDP.MKTP.CD,2026-08-02T04:09:09.383790+00:00
BDI,Burundi,2021,Demographics,Population,12965481,people,World Bank Open Data,https://data.worldbank.org/indicator/SP.POP.TOTL,2026-08-02T04:09:08.531329+00:00
BDI,Burundi,2021,Economics,GDP (current US$),3425127990.70519,current US$,World Bank Open Data,https://data.worldbank.org/indicator/NY.GDP.MKTP.CD,2026-08-02T04:09:09.383790+00:00
BDI,Burundi,2022,Demographics,Population,13321097,people,World Bank Open Data,https://data.worldbank.org/indicator/SP.POP.TOTL,2026-08-02T04:09:08.531329+00:00
BDI,Burundi,2022,Economics,GDP (current US$),4020736756.64256,current US$,World Bank Open Data,https://data.worldbank.org/indicator/NY.GDP.MKTP.CD,2026-08-02T04:09:09.383790+00:00
BDI,Burundi,2023,Demographics,Population,13689450,people,World Bank Open Data,https://data.worldbank.org/indicator/SP.POP.TOTL,2026-08-02T04:09:08.531329+00:00
BDI,Burundi,2023,Economics,GDP (current US$),3419558408.35408,current US$,World Bank Open Data,https://data.worldbank.org/indicator/NY.GDP.MKTP.CD,2026-08-02T04:09:09.383790+00:00
BDI,Burundi,2024,Demographics,Population,14047786,people,World Bank Open Data,https://data.worldbank.org/indicator/SP.POP.TOTL,2026-08-02T04:09:08.531329+00:00
BDI,Burundi,2024,Economics,GDP (current US$),3037579858.38142,current US$,World Bank Open Data,https://data.worldbank.org/indicator/NY.GDP.MKTP.CD,2026-08-02T04:09:09.383790+00:00
BDI,Burundi,2025,Demographics,Population,14390003,people,World Bank Open Data,https://data.worldbank.org/indicator/SP.POP.TOTL,2026-08-02T04:09:08.531329+00:00
BDI,Burundi,2025,Economics,GDP (current US$),3364713864.08488,current US$,World Bank Open Data,https://data.worldbank.org/indicator/NY.GDP.MKTP.CD,2026-08-02T04:09:09.383790+00:00
BEL,Belgium,2016,Demographics,Population,11331422,people,World Bank Open Data,https://data.worldbank.org/indicator/SP.POP.TOTL,2026-08-02T04:09:08.531329+00:00
BEL,Belgium,2016,Economics,GDP (current US$),474271566739.729,current US$,World Bank Open Data,https://data.worldbank.org/indicator/NY.GDP.MKTP.CD,2026-08-02T04:09:09.383790+00:00
BEL,Belgium,2017,Demographics,Population,11375158,people,World Bank Open Data,https://data.worldbank.org/indicator/SP.POP.TOTL,2026-08-02T04:09:08.531329+00:00
BEL,Belgium,2017,Economics,GDP (current US$),500908767351.53,current US$,World Bank Open Data,https://data.worldbank.org/indicator/NY.GDP.MKTP.CD,2026-08-02T04:09:09.383790+00:00
BEL,Belgium,2018,Demographics,Population,11427054,people,World Bank Open Data,https://data.worldbank.org/indicator/SP.POP.TOTL,2026-08-02T04:09:08.531329+00:00
BEL,Belgium,2018,Economics,GDP (current US$),542638913427.921,current US$,World Bank Open Data,https://data.worldbank.org/indicator/NY.GDP.MKTP.CD,2026-08-02T04:09:09.383790+00:00
BEL,Belgium,2019,Demographics,Population,11488980,people,World Bank Open Data,https://data.worldbank.org/indicator/SP.POP.TOTL,2026-08-02T04:09:08.531329+00:00
BEL,Belgium,2019,Economics,GDP (current US$),536726344405.489,current US$,World Bank Open Data,https://data.worldbank.org/indicator/NY.GDP.MKTP.CD,2026-08-02T04:09:09.383790+00:00
BEL,Belgium,2020,Demographics,Population,11538604,people,World Bank Open Data,https://data.worldbank.org/indicator/SP.POP.TOTL,2026-08-02T04:09:08.531329+00:00
BEL,Belgium,2020,Economics,GDP (current US$),529694473501.791,current US$,World Bank Open Data,https://data.worldbank.org/indicator/NY.GDP.MKTP.CD,2026-08-02T04:09:09.383790+00:00
BEL,Belgium,2021,Demographics,Population,11586195,people,World Bank Open Data,https://data.worldbank.org/indicator/SP.POP.TOTL,2026-08-02T04:09:08.531329+00:00
BEL,Belgium,2021,Economics,GDP (current US$),598522422241.851,current US$,World Bank Open Data,https://data.worldbank.org/indicator/NY.GDP.MKTP.CD,2026-08-02T04:09:09.383790+00:00
BEL,Belgium,2022,Demographics,Population,11680210,people,World Bank Open Data,https://data.worldbank.org/indicator/SP.POP.TOTL,2026-08-02T04:09:08.531329+00:00
BEL,Belgium,2022,Economics,GDP (current US$),591474463578.602,current US$,World Bank Open Data,https://data.worldbank.org/indicator/NY.GDP.MKTP.CD,2026-08-02T04:09:09.383790+00:00
BEL,Belgium,2023,Demographics,Population,11779946,people,World Bank Open Data,https://data.worldbank.org/indicator/SP.POP.TOTL,2026-08-02T04:09:08.531329+00:00
BEL,Belgium,2023,Economics,GDP (current US$),650779364363.737,current US$,World Bank Open Data,https://data.worldbank.org/indicator/NY.GDP.MKTP.CD,2026-08-02T04:09:09.383790+00:00
BEL,Belgium,2024,Demographics,Population,11858610,people,World Bank Open Data,https://data.worldbank.org/indicator/SP.POP.TOTL,2026-08-02T04:09:08.531329+00:00
BEL,Belgium,2024,Economics,GDP (current US$),670983130618.828,current US$,World Bank Open Data,https://data.worldbank.org/indicator/NY.GDP.MKTP.CD,2026-08-02T04:09:09.383790+00:00
BEL,Belgium,2025,Demographics,Population,11941781,people,World Bank Open Data,https://data.worldbank.org/indicator/SP.POP.TOTL,2026-08-02T04:09:08.531329+00:00
BEL,Belgium,2025,Economics,GDP (current US$),725466462859.646,current US$,World Bank Open Data,https://data.worldbank.org/indicator/NY.GDP.MKTP.CD,2026-08-02T04:09:09.383790+00:00
BEN,Benin,2016,Demographics,Population,11697842,people,World Bank Open Data,https://data.worldbank.org/indicator/SP.POP.TOTL,2026-08-02T04:09:08.531329+00:00
BEN,Benin,2016,Economics,GDP (current US$),11821065853.3838,current US$,World Bank Open Data,https://data.worldbank.org/indicator/NY.GDP.MKTP.CD,2026-08-02T04:09:09.383790+00:00
BEN,Benin,2017,Demographics,Population,12039780,people,World Bank Open Data,https://data.worldbank.org/indicator/SP.POP.TOTL,2026-08-02T04:09:08.531329+00:00
BEN,Benin,2017,Economics,GDP (current US$),12701655836.9467,current US$,World Bank Open Data,https://data.worldbank.org/indicator/NY.GDP.MKTP.CD,2026-08-02T04:09:09.383790+00:00
BEN,Benin,2018,Demographics,Population,12383347,people,World Bank Open Data,https://data.worldbank.org/indicator/SP.POP.TOTL,2026-08-02T04:09:08.531329+00:00
BEN,Benin,2018,Economics,GDP (current US$),14262408089.9261,current US$,World Bank Open Data,https://data.worldbank.org/indicator/NY.GDP.MKTP.CD,2026-08-02T04:09:09.383790+00:00
BEN,Benin,2019,Demographics,Population,12726755,people,World Bank Open Data,https://data.worldbank.org/indicator/SP.POP.TOTL,2026-08-02T04:09:08.531329+00:00
BEN,Benin,2019,Economics,GDP (current US$),14391686313.4641,current US$,World Bank Open Data,https://data.worldbank.org/indicator/NY.GDP.MKTP.CD,2026-08-02T04:09:09.383790+00:00
BEN,Benin,2020,Demographics,Population,13070169,people,World Bank Open Data,https://data.worldbank.org/indicator/SP.POP.TOTL,2026-08-02T04:09:08.531329+00:00
BEN,Benin,2020,Economics,GDP (current US$),15686741883.934,current US$,World Bank Open Data,https://data.worldbank.org/indicator/NY.GDP.MKTP.CD,2026-08-02T04:09:09.383790+00:00
BEN,Benin,2021,Demographics,Population,13413417,people,World Bank Open Data,https://data.worldbank.org/indicator/SP.POP.TOTL,2026-08-02T04:09:08.531329+00:00
BEN,Benin,2021,Economics,GDP (current US$),17687623530.3355,current US$,World Bank Open Data,https://data.worldbank.org/indicator/NY.GDP.MKTP.CD,2026-08-02T04:09:09.383790+00:00
BEN,Benin,2022,Demographics,Population,13759501,people,World Bank Open Data,https://data.worldbank.org/indicator/SP.POP.TOTL,2026-08-02T04:09:08.531329+00:00
BEN,Benin,2022,Economics,GDP (current US$),17425405090.862,current US$,World Bank Open Data,https://data.worldbank.org/indicator/NY.GDP.MKTP.CD,2026-08-02T04:09:09.383790+00:00
BEN,Benin,2023,Demographics,Population,14111034,people,World Bank Open Data,https://data.worldbank.org/indicator/SP.POP.TOTL,2026-08-02T04:09:08.531329+00:00
BEN,Benin,2023,Economics,GDP (current US$),19673291004.1444,current US$,World Bank Open Data,https://data.worldbank.org/indicator/NY.GDP.MKTP.CD,2026-08-02T04:09:09.383790+00:00
BEN,Benin,2024,Demographics,Population,14462724,people,World Bank Open Data,https://data.worldbank.org/indicator/SP.POP.TOTL,2026-08-02T04:09:08.531329+00:00
BEN,Benin,2024,Economics,GDP (current US$),21482643706.4249,current US$,World Bank Open Data,https://data.worldbank.org/indicator/NY.GDP.MKTP.CD,2026-08-02T04:09:09.383790+00:00
BEN,Benin,2025,Demographics,Population,14814460,people,World Bank Open Data,https://data.worldbank.org/indicator/SP.POP.TOTL,2026-08-02T04:09:08.531329+00:00
BEN,Benin,2025,Economics,GDP (current US$),24566420903.5337,current US$,World Bank Open Data,https://data.worldbank.org/indicator/NY.GDP.MKTP.CD,2026-08-02T04:09:09.383790+00:00
BFA,Burkina Faso,2016,Demographics,Population,19334856,people,World Bank Open Data,https://data.worldbank.org/indicator/SP.POP.TOTL,2026-08-02T04:09:08.531329+00:00
BFA,Burkina Faso,2016,Economics,GDP (current US$),12833363045.3367,current US$,World Bank Open Data,https://data.worldbank.org/indicator/NY.GDP.MKTP.CD,2026-08-02T04:09:09.383790+00:00
BFA,Burkina Faso,2017,Demographics,Population,19894407,people,World Bank Open Data,https://data.worldbank.org/indicator/SP.POP.TOTL,2026-08-02T04:09:08.531329+00:00
BFA,Burkina Faso,2017,Economics,GDP (current US$),14106955615.3442,current US$,World Bank Open Data,https://data.worldbank.org/indicator/NY.GDP.MKTP.CD,2026-08-02T04:09:09.383790+00:00
BFA,Burkina Faso,2018,Demographics,Population,20438288,people,World Bank Open Data,https://data.worldbank.org/indicator/SP.POP.TOTL,2026-08-02T04:09:08.531329+00:00
BFA,Burkina Faso,2018,Economics,GDP (current US$),15890066221.2882,current US$,World Bank Open Data,https://data.worldbank.org/indicator/NY.GDP.MKTP.CD,2026-08-02T04:09:09.383790+00:00
BFA,Burkina Faso,2019,Demographics,Population,20961952,people,World Bank Open Data,https://data.worldbank.org/indicator/SP.POP.TOTL,2026-08-02T04:09:08.531329+00:00
BFA,Burkina Faso,2019,Economics,GDP (current US$),16032813503.3707,current US$,World Bank Open Data,https://data.worldbank.org/indicator/NY.GDP.MKTP.CD,2026-08-02T04:09:09.383790+00:00
BFA,Burkina Faso,2020,Demographics,Population,21478690,people,World Bank Open Data,https://data.worldbank.org/indicator/SP.POP.TOTL,2026-08-02T04:09:08.531329+00:00
BFA,Burkina Faso,2020,Economics,GDP (current US$),17725010532.5268,current US$,World Bank Open Data,https://data.worldbank.org/indicator/NY.GDP.MKTP.CD,2026-08-02T04:09:09.383790+00:00
BFA,Burkina Faso,2021,Demographics,Population,21995243,people,World Bank Open Data,https://data.worldbank.org/indicator/SP.POP.TOTL,2026-08-02T04:09:08.531329+00:00
BFA,Burkina Faso,2021,Economics,GDP (current US$),19697516284.3787,current US$,World Bank Open Data,https://data.worldbank.org/indicator/NY.GDP.MKTP.CD,2026-08-02T04:09:09.383790+00:00
BFA,Burkina Faso,2022,Demographics,Population,22509038,people,World Bank Open Data,https://data.worldbank.org/indicator/SP.POP.TOTL,2026-08-02T04:09:08.531329+00:00
BFA,Burkina Faso,2022,Economics,GDP (current US$),18622421394.6133,current US$,World Bank Open Data,https://data.worldbank.org/indicator/NY.GDP.MKTP.CD,2026-08-02T04:09:09.383790+00:00
BFA,Burkina Faso,2023,Demographics,Population,23025776,people,World Bank Open Data,https://data.worldbank.org/indicator/SP.POP.TOTL,2026-08-02T04:09:08.531329+00:00
BFA,Burkina Faso,2023,Economics,GDP (current US$),20106062971.6533,current US$,World Bank Open Data,https://data.worldbank.org/indicator/NY.GDP.MKTP.CD,2026-08-02T04:09:09.383790+00:00
BFA,Burkina Faso,2024,Demographics,Population,23548781,people,World Bank Open Data,https://data.worldbank.org/indicator/SP.POP.TOTL,2026-08-02T04:09:08.531329+00:00
BFA,Burkina Faso,2024,Economics,GDP (current US$),23136514855.7646,current US$,World Bank Open Data,https://data.worldbank.org/indicator/NY.GDP.MKTP.CD,2026-08-02T04:09:09.383790+00:00
BFA,Burkina Faso,2025,Demographics,Population,24074580,people,World Bank Open Data,https://data.worldbank.org/indicator/SP.POP.TOTL,2026-08-02T04:09:08.531329+00:00
BFA,Burkina Faso,2025,Economics,GDP (current US$),27627297461.3181,current US$,World Bank Open Data,https://data.worldbank.org/indicator/NY.GDP.MKTP.CD,2026-08-02T04:09:09.383790+00:00
BGD,Bangladesh,2016,Demographics,Population,160811932,people,World Bank Open Data,https://data.worldbank.org/indicator/SP.POP.TOTL,2026-08-02T04:09:08.531329+00:00
BGD,Bangladesh,2016,Economics,GDP (current US$),265224515675.034,current US$,World Bank Open Data,https://data.worldbank.org/indicator/NY.GDP.MKTP.CD,2026-08-02T04:09:09.383790+00:00
BGD,Bangladesh,2017,Demographics,Population,162186147,people,World Bank Open Data,https://data.worldbank.org/indicator/SP.POP.TOTL,2026-08-02T04:09:08.531329+00:00
BGD,Bangladesh,2017,Economics,GDP (current US$),293732446624.596,current US$,World Bank Open Data,https://data.worldbank.org/indicator/NY.GDP.MKTP.CD,2026-08-02T04:09:09.383790+00:00
BGD,Bangladesh,2018,Demographics,Population,163523103,people,World Bank Open Data,https://data.worldbank.org/indicator/SP.POP.TOTL,2026-08-02T04:09:08.531329+00:00
BGD,Bangladesh,2018,Economics,GDP (current US$),321362752441.78,current US$,World Bank Open Data,https://data.worldbank.org/indicator/NY.GDP.MKTP.CD,2026-08-02T04:09:09.383790+00:00
BGD,Bangladesh,2019,Demographics,Population,164913055,people,World Bank Open Data,https://data.worldbank.org/indicator/SP.POP.TOTL,2026-08-02T04:09:08.531329+00:00
BGD,Bangladesh,2019,Economics,GDP (current US$),351231654603.692,current US$,World Bank Open Data,https://data.worldbank.org/indicator/NY.GDP.MKTP.CD,2026-08-02T04:09:09.383790+00:00
BGD,Bangladesh,2020,Demographics,Population,166298024,people,World Bank Open Data,https://data.worldbank.org/indicator/SP.POP.TOTL,2026-08-02T04:09:08.531329+00:00
BGD,Bangladesh,2020,Economics,GDP (current US$),373979442362.193,current US$,World Bank Open Data,https://data.worldbank.org/indicator/NY.GDP.MKTP.CD,2026-08-02T04:09:09.383790+00:00
BGD,Bangladesh,2021,Demographics,Population,167658854,people,World Bank Open Data,https://data.worldbank.org/indicator/SP.POP.TOTL,2026-08-02T04:09:08.531329+00:00
BGD,Bangladesh,2021,Economics,GDP (current US$),416271647911.014,current US$,World Bank Open Data,https://data.worldbank.org/indicator/NY.GDP.MKTP.CD,2026-08-02T04:09:09.383790+00:00
BGD,Bangladesh,2022,Demographics,Population,169384897,people,World Bank Open Data,https://data.worldbank.org/indicator/SP.POP.TOTL,2026-08-02T04:09:08.531329+00:00
BGD,Bangladesh,2022,Economics,GDP (current US$),460131689083.083,current US$,World Bank Open Data,https://data.worldbank.org/indicator/NY.GDP.MKTP.CD,2026-08-02T04:09:09.383790+00:00
BGD,Bangladesh,2023,Demographics,Population,171466990,people,World Bank Open Data,https://data.worldbank.org/indicator/SP.POP.TOTL,2026-08-02T04:09:08.531329+00:00
BGD,Bangladesh,2023,Economics,GDP (current US$),437415333018.291,current US$,World Bank Open Data,https://data.worldbank.org/indicator/NY.GDP.MKTP.CD,2026-08-02T04:09:09.383790+00:00
BGD,Bangladesh,2024,Demographics,Population,173562364,people,World Bank Open Data,https://data.worldbank.org/indicator/SP.POP.TOTL,2026-08-02T04:09:08.531329+00:00
BGD,Bangladesh,2024,Economics,GDP (current US$),450119432068.852,current US$,World Bank Open Data,https://data.worldbank.org/indicator/NY.GDP.MKTP.CD,2026-08-02T04:09:09.383790+00:00
BGD,Bangladesh,2025,Demographics,Population,175686899,people,World Bank Open Data,https://data.worldbank.org/indicator/SP.POP.TOTL,2026-08-02T04:09:08.531329+00:00
BGD,Bangladesh,2025,Economics,GDP (current US$),456319229255.578,current US$,World Bank Open Data,https://data.worldbank.org/indicator/NY.GDP.MKTP.CD,2026-08-02T04:09:09.383790+00:00
BGR,Bulgaria,2016,Demographics,Population,6894139,people,World Bank Open Data,https://data.worldbank.org/indicator/SP.POP.TOTL,2026-08-02T04:09:08.531329+00:00
BGR,Bulgaria,2016,Economics,GDP (current US$),53932152153.5457,current US$,World Bank Open Data,https://data.worldbank.org/indicator/NY.GDP.MKTP.CD,2026-08-02T04:09:09.383790+00:00
BGR,Bulgaria,2017,Demographics,Population,6803468,people,World Bank Open Data,https://data.worldbank.org/indicator/SP.POP.TOTL,2026-08-02T04:09:08.531329+00:00
BGR,Bulgaria,2017,Economics,GDP (current US$),59170671046.4798,current US$,World Bank Open Data,https://data.worldbank.org/indicator/NY.GDP.MKTP.CD,2026-08-02T04:09:09.383790+00:00
BGR,Bulgaria,2018,Demographics,Population,6710798,people,World Bank Open Data,https://data.worldbank.org/indicator/SP.POP.TOTL,2026-08-02T04:09:08.531329+00:00
BGR,Bulgaria,2018,Economics,GDP (current US$),66100606676.6544,current US$,World Bank Open Data,https://data.worldbank.org/indicator/NY.GDP.MKTP.CD,2026-08-02T04:09:09.383790+00:00
BGR,Bulgaria,2019,Demographics,Population,6616726,people,World Bank Open Data,https://data.worldbank.org/indicator/SP.POP.TOTL,2026-08-02T04:09:08.531329+00:00
BGR,Bulgaria,2019,Economics,GDP (current US$),68511235459.4907,current US$,World Bank Open Data,https://data.worldbank.org/indicator/NY.GDP.MKTP.CD,2026-08-02T04:09:09.383790+00:00
BGR,Bulgaria,2020,Demographics,Population,6550696,people,World Bank Open Data,https://data.worldbank.org/indicator/SP.POP.TOTL,2026-08-02T04:09:08.531329+00:00
BGR,Bulgaria,2020,Economics,GDP (current US$),70490478088.1395,current US$,World Bank Open Data,https://data.worldbank.org/indicator/NY.GDP.MKTP.CD,2026-08-02T04:09:09.383790+00:00
BGR,Bulgaria,2021,Demographics,Population,6507301,people,World Bank Open Data,https://data.worldbank.org/indicator/SP.POP.TOTL,2026-08-02T04:09:08.531329+00:00
BGR,Bulgaria,2021,Economics,GDP (current US$),84378926047.3002,current US$,World Bank Open Data,https://data.worldbank.org/indicator/NY.GDP.MKTP.CD,2026-08-02T04:09:09.383790+00:00
BGR,Bulgaria,2022,Demographics,Population,6465097,people,World Bank Open Data,https://data.worldbank.org/indicator/SP.POP.TOTL,2026-08-02T04:09:08.531329+00:00
BGR,Bulgaria,2022,Economics,GDP (current US$),90510784777.6397,current US$,World Bank Open Data,https://data.worldbank.org/indicator/NY.GDP.MKTP.CD,2026-08-02T04:09:09.383790+00:00
BGR,Bulgaria,2023,Demographics,Population,6446596,people,World Bank Open Data,https://data.worldbank.org/indicator/SP.POP.TOTL,2026-08-02T04:09:08.531329+00:00
BGR,Bulgaria,2023,Economics,GDP (current US$),102204457334.822,current US$,World Bank Open Data,https://data.worldbank.org/indicator/NY.GDP.MKTP.CD,2026-08-02T04:09:09.383790+00:00
BGR,Bulgaria,2024,Demographics,Population,6441421,people,World Bank Open Data,https://data.worldbank.org/indicator/SP.POP.TOTL,2026-08-02T04:09:08.531329+00:00
BGR,Bulgaria,2024,Economics,GDP (current US$),113349149166.793,current US$,World Bank Open Data,https://data.worldbank.org/indicator/NY.GDP.MKTP.CD,2026-08-02T04:09:09.383790+00:00
BGR,Bulgaria,2025,Demographics,Population,6433302,people,World Bank Open Data,https://data.worldbank.org/indicator/SP.POP.TOTL,2026-08-02T04:09:08.531329+00:00
BGR,Bulgaria,2025,Economics,GDP (current US$),130777235529.606,current US$,World Bank Open Data,https://data.worldbank.org/indicator/NY.GDP.MKTP.CD,2026-08-02T04:09:09.383790+00:00
BHR,Bahrain,2016,Demographics,Population,1423726,people,World Bank Open Data,https://data.worldbank.org/indicator/SP.POP.TOTL,2026-08-02T04:09:08.531329+00:00
BHR,Bahrain,2016,Economics,GDP (current US$),33884680851.0638,current US$,World Bank Open Data,https://data.worldbank.org/indicator/NY.GDP.MKTP.CD,2026-08-02T04:09:09.383790+00:00
BHR,Bahrain,2017,Demographics,Population,1501116,people,World Bank Open Data,https://data.worldbank.org/indicator/SP.POP.TOTL,2026-08-02T04:09:08.531329+00:00
BHR,Bahrain,2017,Economics,GDP (current US$),37204813829.7872,current US$,World Bank Open Data,https://data.worldbank.org/indicator/NY.GDP.MKTP.CD,2026-08-02T04:09:09.383790+00:00
BHR,Bahrain,2018,Demographics,Population,1503091,people,World Bank Open Data,https://data.worldbank.org/indicator/SP.POP.TOTL,2026-08-02T04:09:08.531329+00:00
BHR,Bahrain,2018,Economics,GDP (current US$),39567978723.4043,current US$,World Bank Open Data,https://data.worldbank.org/indicator/NY.GDP.MKTP.CD,2026-08-02T04:09:09.383790+00:00
BHR,Bahrain,2019,Demographics,Population,1483756,people,World Bank Open Data,https://data.worldbank.org/indicator/SP.POP.TOTL,2026-08-02T04:09:08.531329+00:00
BHR,Bahrain,2019,Economics,GDP (current US$),40446808510.6383,current US$,World Bank Open Data,https://data.worldbank.org/indicator/NY.GDP.MKTP.CD,2026-08-02T04:09:09.383790+00:00
BHR,Bahrain,2020,Demographics,Population,1472204,people,World Bank Open Data,https://data.worldbank.org/indicator/SP.POP.TOTL,2026-08-02T04:09:08.531329+00:00
BHR,Bahrain,2020,Economics,GDP (current US$),35837632978.7234,current US$,World Bank Open Data,https://data.worldbank.org/indicator/NY.GDP.MKTP.CD,2026-08-02T04:09:09.383790+00:00
BHR,Bahrain,2021,Demographics,Population,1504365,people,World Bank Open Data,https://data.worldbank.org/indicator/SP.POP.TOTL,2026-08-02T04:09:08.531329+00:00
BHR,Bahrain,2021,Economics,GDP (current US$),40840212765.9574,current US$,World Bank Open Data,https://data.worldbank.org/indicator/NY.GDP.MKTP.CD,2026-08-02T04:09:09.383790+00:00
BHR,Bahrain,2022,Demographics,Population,1524693,people,World Bank Open Data,https://data.worldbank.org/indicator/SP.POP.TOTL,2026-08-02T04:09:08.531329+00:00
BHR,Bahrain,2022,Economics,GDP (current US$),46458191489.3617,current US$,World Bank Open Data,https://data.worldbank.org/indicator/NY.GDP.MKTP.CD,2026-08-02T04:09:09.383790+00:00
BHR,Bahrain,2023,Demographics,Population,1577059,people,World Bank Open Data,https://data.worldbank.org/indicator/SP.POP.TOTL,2026-08-02T04:09:08.531329+00:00
BHR,Bahrain,2023,Economics,GDP (current US$),46192260638.2979,current US$,World Bank Open Data,https://data.worldbank.org/indicator/NY.GDP.MKTP.CD,2026-08-02T04:09:09.383790+00:00
BHR,Bahrain,2024,Demographics,Population,1588670,people,World Bank Open Data,https://data.worldbank.org/indicator/SP.POP.TOTL,2026-08-02T04:09:08.531329+00:00
BHR,Bahrain,2024,Economics,GDP (current US$),47210732712.766,current US$,World Bank Open Data,https://data.worldbank.org/indicator/NY.GDP.MKTP.CD,2026-08-02T04:09:09.383790+00:00
BHR,Bahrain,2025,Demographics,Population,1600366,people,World Bank Open Data,https://data.worldbank.org/indicator/SP.POP.TOTL,2026-08-02T04:09:08.531329+00:00
BHR,Bahrain,2025,Economics,GDP (current US$),48965725531.9149,current US$,World Bank Open Data,https://data.worldbank.org/indicator/NY.GDP.MKTP.CD,2026-08-02T04:09:09.383790+00:00
BHS,"Bahamas, The",2016,Demographics,Population,388055,people,World Bank Open Data,https://data.worldbank.org/indicator/SP.POP.TOTL,2026-08-02T04:09:08.531329+00:00
BHS,"Bahamas, The",2016,Economics,GDP (current US$),11880900000.0,current US$,World Bank Open Data,https://data.worldbank.org/indicator/NY.GDP.MKTP.CD,2026-08-02T04:09:09.383790+00:00
BHS,"Bahamas, The",2017,Demographics,Population,390485,people,World Bank Open Data,https://data.worldbank.org/indicator/SP.POP.TOTL,2026-08-02T04:09:08.531329+00:00
BHS,"Bahamas, The",2017,Economics,GDP (current US$),12446900000.0,current US$,World Bank Open Data,https://data.worldbank.org/indicator/NY.GDP.MKTP.CD,2026-08-02T04:09:09.383790+00:00
BHS,"Bahamas, The",2018,Demographics,Population,392717,people,World Bank Open Data,https://data.worldbank.org/indicator/SP.POP.TOTL,2026-08-02T04:09:08.531329+00:00
BHS,"Bahamas, The",2018,Economics,GDP (current US$),12819200000.0,current US$,World Bank Open Data,https://data.worldbank.org/indicator/NY.GDP.MKTP.CD,2026-08-02T04:09:09.383790+00:00
BHS,"Bahamas, The",2019,Demographics,Population,394675,people,World Bank Open Data,https://data.worldbank.org/indicator/SP.POP.TOTL,2026-08-02T04:09:08.531329+00:00
BHS,"Bahamas, The",2019,Economics,GDP (current US$),13277000000.0,current US$,World Bank Open Data,https://data.worldbank.org/indicator/NY.GDP.MKTP.CD,2026-08-02T04:09:09.383790+00:00
BHS,"Bahamas, The",2020,Demographics,Population,395863,people,World Bank Open Data,https://data.worldbank.org/indicator/SP.POP.TOTL,2026-08-02T04:09:08.531329+00:00
BHS,"Bahamas, The",2020,Economics,GDP (current US$),10363200000.0,current US$,World Bank Open Data,https://data.worldbank.org/indicator/NY.GDP.MKTP.CD,2026-08-02T04:09:09.383790+00:00
BHS,"Bahamas, The",2021,Demographics,Population,396373,people,World Bank Open Data,https://data.worldbank.org/indicator/SP.POP.TOTL,2026-08-02T04:09:08.531329+00:00
BHS,"Bahamas, The",2021,Economics,GDP (current US$),12037000000.0,current US$,World Bank Open Data,https://data.worldbank.org/indicator/NY.GDP.MKTP.CD,2026-08-02T04:09:09.383790+00:00
BHS,"Bahamas, The",2022,Demographics,Population,397538,people,World Bank Open Data,https://data.worldbank.org/indicator/SP.POP.TOTL,2026-08-02T04:09:08.531329+00:00
BHS,"Bahamas, The",2022,Economics,GDP (current US$),13896800000.0,current US$,World Bank Open Data,https://data.worldbank.org/indicator/NY.GDP.MKTP.CD,2026-08-02T04:09:09.383790+00:00
BHS,"Bahamas, The",2023,Demographics,Population,399440,people,World Bank Open Data,https://data.worldbank.org/indicator/SP.POP.TOTL,2026-08-02T04:09:08.531329+00:00
BHS,"Bahamas, The",2023,Economics,GDP (current US$),15271300000.0,current US$,World Bank Open Data,https://data.worldbank.org/indicator/NY.GDP.MKTP.CD,2026-08-02T04:09:09.383790+00:00
BHS,"Bahamas, The",2024,Demographics,Population,401283,people,World Bank Open Data,https://data.worldbank.org/indicator/SP.POP.TOTL,2026-08-02T04:09:08.531329+00:00
BHS,"Bahamas, The",2024,Economics,GDP (current US$),15832800000.0,current US$,World Bank Open Data,https://data.worldbank.org/indicator/NY.GDP.MKTP.CD,2026-08-02T04:09:09.383790+00:00
BHS,"Bahamas, The",2025,Demographics,Population,403033,people,World Bank Open Data,https://data.worldbank.org/indicator/SP.POP.TOTL,2026-08-02T04:09:08.531329+00:00
BIH,Bosnia and Herzegovina,2016,Demographics,Population,3473003,people,World Bank Open Data,https://data.worldbank.org/indicator/SP.POP.TOTL,2026-08-02T04:09:08.531329+00:00
BIH,Bosnia and Herzegovina,2016,Economics,GDP (current US$),17116926553.8513,current US$,World Bank Open Data,https://data.worldbank.org/indicator/NY.GDP.MKTP.CD,2026-08-02T04:09:09.383790+00:00
BIH,Bosnia and Herzegovina,2017,Demographics,Population,3428682,people,World Bank Open Data,https://data.worldbank.org/indicator/SP.POP.TOTL,2026-08-02T04:09:08.531329+00:00
BIH,Bosnia and Herzegovina,2017,Economics,GDP (current US$),18326373135.6099,current US$,World Bank Open Data,https://data.worldbank.org/indicator/NY.GDP.MKTP.CD,2026-08-02T04:09:09.383790+00:00
BIH,Bosnia and Herzegovina,2018,Demographics,Population,3387000,people,World Bank Open Data,https://data.worldbank.org/indicator/SP.POP.TOTL,2026-08-02T04:09:08.531329+00:00
BIH,Bosnia and Herzegovina,2018,Economics,GDP (current US$),20484058033.1144,current US$,World Bank Open Data,https://data.worldbank.org/indicator/NY.GDP.MKTP.CD,2026-08-02T04:09:09.383790+00:00
BIH,Bosnia and Herzegovina,2019,Demographics,Population,3345533,people,World Bank Open Data,https://data.worldbank.org/indicator/SP.POP.TOTL,2026-08-02T04:09:08.531329+00:00
BIH,Bosnia and Herzegovina,2019,Economics,GDP (current US$),20482608984.3316,current US$,World Bank Open Data,https://data.worldbank.org/indicator/NY.GDP.MKTP.CD,2026-08-02T04:09:09.383790+00:00
BIH,Bosnia and Herzegovina,2020,Demographics,Population,3299349,people,World Bank Open Data,https://data.worldbank.org/indicator/SP.POP.TOTL,2026-08-02T04:09:08.531329+00:00
BIH,Bosnia and Herzegovina,2020,Economics,GDP (current US$),20226038369.9191,current US$,World Bank Open Data,https://data.worldbank.org/indicator/NY.GDP.MKTP.CD,2026-08-02T04:09:09.383790+00:00
BIH,Bosnia and Herzegovina,2021,Demographics,Population,3244907,people,World Bank Open Data,https://data.worldbank.org/indicator/SP.POP.TOTL,2026-08-02T04:09:08.531329+00:00
BIH,Bosnia and Herzegovina,2021,Economics,GDP (current US$),23672712121.2671,current US$,World Bank Open Data,https://data.worldbank.org/indicator/NY.GDP.MKTP.CD,2026-08-02T04:09:09.383790+00:00
BIH,Bosnia and Herzegovina,2022,Demographics,Population,3204802,people,World Bank Open Data,https://data.worldbank.org/indicator/SP.POP.TOTL,2026-08-02T04:09:08.531329+00:00
BIH,Bosnia and Herzegovina,2022,Economics,GDP (current US$),24534663636.1778,current US$,World Bank Open Data,https://data.worldbank.org/indicator/NY.GDP.MKTP.CD,2026-08-02T04:09:09.383790+00:00
BIH,Bosnia and Herzegovina,2023,Demographics,Population,3185073,people,World Bank Open Data,https://data.worldbank.org/indicator/SP.POP.TOTL,2026-08-02T04:09:08.531329+00:00
BIH,Bosnia and Herzegovina,2023,Economics,GDP (current US$),27592361498.4057,current US$,World Bank Open Data,https://data.worldbank.org/indicator/NY.GDP.MKTP.CD,2026-08-02T04:09:09.383790+00:00
BIH,Bosnia and Herzegovina,2024,Demographics,Population,3164253,people,World Bank Open Data,https://data.worldbank.org/indicator/SP.POP.TOTL,2026-08-02T04:09:08.531329+00:00
BIH,Bosnia and Herzegovina,2024,Economics,GDP (current US$),29737363103.0492,current US$,World Bank Open Data,https://data.worldbank.org/indicator/NY.GDP.MKTP.CD,2026-08-02T04:09:09.383790+00:00
BIH,Bosnia and Herzegovina,2025,Demographics,Population,3140095,people,World Bank Open Data,https://data.worldbank.org/indicator/SP.POP.TOTL,2026-08-02T04:09:08.531329+00:00
BIH,Bosnia and Herzegovina,2025,Economics,GDP (current US$),32599982936.3931,current US$,World Bank Open Data,https://data.worldbank.org/indicator/NY.GDP.MKTP.CD,2026-08-02T04:09:09.383790+00:00
BLR,Belarus,2016,Demographics,Population,9469379,people,World Bank Open Data,https://data.worldbank.org/indicator/SP.POP.TOTL,2026-08-02T04:09:08.531329+00:00
BLR,Belarus,2016,Economics,GDP (current US$),47723545321.259,current US$,World Bank Open Data,https://data.worldbank.org/indicator/NY.GDP.MKTP.CD,2026-08-02T04:09:09.383790+00:00
BLR,Belarus,2017,Demographics,Population,9458989,people,World Bank Open Data,https://data.worldbank.org/indicator/SP.POP.TOTL,2026-08-02T04:09:08.531329+00:00
BLR,Belarus,2017,Economics,GDP (current US$),54725405751.1559,current US$,World Bank Open Data,https://data.worldbank.org/indicator/NY.GDP.MKTP.CD,2026-08-02T04:09:09.383790+00:00
BLR,Belarus,2018,Demographics,Population,9438785,people,World Bank Open Data,https://data.worldbank.org/indicator/SP.POP.TOTL,2026-08-02T04:09:08.531329+00:00
BLR,Belarus,2018,Economics,GDP (current US$),60031026576.26,current US$,World Bank Open Data,https://data.worldbank.org/indicator/NY.GDP.MKTP.CD,2026-08-02T04:09:09.383790+00:00
BLR,Belarus,2019,Demographics,Population,9419758,people,World Bank Open Data,https://data.worldbank.org/indicator/SP.POP.TOTL,2026-08-02T04:09:08.531329+00:00
BLR,Belarus,2019,Economics,GDP (current US$),64410170653.4569,current US$,World Bank Open Data,https://data.worldbank.org/indicator/NY.GDP.MKTP.CD,2026-08-02T04:09:09.383790+00:00
BLR,Belarus,2020,Demographics,Population,9379952,people,World Bank Open Data,https://data.worldbank.org/indicator/SP.POP.TOTL,2026-08-02T04:09:08.531329+00:00
BLR,Belarus,2020,Economics,GDP (current US$),61371673344.7424,current US$,World Bank Open Data,https://data.worldbank.org/indicator/NY.GDP.MKTP.CD,2026-08-02T04:09:09.383790+00:00
BLR,Belarus,2021,Demographics,Population,9302585,people,World Bank Open Data,https://data.worldbank.org/indicator/SP.POP.TOTL,2026-08-02T04:09:08.531329+00:00
BLR,Belarus,2021,Economics,GDP (current US$),69673747131.87,current US$,World Bank Open Data,https://data.worldbank.org/indicator/NY.GDP.MKTP.CD,2026-08-02T04:09:09.383790+00:00
BLR,Belarus,2022,Demographics,Population,9228071,people,World Bank Open Data,https://data.worldbank.org/indicator/SP.POP.TOTL,2026-08-02T04:09:08.531329+00:00
BLR,Belarus,2022,Economics,GDP (current US$),73775179924.603,current US$,World Bank Open Data,https://data.worldbank.org/indicator/NY.GDP.MKTP.CD,2026-08-02T04:09:09.383790+00:00
BLR,Belarus,2023,Demographics,Population,9178298,people,World Bank Open Data,https://data.worldbank.org/indicator/SP.POP.TOTL,2026-08-02T04:09:08.531329+00:00
BLR,Belarus,2023,Economics,GDP (current US$),72478760370.4258,current US$,World Bank Open Data,https://data.worldbank.org/indicator/NY.GDP.MKTP.CD,2026-08-02T04:09:09.383790+00:00
BLR,Belarus,2024,Demographics,Population,9132629,people,World Bank Open Data,https://data.worldbank.org/indicator/SP.POP.TOTL,2026-08-02T04:09:08.531329+00:00
BLR,Belarus,2024,Economics,GDP (current US$),78591839299.7087,current US$,World Bank Open Data,https://data.worldbank.org/indicator/NY.GDP.MKTP.CD,2026-08-02T04:09:09.383790+00:00
BLR,Belarus,2025,Demographics,Population,9085991,people,World Bank Open Data,https://data.worldbank.org/indicator/SP.POP.TOTL,2026-08-02T04:09:08.531329+00:00
BLR,Belarus,2025,Economics,GDP (current US$),93397215864.198,current US$,World Bank Open Data,https://data.worldbank.org/indicator/NY.GDP.MKTP.CD,2026-08-02T04:09:09.383790+00:00
BLZ,Belize,2016,Demographics,Population,364705,people,World Bank Open Data,https://data.worldbank.org/indicator/SP.POP.TOTL,2026-08-02T04:09:08.531329+00:00
BLZ,Belize,2016,Economics,GDP (current US$),2239604950.0,current US$,World Bank Open Data,https://data.worldbank.org/indicator/NY.GDP.MKTP.CD,2026-08-02T04:09:09.383790+00:00
BLZ,Belize,2017,Demographics,Population,373202,people,World Bank Open Data,https://data.worldbank.org/indicator/SP.POP.TOTL,2026-08-02T04:09:08.531329+00:00
BLZ,Belize,2017,Economics,GDP (current US$),2266028250.0,current US$,World Bank Open Data,https://data.worldbank.org/indicator/NY.GDP.MKTP.CD,2026-08-02T04:09:09.383790+00:00
BLZ,Belize,2018,Demographics,Population,380226,people,World Bank Open Data,https://data.worldbank.org/indicator/SP.POP.TOTL,2026-08-02T04:09:08.531329+00:00
BLZ,Belize,2018,Economics,GDP (current US$),2285915050.0,current US$,World Bank Open Data,https://data.worldbank.org/indicator/NY.GDP.MKTP.CD,2026-08-02T04:09:09.383790+00:00
BLZ,Belize,2019,Demographics,Population,385829,people,World Bank Open Data,https://data.worldbank.org/indicator/SP.POP.TOTL,2026-08-02T04:09:08.531329+00:00
BLZ,Belize,2019,Economics,GDP (current US$),2381187850.0,current US$,World Bank Open Data,https://data.worldbank.org/indicator/NY.GDP.MKTP.CD,2026-08-02T04:09:09.383790+00:00
BLZ,Belize,2020,Demographics,Population,390812,people,World Bank Open Data,https://data.worldbank.org/indicator/SP.POP.TOTL,2026-08-02T04:09:08.531329+00:00
BLZ,Belize,2020,Economics,GDP (current US$),2047284600.0,current US$,World Bank Open Data,https://data.worldbank.org/indicator/NY.GDP.MKTP.CD,2026-08-02T04:09:09.383790+00:00
BLZ,Belize,2021,Demographics,Population,395346,people,World Bank Open Data,https://data.worldbank.org/indicator/SP.POP.TOTL,2026-08-02T04:09:08.531329+00:00
BLZ,Belize,2021,Economics,GDP (current US$),2428606250.0,current US$,World Bank Open Data,https://data.worldbank.org/indicator/NY.GDP.MKTP.CD,2026-08-02T04:09:09.383790+00:00
BLZ,Belize,2022,Demographics,Population,402733,people,World Bank Open Data,https://data.worldbank.org/indicator/SP.POP.TOTL,2026-08-02T04:09:08.531329+00:00
BLZ,Belize,2022,Economics,GDP (current US$),2846604350.0,current US$,World Bank Open Data,https://data.worldbank.org/indicator/NY.GDP.MKTP.CD,2026-08-02T04:09:09.383790+00:00
BLZ,Belize,2023,Demographics,Population,411106,people,World Bank Open Data,https://data.worldbank.org/indicator/SP.POP.TOTL,2026-08-02T04:09:08.531329+00:00
BLZ,Belize,2023,Economics,GDP (current US$),3052362650.0,current US$,World Bank Open Data,https://data.worldbank.org/indicator/NY.GDP.MKTP.CD,2026-08-02T04:09:09.383790+00:00
BLZ,Belize,2024,Demographics,Population,417072,people,World Bank Open Data,https://data.worldbank.org/indicator/SP.POP.TOTL,2026-08-02T04:09:08.531329+00:00
BLZ,Belize,2024,Economics,GDP (current US$),3203631800.0,current US$,World Bank Open Data,https://data.worldbank.org/indicator/NY.GDP.MKTP.CD,2026-08-02T04:09:09.383790+00:00
BLZ,Belize,2025,Demographics,Population,422924,people,World Bank Open Data,https://data.worldbank.org/indicator/SP.POP.TOTL,2026-08-02T04:09:08.531329+00:00
BLZ,Belize,2025,Economics,GDP (current US$),3326500000.0,current US$,World Bank Open Data,https://data.worldbank.org/indicator/NY.GDP.MKTP.CD,2026-08-02T04:09:09.383790+00:00
BMU,Bermuda,2016,Demographics,Population,63449,people,World Bank Open Data,https://data.worldbank.org/indicator/SP.POP.TOTL,2026-08-02T04:09:08.531329+00:00
BMU,Bermuda,2016,Economics,GDP (current US$),6899911000.0,current US$,World Bank Open Data,https://data.worldbank.org/indicator/NY.GDP.MKTP.CD,2026-08-02T04:09:09.383790+00:00
BMU,Bermuda,2017,Demographics,Population,63578,people,World Bank Open Data,https://data.worldbank.org/indicator/SP.POP.TOTL,2026-08-02T04:09:08.531329+00:00
BMU,Bermuda,2017,Economics,GDP (current US$),7142316000.0,current US$,World Bank Open Data,https://data.worldbank.org/indicator/NY.GDP.MKTP.CD,2026-08-02T04:09:09.383790+00:00
BMU,Bermuda,2018,Demographics,Population,63831,people,World Bank Open Data,https://data.worldbank.org/indicator/SP.POP.TOTL,2026-08-02T04:09:08.531329+00:00
BMU,Bermuda,2018,Economics,GDP (current US$),7225977000.0,current US$,World Bank Open Data,https://data.worldbank.org/indicator/NY.GDP.MKTP.CD,2026-08-02T04:09:09.383790+00:00
BMU,Bermuda,2019,Demographics,Population,64107,people,World Bank Open Data,https://data.worldbank.org/indicator/SP.POP.TOTL,2026-08-02T04:09:08.531329+00:00
BMU,Bermuda,2019,Economics,GDP (current US$),7423465000.0,current US$,World Bank Open Data,https://data.worldbank.org/indicator/NY.GDP.MKTP.CD,2026-08-02T04:09:09.383790+00:00
BMU,Bermuda,2020,Demographics,Population,64382,people,World Bank Open Data,https://data.worldbank.org/indicator/SP.POP.TOTL,2026-08-02T04:09:08.531329+00:00
BMU,Bermuda,2020,Economics,GDP (current US$),6887364000.0,current US$,World Bank Open Data,https://data.worldbank.org/indicator/NY.GDP.MKTP.CD,2026-08-02T04:09:09.383790+00:00
BMU,Bermuda,2021,Demographics,Population,64648,people,World Bank Open Data,https://data.worldbank.org/indicator/SP.POP.TOTL,2026-08-02T04:09:08.531329+00:00
BMU,Bermuda,2021,Economics,GDP (current US$),7290037000.0,current US$,World Bank Open Data,https://data.worldbank.org/indicator/NY.GDP.MKTP.CD,2026-08-02T04:09:09.383790+00:00
BMU,Bermuda,2022,Demographics,Population,64749,people,World Bank Open Data,https://data.worldbank.org/indicator/SP.POP.TOTL,2026-08-02T04:09:08.531329+00:00
BMU,Bermuda,2022,Economics,GDP (current US$),7767884000.0,current US$,World Bank Open Data,https://data.worldbank.org/indicator/NY.GDP.MKTP.CD,2026-08-02T04:09:09.383790+00:00
BMU,Bermuda,2023,Demographics,Population,64698,people,World Bank Open Data,https://data.worldbank.org/indicator/SP.POP.TOTL,2026-08-02T04:09:08.531329+00:00
BMU,Bermuda,2023,Economics,GDP (current US$),8602360000.0,current US$,World Bank Open Data,https://data.worldbank.org/indicator/NY.GDP.MKTP.CD,2026-08-02T04:09:09.383790+00:00
BMU,Bermuda,2024,Demographics,Population,64636,people,World Bank Open Data,https://data.worldbank.org/indicator/SP.POP.TOTL,2026-08-02T04:09:08.531329+00:00
BMU,Bermuda,2024,Economics,GDP (current US$),9194499000.0,current US$,World Bank Open Data,https://data.worldbank.org/indicator/NY.GDP.MKTP.CD,2026-08-02T04:09:09.383790+00:00
BMU,Bermuda,2025,Demographics,Population,64555,people,World Bank Open Data,https://data.worldbank.org/indicator/SP.POP.TOTL,2026-08-02T04:09:08.531329+00:00
BOL,Bolivia,2016,Demographics,Population,11180020,people,World Bank Open Data,https://data.worldbank.org/indicator/SP.POP.TOTL,2026-08-02T04:09:08.531329+00:00
BOL,Bolivia,2016,Economics,GDP (current US$),33941126193.9219,current US$,World Bank Open Data,https://data.worldbank.org/indicator/NY.GDP.MKTP.CD,2026-08-02T04:09:09.383790+00:00
BOL,Bolivia,2017,Demographics,Population,11344587,people,World Bank Open Data,https://data.worldbank.org/indicator/SP.POP.TOTL,2026-08-02T04:09:08.531329+00:00
BOL,Bolivia,2017,Economics,GDP (current US$),45927439594.7902,current US$,World Bank Open Data,https://data.worldbank.org/indicator/NY.GDP.MKTP.CD,2026-08-02T04:09:09.383790+00:00
BOL,Bolivia,2018,Demographics,Population,11508368,people,World Bank Open Data,https://data.worldbank.org/indicator/SP.POP.TOTL,2026-08-02T04:09:08.531329+00:00
BOL,Bolivia,2018,Economics,GDP (current US$),48414038842.2576,current US$,World Bank Open Data,https://data.worldbank.org/indicator/NY.GDP.MKTP.CD,2026-08-02T04:09:09.383790+00:00
BOL,Bolivia,2019,Demographics,Population,11671386,people,World Bank Open Data,https://data.worldbank.org/indicator/SP.POP.TOTL,2026-08-02T04:09:08.531329+00:00
BOL,Bolivia,2019,Economics,GDP (current US$),49056643589.0014,current US$,World Bank Open Data,https://data.worldbank.org/indicator/NY.GDP.MKTP.CD,2026-08-02T04:09:09.383790+00:00
BOL,Bolivia,2020,Demographics,Population,11816299,people,World Bank Open Data,https://data.worldbank.org/indicator/SP.POP.TOTL,2026-08-02T04:09:08.531329+00:00
BOL,Bolivia,2020,Economics,GDP (current US$),42313784081.042,current US$,World Bank Open Data,https://data.worldbank.org/indicator/NY.GDP.MKTP.CD,2026-08-02T04:09:09.383790+00:00
BOL,Bolivia,2021,Demographics,Population,11937360,people,World Bank Open Data,https://data.worldbank.org/indicator/SP.POP.TOTL,2026-08-02T04:09:08.531329+00:00
BOL,Bolivia,2021,Economics,GDP (current US$),47877892402.3155,current US$,World Bank Open Data,https://data.worldbank.org/indicator/NY.GDP.MKTP.CD,2026-08-02T04:09:09.383790+00:00
BOL,Bolivia,2022,Demographics,Population,12077154,people,World Bank Open Data,https://data.worldbank.org/indicator/SP.POP.TOTL,2026-08-02T04:09:08.531329+00:00
BOL,Bolivia,2022,Economics,GDP (current US$),50959081953.6903,current US$,World Bank Open Data,https://data.worldbank.org/indicator/NY.GDP.MKTP.CD,2026-08-02T04:09:09.383790+00:00
BOL,Bolivia,2023,Demographics,Population,12244159,people,World Bank Open Data,https://data.worldbank.org/indicator/SP.POP.TOTL,2026-08-02T04:09:08.531329+00:00
BOL,Bolivia,2023,Economics,GDP (current US$),52340206946.4544,current US$,World Bank Open Data,https://data.worldbank.org/indicator/NY.GDP.MKTP.CD,2026-08-02T04:09:09.383790+00:00
BOL,Bolivia,2024,Demographics,Population,12413315,people,World Bank Open Data,https://data.worldbank.org/indicator/SP.POP.TOTL,2026-08-02T04:09:08.531329+00:00
BOL,Bolivia,2024,Economics,GDP (current US$),54881327452.9667,current US$,World Bank Open Data,https://data.worldbank.org/indicator/NY.GDP.MKTP.CD,2026-08-02T04:09:09.383790+00:00
BOL,Bolivia,2025,Demographics,Population,12581843,people,World Bank Open Data,https://data.worldbank.org/indicator/SP.POP.TOTL,2026-08-02T04:09:08.531329+00:00
BOL,Bolivia,2025,Economics,GDP (current US$),64768947525.3256,current US$,World Bank Open Data,https://data.worldbank.org/indicator/NY.GDP.MKTP.CD,2026-08-02T04:09:09.383790+00:00
BRA,Brazil,2016,Demographics,Population,203218114,people,World Bank Open Data,https://data.worldbank.org/indicator/SP.POP.TOTL,2026-08-02T04:09:08.531329+00:00
BRA,Brazil,2016,Economics,GDP (current US$),1795693482853.01,current US$,World Bank Open Data,https://data.worldbank.org/indicator/NY.GDP.MKTP.CD,2026-08-02T04:09:09.383790+00:00
BRA,Brazil,2017,Demographics,Population,204703445,people,World Bank Open Data,https://data.worldbank.org/indicator/SP.POP.TOTL,2026-08-02T04:09:08.531329+00:00
BRA,Brazil,2017,Economics,GDP (current US$),2063514977365.65,current US$,World Bank Open Data,https://data.worldbank.org/indicator/NY.GDP.MKTP.CD,2026-08-02T04:09:09.383790+00:00
BRA,Brazil,2018,Demographics,Population,206107261,people,World Bank Open Data,https://data.worldbank.org/indicator/SP.POP.TOTL,2026-08-02T04:09:08.531329+00:00
BRA,Brazil,2018,Economics,GDP (current US$),1916933898010.99,current US$,World Bank Open Data,https://data.worldbank.org/indicator/NY.GDP.MKTP.CD,2026-08-02T04:09:09.383790+00:00
BRA,Brazil,2019,Demographics,Population,207455459,people,World Bank Open Data,https://data.worldbank.org/indicator/SP.POP.TOTL,2026-08-02T04:09:08.531329+00:00
BRA,Brazil,2019,Economics,GDP (current US$),1873288205059.69,current US$,World Bank Open Data,https://data.worldbank.org/indicator/NY.GDP.MKTP.CD,2026-08-02T04:09:09.383790+00:00
BRA,Brazil,2020,Demographics,Population,208660842,people,World Bank Open Data,https://data.worldbank.org/indicator/SP.POP.TOTL,2026-08-02T04:09:08.531329+00:00
BRA,Brazil,2020,Economics,GDP (current US$),1476107231310.49,current US$,World Bank Open Data,https://data.worldbank.org/indicator/NY.GDP.MKTP.CD,2026-08-02T04:09:09.383790+00:00
BRA,Brazil,2021,Demographics,Population,209550294,people,World Bank Open Data,https://data.worldbank.org/indicator/SP.POP.TOTL,2026-08-02T04:09:08.531329+00:00
BRA,Brazil,2021,Economics,GDP (current US$),1670647398904.9,current US$,World Bank Open Data,https://data.worldbank.org/indicator/NY.GDP.MKTP.CD,2026-08-02T04:09:09.383790+00:00
BRA,Brazil,2022,Demographics,Population,210306415,people,World Bank Open Data,https://data.worldbank.org/indicator/SP.POP.TOTL,2026-08-02T04:09:08.531329+00:00
BRA,Brazil,2022,Economics,GDP (current US$),1951923942083.32,current US$,World Bank Open Data,https://data.worldbank.org/indicator/NY.GDP.MKTP.CD,2026-08-02T04:09:09.383790+00:00
BRA,Brazil,2023,Demographics,Population,211140729,people,World Bank Open Data,https://data.worldbank.org/indicator/SP.POP.TOTL,2026-08-02T04:09:08.531329+00:00
BRA,Brazil,2023,Economics,GDP (current US$),2191131765684.63,current US$,World Bank Open Data,https://data.worldbank.org/indicator/NY.GDP.MKTP.CD,2026-08-02T04:09:09.383790+00:00
BRA,Brazil,2024,Demographics,Population,211998573,people,World Bank Open Data,https://data.worldbank.org/indicator/SP.POP.TOTL,2026-08-02T04:09:08.531329+00:00
BRA,Brazil,2024,Economics,GDP (current US$),2185821610689.31,current US$,World Bank Open Data,https://data.worldbank.org/indicator/NY.GDP.MKTP.CD,2026-08-02T04:09:09.383790+00:00
BRA,Brazil,2025,Demographics,Population,212812405,people,World Bank Open Data,https://data.worldbank.org/indicator/SP.POP.TOTL,2026-08-02T04:09:08.531329+00:00
BRA,Brazil,2025,Economics,GDP (current US$),2279920092492.13,current US$,World Bank Open Data,https://data.worldbank.org/indicator/NY.GDP.MKTP.CD,2026-08-02T04:09:09.383790+00:00
BRB,Barbados,2016,Demographics,Population,279598,people,World Bank Open Data,https://data.worldbank.org/indicator/SP.POP.TOTL,2026-08-02T04:09:08.531329+00:00
BRB,Barbados,2016,Economics,GDP (current US$),5679029450.0,current US$,World Bank Open Data,https://data.worldbank.org/indicator/NY.GDP.MKTP.CD,2026-08-02T04:09:09.383790+00:00
BRB,Barbados,2017,Demographics,Population,280171,people,World Bank Open Data,https://data.worldbank.org/indicator/SP.POP.TOTL,2026-08-02T04:09:08.531329+00:00
BRB,Barbados,2017,Economics,GDP (current US$),5847381600.0,current US$,World Bank Open Data,https://data.worldbank.org/indicator/NY.GDP.MKTP.CD,2026-08-02T04:09:09.383790+00:00
BRB,Barbados,2018,Demographics,Population,280711,people,World Bank Open Data,https://data.worldbank.org/indicator/SP.POP.TOTL,2026-08-02T04:09:08.531329+00:00
BRB,Barbados,2018,Economics,GDP (current US$),6001101550.0,current US$,World Bank Open Data,https://data.worldbank.org/indicator/NY.GDP.MKTP.CD,2026-08-02T04:09:09.383790+00:00
BRB,Barbados,2019,Demographics,Population,281207,people,World Bank Open Data,https://data.worldbank.org/indicator/SP.POP.TOTL,2026-08-02T04:09:08.531329+00:00
BRB,Barbados,2019,Economics,GDP (current US$),6166710800.0,current US$,World Bank Open Data,https://data.worldbank.org/indicator/NY.GDP.MKTP.CD,2026-08-02T04:09:09.383790+00:00
BRB,Barbados,2020,Demographics,Population,281698,people,World Bank Open Data,https://data.worldbank.org/indicator/SP.POP.TOTL,2026-08-02T04:09:08.531329+00:00
BRB,Barbados,2020,Economics,GDP (current US$),5403246950.0,current US$,World Bank Open Data,https://data.worldbank.org/indicator/NY.GDP.MKTP.CD,2026-08-02T04:09:09.383790+00:00
BRB,Barbados,2021,Demographics,Population,282147,people,World Bank Open Data,https://data.worldbank.org/indicator/SP.POP.TOTL,2026-08-02T04:09:08.531329+00:00
BRB,Barbados,2021,Economics,GDP (current US$),5948900600.0,current US$,World Bank Open Data,https://data.worldbank.org/indicator/NY.GDP.MKTP.CD,2026-08-02T04:09:09.383790+00:00
BRB,Barbados,2022,Demographics,Population,282318,people,World Bank Open Data,https://data.worldbank.org/indicator/SP.POP.TOTL,2026-08-02T04:09:08.531329+00:00
BRB,Barbados,2022,Economics,GDP (current US$),6886644900.0,current US$,World Bank Open Data,https://data.worldbank.org/indicator/NY.GDP.MKTP.CD,2026-08-02T04:09:09.383790+00:00
BRB,Barbados,2023,Demographics,Population,282336,people,World Bank Open Data,https://data.worldbank.org/indicator/SP.POP.TOTL,2026-08-02T04:09:08.531329+00:00
BRB,Barbados,2023,Economics,GDP (current US$),7223248150.0,current US$,World Bank Open Data,https://data.worldbank.org/indicator/NY.GDP.MKTP.CD,2026-08-02T04:09:09.383790+00:00
BRB,Barbados,2024,Demographics,Population,282467,people,World Bank Open Data,https://data.worldbank.org/indicator/SP.POP.TOTL,2026-08-02T04:09:08.531329+00:00
BRB,Barbados,2024,Economics,GDP (current US$),7597571450.0,current US$,World Bank Open Data,https://data.worldbank.org/indicator/NY.GDP.MKTP.CD,2026-08-02T04:09:09.383790+00:00
BRB,Barbados,2025,Demographics,Population,282623,people,World Bank Open Data,https://data.worldbank.org/indicator/SP.POP.TOTL,2026-08-02T04:09:08.531329+00:00
BRB,Barbados,2025,Economics,GDP (current US$),8016550000.0,current US$,World Bank Open Data,https://data.worldbank.org/indicator/NY.GDP.MKTP.CD,2026-08-02T04:09:09.383790+00:00
BRN,Brunei Darussalam,2016,Demographics,Population,427564,people,World Bank Open Data,https://data.worldbank.org/indicator/SP.POP.TOTL,2026-08-02T04:09:08.531329+00:00
BRN,Brunei Darussalam,2016,Economics,GDP (current US$),11400266044.6651,current US$,World Bank Open Data,https://data.worldbank.org/indicator/NY.GDP.MKTP.CD,2026-08-02T04:09:09.383790+00:00
BRN,Brunei Darussalam,2017,Demographics,Population,432772,people,World Bank Open Data,https://data.worldbank.org/indicator/SP.POP.TOTL,2026-08-02T04:09:08.531329+00:00
BRN,Brunei Darussalam,2017,Economics,GDP (current US$),12128168045.1245,current US$,World Bank Open Data,https://data.worldbank.org/indicator/NY.GDP.MKTP.CD,2026-08-02T04:09:09.383790+00:00
BRN,Brunei Darussalam,2018,Demographics,Population,437810,people,World Bank Open Data,https://data.worldbank.org/indicator/SP.POP.TOTL,2026-08-02T04:09:08.531329+00:00
BRN,Brunei Darussalam,2018,Economics,GDP (current US$),13566908391.0895,current US$,World Bank Open Data,https://data.worldbank.org/indicator/NY.GDP.MKTP.CD,2026-08-02T04:09:09.383790+00:00
BRN,Brunei Darussalam,2019,Demographics,Population,442680,people,World Bank Open Data,https://data.worldbank.org/indicator/SP.POP.TOTL,2026-08-02T04:09:08.531329+00:00
BRN,Brunei Darussalam,2019,Economics,GDP (current US$),13469235364.7032,current US$,World Bank Open Data,https://data.worldbank.org/indicator/NY.GDP.MKTP.CD,2026-08-02T04:09:09.383790+00:00
BRN,Brunei Darussalam,2020,Demographics,Population,447404,people,World Bank Open Data,https://data.worldbank.org/indicator/SP.POP.TOTL,2026-08-02T04:09:08.531329+00:00
BRN,Brunei Darussalam,2020,Economics,GDP (current US$),12005799653.9835,current US$,World Bank Open Data,https://data.worldbank.org/indicator/NY.GDP.MKTP.CD,2026-08-02T04:09:09.383790+00:00
BRN,Brunei Darussalam,2021,Demographics,Population,451721,people,World Bank Open Data,https://data.worldbank.org/indicator/SP.POP.TOTL,2026-08-02T04:09:08.531329+00:00
BRN,Brunei Darussalam,2021,Economics,GDP (current US$),14006496617.4458,current US$,World Bank Open Data,https://data.worldbank.org/indicator/NY.GDP.MKTP.CD,2026-08-02T04:09:09.383790+00:00
BRN,Brunei Darussalam,2022,Demographics,Population,455370,people,World Bank Open Data,https://data.worldbank.org/indicator/SP.POP.TOTL,2026-08-02T04:09:08.531329+00:00
BRN,Brunei Darussalam,2022,Economics,GDP (current US$),16681536466.7183,current US$,World Bank Open Data,https://data.worldbank.org/indicator/NY.GDP.MKTP.CD,2026-08-02T04:09:09.383790+00:00
BRN,Brunei Darussalam,2023,Demographics,Population,458949,people,World Bank Open Data,https://data.worldbank.org/indicator/SP.POP.TOTL,2026-08-02T04:09:08.531329+00:00
BRN,Brunei Darussalam,2023,Economics,GDP (current US$),15095084656.1634,current US$,World Bank Open Data,https://data.worldbank.org/indicator/NY.GDP.MKTP.CD,2026-08-02T04:09:09.383790+00:00
BRN,Brunei Darussalam,2024,Demographics,Population,462721,people,World Bank Open Data,https://data.worldbank.org/indicator/SP.POP.TOTL,2026-08-02T04:09:08.531329+00:00
BRN,Brunei Darussalam,2024,Economics,GDP (current US$),15340808592.48,current US$,World Bank Open Data,https://data.worldbank.org/indicator/NY.GDP.MKTP.CD,2026-08-02T04:09:09.383790+00:00
BRN,Brunei Darussalam,2025,Demographics,Population,466330,people,World Bank Open Data,https://data.worldbank.org/indicator/SP.POP.TOTL,2026-08-02T04:09:08.531329+00:00
BRN,Brunei Darussalam,2025,Economics,GDP (current US$),15031980994.1121,current US$,World Bank Open Data,https://data.worldbank.org/indicator/NY.GDP.MKTP.CD,2026-08-02T04:09:09.383790+00:00
BTN,Bhutan,2016,Demographics,Population,747866,people,World Bank Open Data,https://data.worldbank.org/indicator/SP.POP.TOTL,2026-08-02T04:09:08.531329+00:00
BTN,Bhutan,2016,Economics,GDP (current US$),2357504760.78592,current US$,World Bank Open Data,https://data.worldbank.org/indicator/NY.GDP.MKTP.CD,2026-08-02T04:09:09.383790+00:00
BTN,Bhutan,2017,Demographics,Population,754335,people,World Bank Open Data,https://data.worldbank.org/indicator/SP.POP.TOTL,2026-08-02T04:09:08.531329+00:00
BTN,Bhutan,2017,Economics,GDP (current US$),2591358009.20276,current US$,World Bank Open Data,https://data.worldbank.org/indicator/NY.GDP.MKTP.CD,2026-08-02T04:09:09.383790+00:00
BTN,Bhutan,2018,Demographics,Population,759759,people,World Bank Open Data,https://data.worldbank.org/indicator/SP.POP.TOTL,2026-08-02T04:09:08.531329+00:00
BTN,Bhutan,2018,Economics,GDP (current US$),2583335721.85904,current US$,World Bank Open Data,https://data.worldbank.org/indicator/NY.GDP.MKTP.CD,2026-08-02T04:09:09.383790+00:00
BTN,Bhutan,2019,Demographics,Population,764824,people,World Bank Open Data,https://data.worldbank.org/indicator/SP.POP.TOTL,2026-08-02T04:09:08.531329+00:00
BTN,Bhutan,2019,Economics,GDP (current US$),2735683570.46155,current US$,World Bank Open Data,https://data.worldbank.org/indicator/NY.GDP.MKTP.CD,2026-08-02T04:09:09.383790+00:00
BTN,Bhutan,2020,Demographics,Population,770006,people,World Bank Open Data,https://data.worldbank.org/indicator/SP.POP.TOTL,2026-08-02T04:09:08.531329+00:00
BTN,Bhutan,2020,Economics,GDP (current US$),2457604333.90927,current US$,World Bank Open Data,https://data.worldbank.org/indicator/NY.GDP.MKTP.CD,2026-08-02T04:09:09.383790+00:00
BTN,Bhutan,2021,Demographics,Population,775442,people,World Bank Open Data,https://data.worldbank.org/indicator/SP.POP.TOTL,2026-08-02T04:09:08.531329+00:00
BTN,Bhutan,2021,Economics,GDP (current US$),2768802960.11204,current US$,World Bank Open Data,https://data.worldbank.org/indicator/NY.GDP.MKTP.CD,2026-08-02T04:09:09.383790+00:00
BTN,Bhutan,2022,Demographics,Population,780914,people,World Bank Open Data,https://data.worldbank.org/indicator/SP.POP.TOTL,2026-08-02T04:09:08.531329+00:00
BTN,Bhutan,2022,Economics,GDP (current US$),2898227743.75576,current US$,World Bank Open Data,https://data.worldbank.org/indicator/NY.GDP.MKTP.CD,2026-08-02T04:09:09.383790+00:00
BTN,Bhutan,2023,Demographics,Population,786385,people,World Bank Open Data,https://data.worldbank.org/indicator/SP.POP.TOTL,2026-08-02T04:09:08.531329+00:00
BTN,Bhutan,2023,Economics,GDP (current US$),3012896789.79753,current US$,World Bank Open Data,https://data.worldbank.org/indicator/NY.GDP.MKTP.CD,2026-08-02T04:09:09.383790+00:00
BTN,Bhutan,2024,Demographics,Population,791524,people,World Bank Open Data,https://data.worldbank.org/indicator/SP.POP.TOTL,2026-08-02T04:09:08.531329+00:00
BTN,Bhutan,2024,Economics,GDP (current US$),3346603858.7495,current US$,World Bank Open Data,https://data.worldbank.org/indicator/NY.GDP.MKTP.CD,2026-08-02T04:09:09.383790+00:00
BTN,Bhutan,2025,Demographics,Population,796682,people,World Bank Open Data,https://data.worldbank.org/indicator/SP.POP.TOTL,2026-08-02T04:09:08.531329+00:00
BTN,Bhutan,2025,Economics,GDP (current US$),3579320145.13077,current US$,World Bank Open Data,https://data.worldbank.org/indicator/NY.GDP.MKTP.CD,2026-08-02T04:09:09.383790+00:00
BWA,Botswana,2016,Demographics,Population,2234776,people,World Bank Open Data,https://data.worldbank.org/indicator/SP.POP.TOTL,2026-08-02T04:09:08.531329+00:00
BWA,Botswana,2016,Economics,GDP (current US$),15082637184.0496,current US$,World Bank Open Data,https://data.worldbank.org/indicator/NY.GDP.MKTP.CD,2026-08-02T04:09:09.383790+00:00
BWA,Botswana,2017,Demographics,Population,2266747,people,World Bank Open Data,https://data.worldbank.org/indicator/SP.POP.TOTL,2026-08-02T04:09:08.531329+00:00
BWA,Botswana,2017,Economics,GDP (current US$),16105155856.7708,current US$,World Bank Open Data,https://data.worldbank.org/indicator/NY.GDP.MKTP.CD,2026-08-02T04:09:09.383790+00:00
BWA,Botswana,2018,Demographics,Population,2299141,people,World Bank Open Data,https://data.worldbank.org/indicator/SP.POP.TOTL,2026-08-02T04:09:08.531329+00:00
BWA,Botswana,2018,Economics,GDP (current US$),17031943186.1353,current US$,World Bank Open Data,https://data.worldbank.org/indicator/NY.GDP.MKTP.CD,2026-08-02T04:09:09.383790+00:00
BWA,Botswana,2019,Demographics,Population,2332083,people,World Bank Open Data,https://data.worldbank.org/indicator/SP.POP.TOTL,2026-08-02T04:09:08.531329+00:00
BWA,Botswana,2019,Economics,GDP (current US$),16725908148.5481,current US$,World Bank Open Data,https://data.worldbank.org/indicator/NY.GDP.MKTP.CD,2026-08-02T04:09:09.383790+00:00
BWA,Botswana,2020,Demographics,Population,2365894,people,World Bank Open Data,https://data.worldbank.org/indicator/SP.POP.TOTL,2026-08-02T04:09:08.531329+00:00
BWA,Botswana,2020,Economics,GDP (current US$),14960251607.8135,current US$,World Bank Open Data,https://data.worldbank.org/indicator/NY.GDP.MKTP.CD,2026-08-02T04:09:09.383790+00:00
BWA,Botswana,2021,Demographics,Population,2401441,people,World Bank Open Data,https://data.worldbank.org/indicator/SP.POP.TOTL,2026-08-02T04:09:08.531329+00:00
BWA,Botswana,2021,Economics,GDP (current US$),18750182236.2211,current US$,World Bank Open Data,https://data.worldbank.org/indicator/NY.GDP.MKTP.CD,2026-08-02T04:09:09.383790+00:00
BWA,Botswana,2022,Demographics,Population,2439892,people,World Bank Open Data,https://data.worldbank.org/indicator/SP.POP.TOTL,2026-08-02T04:09:08.531329+00:00
BWA,Botswana,2022,Economics,GDP (current US$),20321150599.1523,current US$,World Bank Open Data,https://data.worldbank.org/indicator/NY.GDP.MKTP.CD,2026-08-02T04:09:09.383790+00:00
BWA,Botswana,2023,Demographics,Population,2480244,people,World Bank Open Data,https://data.worldbank.org/indicator/SP.POP.TOTL,2026-08-02T04:09:08.531329+00:00
BWA,Botswana,2023,Economics,GDP (current US$),19413614554.6944,current US$,World Bank Open Data,https://data.worldbank.org/indicator/NY.GDP.MKTP.CD,2026-08-02T04:09:09.383790+00:00
BWA,Botswana,2024,Demographics,Population,2521139,people,World Bank Open Data,https://data.worldbank.org/indicator/SP.POP.TOTL,2026-08-02T04:09:08.531329+00:00
BWA,Botswana,2024,Economics,GDP (current US$),19286251067.5078,current US$,World Bank Open Data,https://data.worldbank.org/indicator/NY.GDP.MKTP.CD,2026-08-02T04:09:09.383790+00:00
BWA,Botswana,2025,Demographics,Population,2562122,people,World Bank Open Data,https://data.worldbank.org/indicator/SP.POP.TOTL,2026-08-02T04:09:08.531329+00:00
BWA,Botswana,2025,Economics,GDP (current US$),19928479839.4476,current US$,World Bank Open Data,https://data.worldbank.org/indicator/NY.GDP.MKTP.CD,2026-08-02T04:09:09.383790+00:00
CAF,Central African Republic,2016,Demographics,Population,4713663,people,World Bank Open Data,https://data.worldbank.org/indicator/SP.POP.TOTL,2026-08-02T04:09:08.531329+00:00
CAF,Central African Republic,2016,Economics,GDP (current US$),1825018144.65595,current US$,World Bank Open Data,https://data.worldbank.org/indicator/NY.GDP.MKTP.CD,2026-08-02T04:09:09.383790+00:00
CAF,Central African Republic,2017,Demographics,Population,4793511,people,World Bank Open Data,https://data.worldbank.org/indicator/SP.POP.TOTL,2026-08-02T04:09:08.531329+00:00
CAF,Central African Republic,2017,Economics,GDP (current US$),2072349972.6818,current US$,World Bank Open Data,https://data.worldbank.org/indicator/NY.GDP.MKTP.CD,2026-08-02T04:09:09.383790+00:00
CAF,Central African Republic,2018,Demographics,Population,4878657,people,World Bank Open Data,https://data.worldbank.org/indicator/SP.POP.TOTL,2026-08-02T04:09:08.531329+00:00
CAF,Central African Republic,2018,Economics,GDP (current US$),2220979146.11241,current US$,World Bank Open Data,https://data.worldbank.org/indicator/NY.GDP.MKTP.CD,2026-08-02T04:09:09.383790+00:00
CAF,Central African Republic,2019,Demographics,Population,4944703,people,World Bank Open Data,https://data.worldbank.org/indicator/SP.POP.TOTL,2026-08-02T04:09:08.531329+00:00
CAF,Central African Republic,2019,Economics,GDP (current US$),2221301351.43918,current US$,World Bank Open Data,https://data.worldbank.org/indicator/NY.GDP.MKTP.CD,2026-08-02T04:09:09.383790+00:00
CAF,Central African Republic,2020,Demographics,Population,5026628,people,World Bank Open Data,https://data.worldbank.org/indicator/SP.POP.TOTL,2026-08-02T04:09:08.531329+00:00
CAF,Central African Republic,2020,Economics,GDP (current US$),2326720900.38047,current US$,World Bank Open Data,https://data.worldbank.org/indicator/NY.GDP.MKTP.CD,2026-08-02T04:09:09.383790+00:00
CAF,Central African Republic,2021,Demographics,Population,5112100,people,World Bank Open Data,https://data.worldbank.org/indicator/SP.POP.TOTL,2026-08-02T04:09:08.531329+00:00
CAF,Central African Republic,2021,Economics,GDP (current US$),2516498412.46384,current US$,World Bank Open Data,https://data.worldbank.org/indicator/NY.GDP.MKTP.CD,2026-08-02T04:09:09.383790+00:00
CAF,Central African Republic,2022,Demographics,Population,5098039,people,World Bank Open Data,https://data.worldbank.org/indicator/SP.POP.TOTL,2026-08-02T04:09:08.531329+00:00
CAF,Central African Republic,2022,Economics,GDP (current US$),2382618615.01694,current US$,World Bank Open Data,https://data.worldbank.org/indicator/NY.GDP.MKTP.CD,2026-08-02T04:09:09.383790+00:00
CAF,Central African Republic,2023,Demographics,Population,5152421,people,World Bank Open Data,https://data.worldbank.org/indicator/SP.POP.TOTL,2026-08-02T04:09:08.531329+00:00
CAF,Central African Republic,2023,Economics,GDP (current US$),2555492085.94725,current US$,World Bank Open Data,https://data.worldbank.org/indicator/NY.GDP.MKTP.CD,2026-08-02T04:09:09.383790+00:00
CAF,Central African Republic,2024,Demographics,Population,5330690,people,World Bank Open Data,https://data.worldbank.org/indicator/SP.POP.TOTL,2026-08-02T04:09:08.531329+00:00
CAF,Central African Republic,2024,Economics,GDP (current US$),2751494281.06887,current US$,World Bank Open Data,https://data.worldbank.org/indicator/NY.GDP.MKTP.CD,2026-08-02T04:09:09.383790+00:00
CAF,Central African Republic,2025,Demographics,Population,5513282,people,World Bank Open Data,https://data.worldbank.org/indicator/SP.POP.TOTL,2026-08-02T04:09:08.531329+00:00
CAF,Central African Republic,2025,Economics,GDP (current US$),3066109226.40165,current US$,World Bank Open Data,https://data.worldbank.org/indicator/NY.GDP.MKTP.CD,2026-08-02T04:09:09.383790+00:00
CAN,Canada,2016,Demographics,Population,36110803,people,World Bank Open Data,https://data.worldbank.org/indicator/SP.POP.TOTL,2026-08-02T04:09:08.531329+00:00
CAN,Canada,2016,Economics,GDP (current US$),1527996250640.92,current US$,World Bank Open Data,https://data.worldbank.org/indicator/NY.GDP.MKTP.CD,2026-08-02T04:09:09.383790+00:00
CAN,Canada,2017,Demographics,Population,36545075,people,World Bank Open Data,https://data.worldbank.org/indicator/SP.POP.TOTL,2026-08-02T04:09:08.531329+00:00
CAN,Canada,2017,Economics,GDP (current US$),1649269496514.62,current US$,World Bank Open Data,https://data.worldbank.org/indicator/NY.GDP.MKTP.CD,2026-08-02T04:09:09.383790+00:00
CAN,Canada,2018,Demographics,Population,37072620,people,World Bank Open Data,https://data.worldbank.org/indicator/SP.POP.TOTL,2026-08-02T04:09:08.531329+00:00
CAN,Canada,2018,Economics,GDP (current US$),1725330736237.69,current US$,World Bank Open Data,https://data.worldbank.org/indicator/NY.GDP.MKTP.CD,2026-08-02T04:09:09.383790+00:00
CAN,Canada,2019,Demographics,Population,37618495,people,World Bank Open Data,https://data.worldbank.org/indicator/SP.POP.TOTL,2026-08-02T04:09:08.531329+00:00
CAN,Canada,2019,Economics,GDP (current US$),1743728952156.85,current US$,World Bank Open Data,https://data.worldbank.org/indicator/NY.GDP.MKTP.CD,2026-08-02T04:09:09.383790+00:00
CAN,Canada,2020,Demographics,Population,38028638,people,World Bank Open Data,https://data.worldbank.org/indicator/SP.POP.TOTL,2026-08-02T04:09:08.531329+00:00
CAN,Canada,2020,Economics,GDP (current US$),1655686966881.99,current US$,World Bank Open Data,https://data.worldbank.org/indicator/NY.GDP.MKTP.CD,2026-08-02T04:09:09.383790+00:00
CAN,Canada,2021,Demographics,Population,38239864,people,World Bank Open Data,https://data.worldbank.org/indicator/SP.POP.TOTL,2026-08-02T04:09:08.531329+00:00
CAN,Canada,2021,Economics,GDP (current US$),2022377950896.78,current US$,World Bank Open Data,https://data.worldbank.org/indicator/NY.GDP.MKTP.CD,2026-08-02T04:09:09.383790+00:00
CAN,Canada,2022,Demographics,Population,38950132,people,World Bank Open Data,https://data.worldbank.org/indicator/SP.POP.TOTL,2026-08-02T04:09:08.531329+00:00
CAN,Canada,2022,Economics,GDP (current US$),2200562785046.32,current US$,World Bank Open Data,https://data.worldbank.org/indicator/NY.GDP.MKTP.CD,2026-08-02T04:09:09.383790+00:00
CAN,Canada,2023,Demographics,Population,40049088,people,World Bank Open Data,https://data.worldbank.org/indicator/SP.POP.TOTL,2026-08-02T04:09:08.531329+00:00
CAN,Canada,2023,Economics,GDP (current US$),2196593836347.42,current US$,World Bank Open Data,https://data.worldbank.org/indicator/NY.GDP.MKTP.CD,2026-08-02T04:09:09.383790+00:00
CAN,Canada,2024,Demographics,Population,41262329,people,World Bank Open Data,https://data.worldbank.org/indicator/SP.POP.TOTL,2026-08-02T04:09:08.531329+00:00
CAN,Canada,2024,Economics,GDP (current US$),2270076189683.46,current US$,World Bank Open Data,https://data.worldbank.org/indicator/NY.GDP.MKTP.CD,2026-08-02T04:09:09.383790+00:00
CAN,Canada,2025,Demographics,Population,41651653,people,World Bank Open Data,https://data.worldbank.org/indicator/SP.POP.TOTL,2026-08-02T04:09:08.531329+00:00
CAN,Canada,2025,Economics,GDP (current US$),2319899772425.92,current US$,World Bank Open Data,https://data.worldbank.org/indicator/NY.GDP.MKTP.CD,2026-08-02T04:09:09.383790+00:00
CHE,Switzerland,2016,Demographics,Population,8373338,people,World Bank Open Data,https://data.worldbank.org/indicator/SP.POP.TOTL,2026-08-02T04:09:08.531329+00:00
CHE,Switzerland,2016,Economics,GDP (current US$),698607778794.566,current US$,World Bank Open Data,https://data.worldbank.org/indicator/NY.GDP.MKTP.CD,2026-08-02T04:09:09.383790+00:00
CHE,Switzerland,2017,Demographics,Population,8451840,people,World Bank Open Data,https://data.worldbank.org/indicator/SP.POP.TOTL,2026-08-02T04:09:08.531329+00:00
CHE,Switzerland,2017,Economics,GDP (current US$),706660443624.485,current US$,World Bank Open Data,https://data.worldbank.org/indicator/NY.GDP.MKTP.CD,2026-08-02T04:09:09.383790+00:00
CHE,Switzerland,2018,Demographics,Population,8514329,people,World Bank Open Data,https://data.worldbank.org/indicator/SP.POP.TOTL,2026-08-02T04:09:08.531329+00:00
CHE,Switzerland,2018,Economics,GDP (current US$),740766531453.991,current US$,World Bank Open Data,https://data.worldbank.org/indicator/NY.GDP.MKTP.CD,2026-08-02T04:09:09.383790+00:00
CHE,Switzerland,2019,Demographics,Population,8575280,people,World Bank Open Data,https://data.worldbank.org/indicator/SP.POP.TOTL,2026-08-02T04:09:08.531329+00:00
CHE,Switzerland,2019,Economics,GDP (current US$),736384764156.877,current US$,World Bank Open Data,https://data.worldbank.org/indicator/NY.GDP.MKTP.CD,2026-08-02T04:09:09.383790+00:00
CHE,Switzerland,2020,Demographics,Population,8638167,people,World Bank Open Data,https://data.worldbank.org/indicator/SP.POP.TOTL,2026-08-02T04:09:08.531329+00:00
CHE,Switzerland,2020,Economics,GDP (current US$),756096180222.082,current US$,World Bank Open Data,https://data.worldbank.org/indicator/NY.GDP.MKTP.CD,2026-08-02T04:09:09.383790+00:00
CHE,Switzerland,2021,Demographics,Population,8704546,people,World Bank Open Data,https://data.worldbank.org/indicator/SP.POP.TOTL,2026-08-02T04:09:08.531329+00:00
CHE,Switzerland,2021,Economics,GDP (current US$),840710023481.35,current US$,World Bank Open Data,https://data.worldbank.org/indicator/NY.GDP.MKTP.CD,2026-08-02T04:09:09.383790+00:00
CHE,Switzerland,2022,Demographics,Population,8777088,people,World Bank Open Data,https://data.worldbank.org/indicator/SP.POP.TOTL,2026-08-02T04:09:08.531329+00:00
CHE,Switzerland,2022,Economics,GDP (current US$),858479038993.75,current US$,World Bank Open Data,https://data.worldbank.org/indicator/NY.GDP.MKTP.CD,2026-08-02T04:09:09.383790+00:00
CHE,Switzerland,2023,Demographics,Population,8888822,people,World Bank Open Data,https://data.worldbank.org/indicator/SP.POP.TOTL,2026-08-02T04:09:08.531329+00:00
CHE,Switzerland,2023,Economics,GDP (current US$),928435275851.707,current US$,World Bank Open Data,https://data.worldbank.org/indicator/NY.GDP.MKTP.CD,2026-08-02T04:09:09.383790+00:00
CHE,Switzerland,2024,Demographics,Population,9005582,people,World Bank Open Data,https://data.worldbank.org/indicator/SP.POP.TOTL,2026-08-02T04:09:08.531329+00:00
CHE,Switzerland,2024,Economics,GDP (current US$),969919786394.884,current US$,World Bank Open Data,https://data.worldbank.org/indicator/NY.GDP.MKTP.CD,2026-08-02T04:09:09.383790+00:00
CHE,Switzerland,2025,Demographics,Population,9092436,people,World Bank Open Data,https://data.worldbank.org/indicator/SP.POP.TOTL,2026-08-02T04:09:08.531329+00:00
CHE,Switzerland,2025,Economics,GDP (current US$),1043529899250.92,current US$,World Bank Open Data,https://data.worldbank.org/indicator/NY.GDP.MKTP.CD,2026-08-02T04:09:09.383790+00:00
CHI,Channel Islands,2016,Demographics,Population,163883,people,World Bank Open Data,https://data.worldbank.org/indicator/SP.POP.TOTL,2026-08-02T04:09:08.531329+00:00
CHI,Channel Islands,2016,Economics,GDP (current US$),9168857222.32574,current US$,World Bank Open Data,https://data.worldbank.org/indicator/NY.GDP.MKTP.CD,2026-08-02T04:09:09.383790+00:00
CHI,Channel Islands,2017,Demographics,Population,164319,people,World Bank Open Data,https://data.worldbank.org/indicator/SP.POP.TOTL,2026-08-02T04:09:08.531329+00:00
CHI,Channel Islands,2017,Economics,GDP (current US$),9170044517.20264,current US$,World Bank Open Data,https://data.worldbank.org/indicator/NY.GDP.MKTP.CD,2026-08-02T04:09:09.383790+00:00
CHI,Channel Islands,2018,Demographics,Population,164949,people,World Bank Open Data,https://data.worldbank.org/indicator/SP.POP.TOTL,2026-08-02T04:09:08.531329+00:00
CHI,Channel Islands,2018,Economics,GDP (current US$),10026394043.6136,current US$,World Bank Open Data,https://data.worldbank.org/indicator/NY.GDP.MKTP.CD,2026-08-02T04:09:09.383790+00:00
CHI,Channel Islands,2019,Demographics,Population,165639,people,World Bank Open Data,https://data.worldbank.org/indicator/SP.POP.TOTL,2026-08-02T04:09:08.531329+00:00
CHI,Channel Islands,2019,Economics,GDP (current US$),10031864649.0819,current US$,World Bank Open Data,https://data.worldbank.org/indicator/NY.GDP.MKTP.CD,2026-08-02T04:09:09.383790+00:00
CHI,Channel Islands,2020,Demographics,Population,166235,people,World Bank Open Data,https://data.worldbank.org/indicator/SP.POP.TOTL,2026-08-02T04:09:08.531329+00:00
CHI,Channel Islands,2020,Economics,GDP (current US$),9439810769.23077,current US$,World Bank Open Data,https://data.worldbank.org/indicator/NY.GDP.MKTP.CD,2026-08-02T04:09:09.383790+00:00
CHI,Channel Islands,2021,Demographics,Population,166741,people,World Bank Open Data,https://data.worldbank.org/indicator/SP.POP.TOTL,2026-08-02T04:09:08.531329+00:00
CHI,Channel Islands,2021,Economics,GDP (current US$),11157540109.8939,current US$,World Bank Open Data,https://data.worldbank.org/indicator/NY.GDP.MKTP.CD,2026-08-02T04:09:09.383790+00:00
CHI,Channel Islands,2022,Demographics,Population,167215,people,World Bank Open Data,https://data.worldbank.org/indicator/SP.POP.TOTL,2026-08-02T04:09:08.531329+00:00
CHI,Channel Islands,2022,Economics,GDP (current US$),11308272505.183,current US$,World Bank Open Data,https://data.worldbank.org/indicator/NY.GDP.MKTP.CD,2026-08-02T04:09:09.383790+00:00
CHI,Channel Islands,2023,Demographics,Population,167691,people,World Bank Open Data,https://data.worldbank.org/indicator/SP.POP.TOTL,2026-08-02T04:09:08.531329+00:00
CHI,Channel Islands,2023,Economics,GDP (current US$),12507320838.3932,current US$,World Bank Open Data,https://data.worldbank.org/indicator/NY.GDP.MKTP.CD,2026-08-02T04:09:09.383790+00:00
CHI,Channel Islands,2024,Demographics,Population,168126,people,World Bank Open Data,https://data.worldbank.org/indicator/SP.POP.TOTL,2026-08-02T04:09:08.531329+00:00
CHI,Channel Islands,2025,Demographics,Population,168466,people,World Bank Open Data,https://data.worldbank.org/indicator/SP.POP.TOTL,2026-08-02T04:09:08.531329+00:00
CHL,Chile,2016,Demographics,Population,18267221,people,World Bank Open Data,https://data.worldbank.org/indicator/SP.POP.TOTL,2026-08-02T04:09:08.531329+00:00
CHL,Chile,2016,Economics,GDP (current US$),249344863928.438,current US$,World Bank Open Data,https://data.worldbank.org/indicator/NY.GDP.MKTP.CD,2026-08-02T04:09:09.383790+00:00
CHL,Chile,2017,Demographics,Population,18558868,people,World Bank Open Data,https://data.worldbank.org/indicator/SP.POP.TOTL,2026-08-02T04:09:08.531329+00:00
CHL,Chile,2017,Economics,GDP (current US$),276154259981.097,current US$,World Bank Open Data,https://data.worldbank.org/indicator/NY.GDP.MKTP.CD,2026-08-02T04:09:09.383790+00:00
CHL,Chile,2018,Demographics,Population,18893191,people,World Bank Open Data,https://data.worldbank.org/indicator/SP.POP.TOTL,2026-08-02T04:09:08.531329+00:00
CHL,Chile,2018,Economics,GDP (current US$),295857562991.709,current US$,World Bank Open Data,https://data.worldbank.org/indicator/NY.GDP.MKTP.CD,2026-08-02T04:09:09.383790+00:00
CHL,Chile,2019,Demographics,Population,19197744,people,World Bank Open Data,https://data.worldbank.org/indicator/SP.POP.TOTL,2026-08-02T04:09:08.531329+00:00
CHL,Chile,2019,Economics,GDP (current US$),278308438545.118,current US$,World Bank Open Data,https://data.worldbank.org/indicator/NY.GDP.MKTP.CD,2026-08-02T04:09:09.383790+00:00
CHL,Chile,2020,Demographics,Population,19370624,people,World Bank Open Data,https://data.worldbank.org/indicator/SP.POP.TOTL,2026-08-02T04:09:08.531329+00:00
CHL,Chile,2020,Economics,GDP (current US$),254103710483.324,current US$,World Bank Open Data,https://data.worldbank.org/indicator/NY.GDP.MKTP.CD,2026-08-02T04:09:09.383790+00:00
CHL,Chile,2021,Demographics,Population,19456334,people,World Bank Open Data,https://data.worldbank.org/indicator/SP.POP.TOTL,2026-08-02T04:09:08.531329+00:00
CHL,Chile,2021,Economics,GDP (current US$),315507493783.262,current US$,World Bank Open Data,https://data.worldbank.org/indicator/NY.GDP.MKTP.CD,2026-08-02T04:09:09.383790+00:00
CHL,Chile,2022,Demographics,Population,19553036,people,World Bank Open Data,https://data.worldbank.org/indicator/SP.POP.TOTL,2026-08-02T04:09:08.531329+00:00
CHL,Chile,2022,Economics,GDP (current US$),301099244104.003,current US$,World Bank Open Data,https://data.worldbank.org/indicator/NY.GDP.MKTP.CD,2026-08-02T04:09:09.383790+00:00
CHL,Chile,2023,Demographics,Population,19658835,people,World Bank Open Data,https://data.worldbank.org/indicator/SP.POP.TOTL,2026-08-02T04:09:08.531329+00:00
CHL,Chile,2023,Economics,GDP (current US$),335802745366.38,current US$,World Bank Open Data,https://data.worldbank.org/indicator/NY.GDP.MKTP.CD,2026-08-02T04:09:09.383790+00:00
CHL,Chile,2024,Demographics,Population,19764771,people,World Bank Open Data,https://data.worldbank.org/indicator/SP.POP.TOTL,2026-08-02T04:09:08.531329+00:00
CHL,Chile,2024,Economics,GDP (current US$),329260633698.726,current US$,World Bank Open Data,https://data.worldbank.org/indicator/NY.GDP.MKTP.CD,2026-08-02T04:09:09.383790+00:00
CHL,Chile,2025,Demographics,Population,19859921,people,World Bank Open Data,https://data.worldbank.org/indicator/SP.POP.TOTL,2026-08-02T04:09:08.531329+00:00
CHL,Chile,2025,Economics,GDP (current US$),357371159574.862,current US$,World Bank Open Data,https://data.worldbank.org/indicator/NY.GDP.MKTP.CD,2026-08-02T04:09:09.383790+00:00
CHN,China,2016,Demographics,Population,1387790000,people,World Bank Open Data,https://data.worldbank.org/indicator/SP.POP.TOTL,2026-08-02T04:09:08.531329+00:00
CHN,China,2016,Economics,GDP (current US$),11456024084962.0,current US$,World Bank Open Data,https://data.worldbank.org/indicator/NY.GDP.MKTP.CD,2026-08-02T04:09:09.383790+00:00
CHN,China,2017,Demographics,Population,1396215000,people,World Bank Open Data,https://data.worldbank.org/indicator/SP.POP.TOTL,2026-08-02T04:09:08.531329+00:00
CHN,China,2017,Economics,GDP (current US$),12537559062282.9,current US$,World Bank Open Data,https://data.worldbank.org/indicator/NY.GDP.MKTP.CD,2026-08-02T04:09:09.383790+00:00
CHN,China,2018,Demographics,Population,1402760000,people,World Bank Open Data,https://data.worldbank.org/indicator/SP.POP.TOTL,2026-08-02T04:09:08.531329+00:00
CHN,China,2018,Economics,GDP (current US$),14147765772963.8,current US$,World Bank Open Data,https://data.worldbank.org/indicator/NY.GDP.MKTP.CD,2026-08-02T04:09:09.383790+00:00
CHN,China,2019,Demographics,Population,1407745000,people,World Bank Open Data,https://data.worldbank.org/indicator/SP.POP.TOTL,2026-08-02T04:09:08.531329+00:00
CHN,China,2019,Economics,GDP (current US$),14560167101283.4,current US$,World Bank Open Data,https://data.worldbank.org/indicator/NY.GDP.MKTP.CD,2026-08-02T04:09:09.383790+00:00
CHN,China,2020,Demographics,Population,1411100000,people,World Bank Open Data,https://data.worldbank.org/indicator/SP.POP.TOTL,2026-08-02T04:09:08.531329+00:00
CHN,China,2020,Economics,GDP (current US$),14996414166715.1,current US$,World Bank Open Data,https://data.worldbank.org/indicator/NY.GDP.MKTP.CD,2026-08-02T04:09:09.383790+00:00
CHN,China,2021,Demographics,Population,1412360000,people,World Bank Open Data,https://data.worldbank.org/indicator/SP.POP.TOTL,2026-08-02T04:09:08.531329+00:00
CHN,China,2021,Economics,GDP (current US$),18201698719564.0,current US$,World Bank Open Data,https://data.worldbank.org/indicator/NY.GDP.MKTP.CD,2026-08-02T04:09:09.383790+00:00
CHN,China,2022,Demographics,Population,1412175000,people,World Bank Open Data,https://data.worldbank.org/indicator/SP.POP.TOTL,2026-08-02T04:09:08.531329+00:00
CHN,China,2022,Economics,GDP (current US$),18316765021690.2,current US$,World Bank Open Data,https://data.worldbank.org/indicator/NY.GDP.MKTP.CD,2026-08-02T04:09:09.383790+00:00
CHN,China,2023,Demographics,Population,1410710000,people,World Bank Open Data,https://data.worldbank.org/indicator/SP.POP.TOTL,2026-08-02T04:09:08.531329+00:00
CHN,China,2023,Economics,GDP (current US$),18270356654533.2,current US$,World Bank Open Data,https://data.worldbank.org/indicator/NY.GDP.MKTP.CD,2026-08-02T04:09:09.383790+00:00
CHN,China,2024,Demographics,Population,1408975000,people,World Bank Open Data,https://data.worldbank.org/indicator/SP.POP.TOTL,2026-08-02T04:09:08.531329+00:00
CHN,China,2024,Economics,GDP (current US$),18729668435848.0,current US$,World Bank Open Data,https://data.worldbank.org/indicator/NY.GDP.MKTP.CD,2026-08-02T04:09:09.383790+00:00
CHN,China,2024,Trade,Export Butter,3577512.0,kg,UN Comtrade,https://comtradeplus.un.org/,2026-08-02T03:43:44.055735+00:00
CHN,China,2024,Trade,Export Butter,12173848.0,current US$,UN Comtrade,https://comtradeplus.un.org/,2026-08-02T03:43:44.055735+00:00
CHN,China,2024,Trade,Export Cheese,836922.223,kg,UN Comtrade,https://comtradeplus.un.org/,2026-08-02T03:43:44.055735+00:00
CHN,China,2024,Trade,Export Cheese,3708443.0,current US$,UN Comtrade,https://comtradeplus.un.org/,2026-08-02T03:43:44.055735+00:00
CHN,China,2024,Trade,Export Skimmed Milk Powder (SMP),1859315.282,kg,UN Comtrade,https://comtradeplus.un.org/,2026-08-02T03:43:44.055735+00:00
CHN,China,2024,Trade,Export Skimmed Milk Powder (SMP),5007924.0,current US$,UN Comtrade,https://comtradeplus.un.org/,2026-08-02T03:43:44.055735+00:00
CHN,China,2024,Trade,Import Butter,104980206.833,kg,UN Comtrade,https://comtradeplus.un.org/,2026-08-02T03:43:44.055735+00:00
CHN,China,2024,Trade,Import Butter,737431199.0,current US$,UN Comtrade,https://comtradeplus.un.org/,2026-08-02T03:43:44.055735+00:00
CHN,China,2024,Trade,Import Cheese,172574037.0,kg,UN Comtrade,https://comtradeplus.un.org/,2026-08-02T03:43:44.055735+00:00
CHN,China,2024,Trade,Import Cheese,895034586.0,current US$,UN Comtrade,https://comtradeplus.un.org/,2026-08-02T03:43:44.055735+00:00
CHN,China,2024,Trade,Import Skimmed Milk Powder (SMP),228768494.0,kg,UN Comtrade,https://comtradeplus.un.org/,2026-08-02T03:43:44.055735+00:00
CHN,China,2024,Trade,Import Skimmed Milk Powder (SMP),696653998.0,current US$,UN Comtrade,https://comtradeplus.un.org/,2026-08-02T03:43:44.055735+00:00
CHN,China,2025,Demographics,Population,1406585000,people,World Bank Open Data,https://data.worldbank.org/indicator/SP.POP.TOTL,2026-08-02T04:09:08.531329+00:00
CHN,China,2025,Economics,GDP (current US$),19498039388042.6,current US$,World Bank Open Data,https://data.worldbank.org/indicator/NY.GDP.MKTP.CD,2026-08-02T04:09:09.383790+00:00
CIV,Cote d'Ivoire,2016,Demographics,Population,25989405,people,World Bank Open Data,https://data.worldbank.org/indicator/SP.POP.TOTL,2026-08-02T04:09:08.531329+00:00
CIV,Cote d'Ivoire,2016,Economics,GDP (current US$),48407761036.8238,current US$,World Bank Open Data,https://data.worldbank.org/indicator/NY.GDP.MKTP.CD,2026-08-02T04:09:09.383790+00:00
CIV,Cote d'Ivoire,2017,Demographics,Population,26733372,people,World Bank Open Data,https://data.worldbank.org/indicator/SP.POP.TOTL,2026-08-02T04:09:08.531329+00:00
CIV,Cote d'Ivoire,2017,Economics,GDP (current US$),52512343996.69,current US$,World Bank Open Data,https://data.worldbank.org/indicator/NY.GDP.MKTP.CD,2026-08-02T04:09:09.383790+00:00
CIV,Cote d'Ivoire,2018,Demographics,Population,27464173,people,World Bank Open Data,https://data.worldbank.org/indicator/SP.POP.TOTL,2026-08-02T04:09:08.531329+00:00
CIV,Cote d'Ivoire,2018,Economics,GDP (current US$),58522477786.6889,current US$,World Bank Open Data,https://data.worldbank.org/indicator/NY.GDP.MKTP.CD,2026-08-02T04:09:09.383790+00:00
CIV,Cote d'Ivoire,2019,Demographics,Population,28193009,people,World Bank Open Data,https://data.worldbank.org/indicator/SP.POP.TOTL,2026-08-02T04:09:08.531329+00:00
CIV,Cote d'Ivoire,2019,Economics,GDP (current US$),60382894697.3557,current US$,World Bank Open Data,https://data.worldbank.org/indicator/NY.GDP.MKTP.CD,2026-08-02T04:09:09.383790+00:00
CIV,Cote d'Ivoire,2020,Demographics,Population,28915449,people,World Bank Open Data,https://data.worldbank.org/indicator/SP.POP.TOTL,2026-08-02T04:09:08.531329+00:00
CIV,Cote d'Ivoire,2020,Economics,GDP (current US$),63027852805.4204,current US$,World Bank Open Data,https://data.worldbank.org/indicator/NY.GDP.MKTP.CD,2026-08-02T04:09:09.383790+00:00
CIV,Cote d'Ivoire,2021,Demographics,Population,29639736,people,World Bank Open Data,https://data.worldbank.org/indicator/SP.POP.TOTL,2026-08-02T04:09:08.531329+00:00
CIV,Cote d'Ivoire,2021,Economics,GDP (current US$),72794636653.7793,current US$,World Bank Open Data,https://data.worldbank.org/indicator/NY.GDP.MKTP.CD,2026-08-02T04:09:09.383790+00:00
CIV,Cote d'Ivoire,2022,Demographics,Population,30395002,people,World Bank Open Data,https://data.worldbank.org/indicator/SP.POP.TOTL,2026-08-02T04:09:08.531329+00:00
CIV,Cote d'Ivoire,2022,Economics,GDP (current US$),70922824813.9102,current US$,World Bank Open Data,https://data.worldbank.org/indicator/NY.GDP.MKTP.CD,2026-08-02T04:09:09.383790+00:00
CIV,Cote d'Ivoire,2023,Demographics,Population,31165654,people,World Bank Open Data,https://data.worldbank.org/indicator/SP.POP.TOTL,2026-08-02T04:09:08.531329+00:00
CIV,Cote d'Ivoire,2023,Economics,GDP (current US$),80780312569.1646,current US$,World Bank Open Data,https://data.worldbank.org/indicator/NY.GDP.MKTP.CD,2026-08-02T04:09:09.383790+00:00
CIV,Cote d'Ivoire,2024,Demographics,Population,31934230,people,World Bank Open Data,https://data.worldbank.org/indicator/SP.POP.TOTL,2026-08-02T04:09:08.531329+00:00
CIV,Cote d'Ivoire,2024,Economics,GDP (current US$),87113179149.284,current US$,World Bank Open Data,https://data.worldbank.org/indicator/NY.GDP.MKTP.CD,2026-08-02T04:09:09.383790+00:00
CIV,Cote d'Ivoire,2025,Demographics,Population,32711547,people,World Bank Open Data,https://data.worldbank.org/indicator/SP.POP.TOTL,2026-08-02T04:09:08.531329+00:00
CIV,Cote d'Ivoire,2025,Economics,GDP (current US$),99773555666.1988,current US$,World Bank Open Data,https://data.worldbank.org/indicator/NY.GDP.MKTP.CD,2026-08-02T04:09:09.383790+00:00
CMR,Cameroon,2016,Demographics,Population,23454161,people,World Bank Open Data,https://data.worldbank.org/indicator/SP.POP.TOTL,2026-08-02T04:09:08.531329+00:00
CMR,Cameroon,2016,Economics,GDP (current US$),33814337044.3765,current US$,World Bank Open Data,https://data.worldbank.org/indicator/NY.GDP.MKTP.CD,2026-08-02T04:09:09.383790+00:00
CMR,Cameroon,2017,Demographics,Population,24128601,people,World Bank Open Data,https://data.worldbank.org/indicator/SP.POP.TOTL,2026-08-02T04:09:08.531329+00:00
CMR,Cameroon,2017,Economics,GDP (current US$),36098547033.1655,current US$,World Bank Open Data,https://data.worldbank.org/indicator/NY.GDP.MKTP.CD,2026-08-02T04:09:09.383790+00:00
CMR,Cameroon,2018,Demographics,Population,24806383,people,World Bank Open Data,https://data.worldbank.org/indicator/SP.POP.TOTL,2026-08-02T04:09:08.531329+00:00
CMR,Cameroon,2018,Economics,GDP (current US$),39955552189.795,current US$,World Bank Open Data,https://data.worldbank.org/indicator/NY.GDP.MKTP.CD,2026-08-02T04:09:09.383790+00:00
CMR,Cameroon,2019,Demographics,Population,25506095,people,World Bank Open Data,https://data.worldbank.org/indicator/SP.POP.TOTL,2026-08-02T04:09:08.531329+00:00
CMR,Cameroon,2019,Economics,GDP (current US$),39667757527.6578,current US$,World Bank Open Data,https://data.worldbank.org/indicator/NY.GDP.MKTP.CD,2026-08-02T04:09:09.383790+00:00
CMR,Cameroon,2020,Demographics,Population,26210558,people,World Bank Open Data,https://data.worldbank.org/indicator/SP.POP.TOTL,2026-08-02T04:09:08.531329+00:00
CMR,Cameroon,2020,Economics,GDP (current US$),40773241177.0505,current US$,World Bank Open Data,https://data.worldbank.org/indicator/NY.GDP.MKTP.CD,2026-08-02T04:09:09.383790+00:00
CMR,Cameroon,2021,Demographics,Population,26915758,people,World Bank Open Data,https://data.worldbank.org/indicator/SP.POP.TOTL,2026-08-02T04:09:08.531329+00:00
CMR,Cameroon,2021,Economics,GDP (current US$),45011937346.8384,current US$,World Bank Open Data,https://data.worldbank.org/indicator/NY.GDP.MKTP.CD,2026-08-02T04:09:09.383790+00:00
CMR,Cameroon,2022,Demographics,Population,27632771,people,World Bank Open Data,https://data.worldbank.org/indicator/SP.POP.TOTL,2026-08-02T04:09:08.531329+00:00
CMR,Cameroon,2022,Economics,GDP (current US$),44347206072.5513,current US$,World Bank Open Data,https://data.worldbank.org/indicator/NY.GDP.MKTP.CD,2026-08-02T04:09:09.383790+00:00
CMR,Cameroon,2023,Demographics,Population,28372687,people,World Bank Open Data,https://data.worldbank.org/indicator/SP.POP.TOTL,2026-08-02T04:09:08.531329+00:00
CMR,Cameroon,2023,Economics,GDP (current US$),48814501547.4313,current US$,World Bank Open Data,https://data.worldbank.org/indicator/NY.GDP.MKTP.CD,2026-08-02T04:09:09.383790+00:00
CMR,Cameroon,2024,Demographics,Population,29123744,people,World Bank Open Data,https://data.worldbank.org/indicator/SP.POP.TOTL,2026-08-02T04:09:08.531329+00:00
CMR,Cameroon,2024,Economics,GDP (current US$),53296694320.2057,current US$,World Bank Open Data,https://data.worldbank.org/indicator/NY.GDP.MKTP.CD,2026-08-02T04:09:09.383790+00:00
CMR,Cameroon,2025,Demographics,Population,29879337,people,World Bank Open Data,https://data.worldbank.org/indicator/SP.POP.TOTL,2026-08-02T04:09:08.531329+00:00
CMR,Cameroon,2025,Economics,GDP (current US$),58933453923.761,current US$,World Bank Open Data,https://data.worldbank.org/indicator/NY.GDP.MKTP.CD,2026-08-02T04:09:09.383790+00:00
COD,"Congo, Dem. Rep.",2016,Demographics,Population,83956415,people,World Bank Open Data,https://data.worldbank.org/indicator/SP.POP.TOTL,2026-08-02T04:09:08.531329+00:00
COD,"Congo, Dem. Rep.",2016,Economics,GDP (current US$),38600224214.4728,current US$,World Bank Open Data,https://data.worldbank.org/indicator/NY.GDP.MKTP.CD,2026-08-02T04:09:09.383790+00:00
COD,"Congo, Dem. Rep.",2017,Demographics,Population,87083398,people,World Bank Open Data,https://data.worldbank.org/indicator/SP.POP.TOTL,2026-08-02T04:09:08.531329+00:00
COD,"Congo, Dem. Rep.",2017,Economics,GDP (current US$),37537521565.5308,current US$,World Bank Open Data,https://data.worldbank.org/indicator/NY.GDP.MKTP.CD,2026-08-02T04:09:09.383790+00:00
COD,"Congo, Dem. Rep.",2018,Demographics,Population,90047644,people,World Bank Open Data,https://data.worldbank.org/indicator/SP.POP.TOTL,2026-08-02T04:09:08.531329+00:00
COD,"Congo, Dem. Rep.",2018,Economics,GDP (current US$),46659954092.4862,current US$,World Bank Open Data,https://data.worldbank.org/indicator/NY.GDP.MKTP.CD,2026-08-02T04:09:09.383790+00:00
COD,"Congo, Dem. Rep.",2019,Demographics,Population,92947442,people,World Bank Open Data,https://data.worldbank.org/indicator/SP.POP.TOTL,2026-08-02T04:09:08.531329+00:00
COD,"Congo, Dem. Rep.",2019,Economics,GDP (current US$),46845900350.0332,current US$,World Bank Open Data,https://data.worldbank.org/indicator/NY.GDP.MKTP.CD,2026-08-02T04:09:09.383790+00:00
COD,"Congo, Dem. Rep.",2020,Demographics,Population,95989998,people,World Bank Open Data,https://data.worldbank.org/indicator/SP.POP.TOTL,2026-08-02T04:09:08.531329+00:00
COD,"Congo, Dem. Rep.",2020,Economics,GDP (current US$),46691989748.9186,current US$,World Bank Open Data,https://data.worldbank.org/indicator/NY.GDP.MKTP.CD,2026-08-02T04:09:09.383790+00:00
COD,"Congo, Dem. Rep.",2021,Demographics,Population,99148932,people,World Bank Open Data,https://data.worldbank.org/indicator/SP.POP.TOTL,2026-08-02T04:09:08.531329+00:00
COD,"Congo, Dem. Rep.",2021,Economics,GDP (current US$),59067289573.5102,current US$,World Bank Open Data,https://data.worldbank.org/indicator/NY.GDP.MKTP.CD,2026-08-02T04:09:09.383790+00:00
COD,"Congo, Dem. Rep.",2022,Demographics,Population,102396968,people,World Bank Open Data,https://data.worldbank.org/indicator/SP.POP.TOTL,2026-08-02T04:09:08.531329+00:00
COD,"Congo, Dem. Rep.",2022,Economics,GDP (current US$),70422346142.2023,current US$,World Bank Open Data,https://data.worldbank.org/indicator/NY.GDP.MKTP.CD,2026-08-02T04:09:09.383790+00:00
COD,"Congo, Dem. Rep.",2023,Demographics,Population,105789731,people,World Bank Open Data,https://data.worldbank.org/indicator/SP.POP.TOTL,2026-08-02T04:09:08.531329+00:00
COD,"Congo, Dem. Rep.",2023,Economics,GDP (current US$),69843655425.2929,current US$,World Bank Open Data,https://data.worldbank.org/indicator/NY.GDP.MKTP.CD,2026-08-02T04:09:09.383790+00:00
COD,"Congo, Dem. Rep.",2024,Demographics,Population,109276265,people,World Bank Open Data,https://data.worldbank.org/indicator/SP.POP.TOTL,2026-08-02T04:09:08.531329+00:00
COD,"Congo, Dem. Rep.",2024,Economics,GDP (current US$),75716176105.0704,current US$,World Bank Open Data,https://data.worldbank.org/indicator/NY.GDP.MKTP.CD,2026-08-02T04:09:09.383790+00:00
COD,"Congo, Dem. Rep.",2025,Demographics,Population,112832473,people,World Bank Open Data,https://data.worldbank.org/indicator/SP.POP.TOTL,2026-08-02T04:09:08.531329+00:00
COD,"Congo, Dem. Rep.",2025,Economics,GDP (current US$),91030531316.9936,current US$,World Bank Open Data,https://data.worldbank.org/indicator/NY.GDP.MKTP.CD,2026-08-02T04:09:09.383790+00:00
COG,"Congo, Rep.",2016,Demographics,Population,5222536,people,World Bank Open Data,https://data.worldbank.org/indicator/SP.POP.TOTL,2026-08-02T04:09:08.531329+00:00
COG,"Congo, Rep.",2016,Economics,GDP (current US$),10931328150.8478,current US$,World Bank Open Data,https://data.worldbank.org/indicator/NY.GDP.MKTP.CD,2026-08-02T04:09:09.383790+00:00
COG,"Congo, Rep.",2017,Demographics,Population,5351011,people,World Bank Open Data,https://data.worldbank.org/indicator/SP.POP.TOTL,2026-08-02T04:09:08.531329+00:00
COG,"Congo, Rep.",2017,Economics,GDP (current US$),11834473039.3645,current US$,World Bank Open Data,https://data.worldbank.org/indicator/NY.GDP.MKTP.CD,2026-08-02T04:09:09.383790+00:00
COG,"Congo, Rep.",2018,Demographics,Population,5483118,people,World Bank Open Data,https://data.worldbank.org/indicator/SP.POP.TOTL,2026-08-02T04:09:08.531329+00:00
COG,"Congo, Rep.",2018,Economics,GDP (current US$),14773900288.5135,current US$,World Bank Open Data,https://data.worldbank.org/indicator/NY.GDP.MKTP.CD,2026-08-02T04:09:09.383790+00:00
COG,"Congo, Rep.",2019,Demographics,Population,5616661,people,World Bank Open Data,https://data.worldbank.org/indicator/SP.POP.TOTL,2026-08-02T04:09:08.531329+00:00
COG,"Congo, Rep.",2019,Economics,GDP (current US$),13976637779.9763,current US$,World Bank Open Data,https://data.worldbank.org/indicator/NY.GDP.MKTP.CD,2026-08-02T04:09:09.383790+00:00
COG,"Congo, Rep.",2020,Demographics,Population,5752791,people,World Bank Open Data,https://data.worldbank.org/indicator/SP.POP.TOTL,2026-08-02T04:09:08.531329+00:00
COG,"Congo, Rep.",2020,Economics,GDP (current US$),11468687464.0046,current US$,World Bank Open Data,https://data.worldbank.org/indicator/NY.GDP.MKTP.CD,2026-08-02T04:09:09.383790+00:00
COG,"Congo, Rep.",2021,Demographics,Population,5892183,people,World Bank Open Data,https://data.worldbank.org/indicator/SP.POP.TOTL,2026-08-02T04:09:08.531329+00:00
COG,"Congo, Rep.",2021,Economics,GDP (current US$),14825690210.9157,current US$,World Bank Open Data,https://data.worldbank.org/indicator/NY.GDP.MKTP.CD,2026-08-02T04:09:09.383790+00:00
COG,"Congo, Rep.",2022,Demographics,Population,6035104,people,World Bank Open Data,https://data.worldbank.org/indicator/SP.POP.TOTL,2026-08-02T04:09:08.531329+00:00
COG,"Congo, Rep.",2022,Economics,GDP (current US$),15817030154.6941,current US$,World Bank Open Data,https://data.worldbank.org/indicator/NY.GDP.MKTP.CD,2026-08-02T04:09:09.383790+00:00
COG,"Congo, Rep.",2023,Demographics,Population,6182885,people,World Bank Open Data,https://data.worldbank.org/indicator/SP.POP.TOTL,2026-08-02T04:09:08.531329+00:00
COG,"Congo, Rep.",2023,Economics,GDP (current US$),15321055822.5167,current US$,World Bank Open Data,https://data.worldbank.org/indicator/NY.GDP.MKTP.CD,2026-08-02T04:09:09.383790+00:00
COG,"Congo, Rep.",2024,Demographics,Population,6332961,people,World Bank Open Data,https://data.worldbank.org/indicator/SP.POP.TOTL,2026-08-02T04:09:08.531329+00:00
COG,"Congo, Rep.",2024,Economics,GDP (current US$),15719986076.6464,current US$,World Bank Open Data,https://data.worldbank.org/indicator/NY.GDP.MKTP.CD,2026-08-02T04:09:09.383790+00:00
COG,"Congo, Rep.",2025,Demographics,Population,6484437,people,World Bank Open Data,https://data.worldbank.org/indicator/SP.POP.TOTL,2026-08-02T04:09:08.531329+00:00
COG,"Congo, Rep.",2025,Economics,GDP (current US$),16306633778.765,current US$,World Bank Open Data,https://data.worldbank.org/indicator/NY.GDP.MKTP.CD,2026-08-02T04:09:09.383790+00:00
COL,Colombia,2016,Demographics,Population,47437512,people,World Bank Open Data,https://data.worldbank.org/indicator/SP.POP.TOTL,2026-08-02T04:09:08.531329+00:00
COL,Colombia,2016,Economics,GDP (current US$),282720100286.228,current US$,World Bank Open Data,https://data.worldbank.org/indicator/NY.GDP.MKTP.CD,2026-08-02T04:09:09.383790+00:00
COL,Colombia,2017,Demographics,Population,48131078,people,World Bank Open Data,https://data.worldbank.org/indicator/SP.POP.TOTL,2026-08-02T04:09:08.531329+00:00
COL,Colombia,2017,Economics,GDP (current US$),311866875156.879,current US$,World Bank Open Data,https://data.worldbank.org/indicator/NY.GDP.MKTP.CD,2026-08-02T04:09:09.383790+00:00
COL,Colombia,2018,Demographics,Population,49024465,people,World Bank Open Data,https://data.worldbank.org/indicator/SP.POP.TOTL,2026-08-02T04:09:08.531329+00:00
COL,Colombia,2018,Economics,GDP (current US$),334198218098.276,current US$,World Bank Open Data,https://data.worldbank.org/indicator/NY.GDP.MKTP.CD,2026-08-02T04:09:09.383790+00:00
COL,Colombia,2019,Demographics,Population,49907985,people,World Bank Open Data,https://data.worldbank.org/indicator/SP.POP.TOTL,2026-08-02T04:09:08.531329+00:00
COL,Colombia,2019,Economics,GDP (current US$),323031701192.84,current US$,World Bank Open Data,https://data.worldbank.org/indicator/NY.GDP.MKTP.CD,2026-08-02T04:09:09.383790+00:00
COL,Colombia,2020,Demographics,Population,50629997,people,World Bank Open Data,https://data.worldbank.org/indicator/SP.POP.TOTL,2026-08-02T04:09:08.531329+00:00
COL,Colombia,2020,Economics,GDP (current US$),270348342541.465,current US$,World Bank Open Data,https://data.worldbank.org/indicator/NY.GDP.MKTP.CD,2026-08-02T04:09:09.383790+00:00
COL,Colombia,2021,Demographics,Population,51188173,people,World Bank Open Data,https://data.worldbank.org/indicator/SP.POP.TOTL,2026-08-02T04:09:08.531329+00:00
COL,Colombia,2021,Economics,GDP (current US$),318524633225.395,current US$,World Bank Open Data,https://data.worldbank.org/indicator/NY.GDP.MKTP.CD,2026-08-02T04:09:09.383790+00:00
COL,Colombia,2022,Demographics,Population,51737944,people,World Bank Open Data,https://data.worldbank.org/indicator/SP.POP.TOTL,2026-08-02T04:09:08.531329+00:00
COL,Colombia,2022,Economics,GDP (current US$),345632492851.448,current US$,World Bank Open Data,https://data.worldbank.org/indicator/NY.GDP.MKTP.CD,2026-08-02T04:09:09.383790+00:00
COL,Colombia,2023,Demographics,Population,52321152,people,World Bank Open Data,https://data.worldbank.org/indicator/SP.POP.TOTL,2026-08-02T04:09:08.531329+00:00
COL,Colombia,2023,Economics,GDP (current US$),366901643683.302,current US$,World Bank Open Data,https://data.worldbank.org/indicator/NY.GDP.MKTP.CD,2026-08-02T04:09:09.383790+00:00
COL,Colombia,2024,Demographics,Population,52886363,people,World Bank Open Data,https://data.worldbank.org/indicator/SP.POP.TOTL,2026-08-02T04:09:08.531329+00:00
COL,Colombia,2024,Economics,GDP (current US$),420504033143.211,current US$,World Bank Open Data,https://data.worldbank.org/indicator/NY.GDP.MKTP.CD,2026-08-02T04:09:09.383790+00:00
COL,Colombia,2025,Demographics,Population,53425635,people,World Bank Open Data,https://data.worldbank.org/indicator/SP.POP.TOTL,2026-08-02T04:09:08.531329+00:00
COL,Colombia,2025,Economics,GDP (current US$),457410034202.523,current US$,World Bank Open Data,https://data.worldbank.org/indicator/NY.GDP.MKTP.CD,2026-08-02T04:09:09.383790+00:00
COM,Comoros,2016,Demographics,Population,741741,people,World Bank Open Data,https://data.worldbank.org/indicator/SP.POP.TOTL,2026-08-02T04:09:08.531329+00:00
COM,Comoros,2016,Economics,GDP (current US$),1012835493.19325,current US$,World Bank Open Data,https://data.worldbank.org/indicator/NY.GDP.MKTP.CD,2026-08-02T04:09:09.383790+00:00
COM,Comoros,2017,Demographics,Population,756669,people,World Bank Open Data,https://data.worldbank.org/indicator/SP.POP.TOTL,2026-08-02T04:09:08.531329+00:00
COM,Comoros,2017,Economics,GDP (current US$),1077439756.59451,current US$,World Bank Open Data,https://data.worldbank.org/indicator/NY.GDP.MKTP.CD,2026-08-02T04:09:09.383790+00:00
COM,Comoros,2018,Demographics,Population,771590,people,World Bank Open Data,https://data.worldbank.org/indicator/SP.POP.TOTL,2026-08-02T04:09:08.531329+00:00
COM,Comoros,2018,Economics,GDP (current US$),1188797449.38584,current US$,World Bank Open Data,https://data.worldbank.org/indicator/NY.GDP.MKTP.CD,2026-08-02T04:09:09.383790+00:00
COM,Comoros,2019,Demographics,Population,786578,people,World Bank Open Data,https://data.worldbank.org/indicator/SP.POP.TOTL,2026-08-02T04:09:08.531329+00:00
COM,Comoros,2019,Economics,GDP (current US$),1195019531.9011,current US$,World Bank Open Data,https://data.worldbank.org/indicator/NY.GDP.MKTP.CD,2026-08-02T04:09:09.383790+00:00
COM,Comoros,2020,Demographics,Population,802163,people,World Bank Open Data,https://data.worldbank.org/indicator/SP.POP.TOTL,2026-08-02T04:09:08.531329+00:00
COM,Comoros,2020,Economics,GDP (current US$),1225039196.61091,current US$,World Bank Open Data,https://data.worldbank.org/indicator/NY.GDP.MKTP.CD,2026-08-02T04:09:09.383790+00:00
COM,Comoros,2021,Demographics,Population,818174,people,World Bank Open Data,https://data.worldbank.org/indicator/SP.POP.TOTL,2026-08-02T04:09:08.531329+00:00
COM,Comoros,2021,Economics,GDP (current US$),1299039312.22277,current US$,World Bank Open Data,https://data.worldbank.org/indicator/NY.GDP.MKTP.CD,2026-08-02T04:09:09.383790+00:00
COM,Comoros,2022,Demographics,Population,834188,people,World Bank Open Data,https://data.worldbank.org/indicator/SP.POP.TOTL,2026-08-02T04:09:08.531329+00:00
COM,Comoros,2022,Economics,GDP (current US$),1279542248.96288,current US$,World Bank Open Data,https://data.worldbank.org/indicator/NY.GDP.MKTP.CD,2026-08-02T04:09:09.383790+00:00
COM,Comoros,2023,Demographics,Population,850387,people,World Bank Open Data,https://data.worldbank.org/indicator/SP.POP.TOTL,2026-08-02T04:09:08.531329+00:00
COM,Comoros,2023,Economics,GDP (current US$),1465977684.31307,current US$,World Bank Open Data,https://data.worldbank.org/indicator/NY.GDP.MKTP.CD,2026-08-02T04:09:09.383790+00:00
COM,Comoros,2024,Demographics,Population,866628,people,World Bank Open Data,https://data.worldbank.org/indicator/SP.POP.TOTL,2026-08-02T04:09:08.531329+00:00
COM,Comoros,2024,Economics,GDP (current US$),1610082688.26617,current US$,World Bank Open Data,https://data.worldbank.org/indicator/NY.GDP.MKTP.CD,2026-08-02T04:09:09.383790+00:00
COM,Comoros,2025,Demographics,Population,882847,people,World Bank Open Data,https://data.worldbank.org/indicator/SP.POP.TOTL,2026-08-02T04:09:08.531329+00:00
COM,Comoros,2025,Economics,GDP (current US$),1814920856.27026,current US$,World Bank Open Data,https://data.worldbank.org/indicator/NY.GDP.MKTP.CD,2026-08-02T04:09:09.383790+00:00
CPV,Cabo Verde,2016,Demographics,Population,512554,people,World Bank Open Data,https://data.worldbank.org/indicator/SP.POP.TOTL,2026-08-02T04:09:08.531329+00:00
CPV,Cabo Verde,2016,Economics,GDP (current US$),1849789985.99572,current US$,World Bank Open Data,https://data.worldbank.org/indicator/NY.GDP.MKTP.CD,2026-08-02T04:09:09.383790+00:00
CPV,Cabo Verde,2017,Demographics,Population,512893,people,World Bank Open Data,https://data.worldbank.org/indicator/SP.POP.TOTL,2026-08-02T04:09:08.531329+00:00
CPV,Cabo Verde,2017,Economics,GDP (current US$),1996741539.95088,current US$,World Bank Open Data,https://data.worldbank.org/indicator/NY.GDP.MKTP.CD,2026-08-02T04:09:09.383790+00:00
CPV,Cabo Verde,2018,Demographics,Population,513415,people,World Bank Open Data,https://data.worldbank.org/indicator/SP.POP.TOTL,2026-08-02T04:09:08.531329+00:00
CPV,Cabo Verde,2018,Economics,GDP (current US$),2205099506.99994,current US$,World Bank Open Data,https://data.worldbank.org/indicator/NY.GDP.MKTP.CD,2026-08-02T04:09:09.383790+00:00
CPV,Cabo Verde,2019,Demographics,Population,514104,people,World Bank Open Data,https://data.worldbank.org/indicator/SP.POP.TOTL,2026-08-02T04:09:08.531329+00:00
CPV,Cabo Verde,2019,Economics,GDP (current US$),2252177124.32402,current US$,World Bank Open Data,https://data.worldbank.org/indicator/NY.GDP.MKTP.CD,2026-08-02T04:09:09.383790+00:00
CPV,Cabo Verde,2020,Demographics,Population,514679,people,World Bank Open Data,https://data.worldbank.org/indicator/SP.POP.TOTL,2026-08-02T04:09:08.531329+00:00
CPV,Cabo Verde,2020,Economics,GDP (current US$),1821565613.68613,current US$,World Bank Open Data,https://data.worldbank.org/indicator/NY.GDP.MKTP.CD,2026-08-02T04:09:09.383790+00:00
CPV,Cabo Verde,2021,Demographics,Population,516649,people,World Bank Open Data,https://data.worldbank.org/indicator/SP.POP.TOTL,2026-08-02T04:09:08.531329+00:00
CPV,Cabo Verde,2021,Economics,GDP (current US$),2051842618.70539,current US$,World Bank Open Data,https://data.worldbank.org/indicator/NY.GDP.MKTP.CD,2026-08-02T04:09:09.383790+00:00
CPV,Cabo Verde,2022,Demographics,Population,519741,people,World Bank Open Data,https://data.worldbank.org/indicator/SP.POP.TOTL,2026-08-02T04:09:08.531329+00:00
CPV,Cabo Verde,2022,Economics,GDP (current US$),2247003344.34242,current US$,World Bank Open Data,https://data.worldbank.org/indicator/NY.GDP.MKTP.CD,2026-08-02T04:09:09.383790+00:00
CPV,Cabo Verde,2023,Demographics,Population,522331,people,World Bank Open Data,https://data.worldbank.org/indicator/SP.POP.TOTL,2026-08-02T04:09:08.531329+00:00
CPV,Cabo Verde,2023,Economics,GDP (current US$),2504525537.51069,current US$,World Bank Open Data,https://data.worldbank.org/indicator/NY.GDP.MKTP.CD,2026-08-02T04:09:09.383790+00:00
CPV,Cabo Verde,2024,Demographics,Population,524877,people,World Bank Open Data,https://data.worldbank.org/indicator/SP.POP.TOTL,2026-08-02T04:09:08.531329+00:00
CPV,Cabo Verde,2024,Economics,GDP (current US$),2713721857.39153,current US$,World Bank Open Data,https://data.worldbank.org/indicator/NY.GDP.MKTP.CD,2026-08-02T04:09:09.383790+00:00
CPV,Cabo Verde,2025,Demographics,Population,527326,people,World Bank Open Data,https://data.worldbank.org/indicator/SP.POP.TOTL,2026-08-02T04:09:08.531329+00:00
CPV,Cabo Verde,2025,Economics,GDP (current US$),3056630435.32463,current US$,World Bank Open Data,https://data.worldbank.org/indicator/NY.GDP.MKTP.CD,2026-08-02T04:09:09.383790+00:00
CRI,Costa Rica,2016,Demographics,Population,4866998,people,World Bank Open Data,https://data.worldbank.org/indicator/SP.POP.TOTL,2026-08-02T04:09:08.531329+00:00
CRI,Costa Rica,2016,Economics,GDP (current US$),58847019587.626,current US$,World Bank Open Data,https://data.worldbank.org/indicator/NY.GDP.MKTP.CD,2026-08-02T04:09:09.383790+00:00
CRI,Costa Rica,2017,Demographics,Population,4913177,people,World Bank Open Data,https://data.worldbank.org/indicator/SP.POP.TOTL,2026-08-02T04:09:08.531329+00:00
CRI,Costa Rica,2017,Economics,GDP (current US$),60516044660.7496,current US$,World Bank Open Data,https://data.worldbank.org/indicator/NY.GDP.MKTP.CD,2026-08-02T04:09:09.383790+00:00
CRI,Costa Rica,2018,Demographics,Population,4957818,people,World Bank Open Data,https://data.worldbank.org/indicator/SP.POP.TOTL,2026-08-02T04:09:08.531329+00:00
CRI,Costa Rica,2018,Economics,GDP (current US$),62567765946.2665,current US$,World Bank Open Data,https://data.worldbank.org/indicator/NY.GDP.MKTP.CD,2026-08-02T04:09:09.383790+00:00
CRI,Costa Rica,2019,Demographics,Population,4999553,people,World Bank Open Data,https://data.worldbank.org/indicator/SP.POP.TOTL,2026-08-02T04:09:08.531329+00:00
CRI,Costa Rica,2019,Economics,GDP (current US$),64753504730.018,current US$,World Bank Open Data,https://data.worldbank.org/indicator/NY.GDP.MKTP.CD,2026-08-02T04:09:09.383790+00:00
CRI,Costa Rica,2020,Demographics,Population,5034320,people,World Bank Open Data,https://data.worldbank.org/indicator/SP.POP.TOTL,2026-08-02T04:09:08.531329+00:00
CRI,Costa Rica,2020,Economics,GDP (current US$),62806591554.7345,current US$,World Bank Open Data,https://data.worldbank.org/indicator/NY.GDP.MKTP.CD,2026-08-02T04:09:09.383790+00:00
CRI,Costa Rica,2021,Demographics,Population,5059988,people,World Bank Open Data,https://data.worldbank.org/indicator/SP.POP.TOTL,2026-08-02T04:09:08.531329+00:00
CRI,Costa Rica,2021,Economics,GDP (current US$),65588938787.0243,current US$,World Bank Open Data,https://data.worldbank.org/indicator/NY.GDP.MKTP.CD,2026-08-02T04:09:09.383790+00:00
CRI,Costa Rica,2022,Demographics,Population,5081765,people,World Bank Open Data,https://data.worldbank.org/indicator/SP.POP.TOTL,2026-08-02T04:09:08.531329+00:00
CRI,Costa Rica,2022,Economics,GDP (current US$),71001226360.8008,current US$,World Bank Open Data,https://data.worldbank.org/indicator/NY.GDP.MKTP.CD,2026-08-02T04:09:09.383790+00:00
CRI,Costa Rica,2023,Demographics,Population,5105525,people,World Bank Open Data,https://data.worldbank.org/indicator/SP.POP.TOTL,2026-08-02T04:09:08.531329+00:00
CRI,Costa Rica,2023,Economics,GDP (current US$),87512637055.7736,current US$,World Bank Open Data,https://data.worldbank.org/indicator/NY.GDP.MKTP.CD,2026-08-02T04:09:09.383790+00:00
CRI,Costa Rica,2024,Demographics,Population,5129910,people,World Bank Open Data,https://data.worldbank.org/indicator/SP.POP.TOTL,2026-08-02T04:09:08.531329+00:00
CRI,Costa Rica,2024,Economics,GDP (current US$),96715644330.6612,current US$,World Bank Open Data,https://data.worldbank.org/indicator/NY.GDP.MKTP.CD,2026-08-02T04:09:09.383790+00:00
CRI,Costa Rica,2025,Demographics,Population,5152950,people,World Bank Open Data,https://data.worldbank.org/indicator/SP.POP.TOTL,2026-08-02T04:09:08.531329+00:00
CRI,Costa Rica,2025,Economics,GDP (current US$),102904921157.478,current US$,World Bank Open Data,https://data.worldbank.org/indicator/NY.GDP.MKTP.CD,2026-08-02T04:09:09.383790+00:00
CUB,Cuba,2016,Demographics,Population,11265612,people,World Bank Open Data,https://data.worldbank.org/indicator/SP.POP.TOTL,2026-08-02T04:09:08.531329+00:00
CUB,Cuba,2016,Economics,GDP (current US$),91370407900.0,current US$,World Bank Open Data,https://data.worldbank.org/indicator/NY.GDP.MKTP.CD,2026-08-02T04:09:09.383790+00:00
CUB,Cuba,2017,Demographics,Population,11247829,people,World Bank Open Data,https://data.worldbank.org/indicator/SP.POP.TOTL,2026-08-02T04:09:08.531329+00:00
CUB,Cuba,2017,Economics,GDP (current US$),96850649700.0,current US$,World Bank Open Data,https://data.worldbank.org/indicator/NY.GDP.MKTP.CD,2026-08-02T04:09:09.383790+00:00
CUB,Cuba,2018,Demographics,Population,11227118,people,World Bank Open Data,https://data.worldbank.org/indicator/SP.POP.TOTL,2026-08-02T04:09:08.531329+00:00
CUB,Cuba,2018,Economics,GDP (current US$),100050036100.0,current US$,World Bank Open Data,https://data.worldbank.org/indicator/NY.GDP.MKTP.CD,2026-08-02T04:09:09.383790+00:00
CUB,Cuba,2019,Demographics,Population,11202846,people,World Bank Open Data,https://data.worldbank.org/indicator/SP.POP.TOTL,2026-08-02T04:09:08.531329+00:00
CUB,Cuba,2019,Economics,GDP (current US$),103427600000.0,current US$,World Bank Open Data,https://data.worldbank.org/indicator/NY.GDP.MKTP.CD,2026-08-02T04:09:09.383790+00:00
CUB,Cuba,2020,Demographics,Population,11176354,people,World Bank Open Data,https://data.worldbank.org/indicator/SP.POP.TOTL,2026-08-02T04:09:08.531329+00:00
CUB,Cuba,2020,Economics,GDP (current US$),107352000000.0,current US$,World Bank Open Data,https://data.worldbank.org/indicator/NY.GDP.MKTP.CD,2026-08-02T04:09:09.383790+00:00
CUB,Cuba,2021,Demographics,Population,11122168,people,World Bank Open Data,https://data.worldbank.org/indicator/SP.POP.TOTL,2026-08-02T04:09:08.531329+00:00
CUB,Cuba,2022,Demographics,Population,11059820,people,World Bank Open Data,https://data.worldbank.org/indicator/SP.POP.TOTL,2026-08-02T04:09:08.531329+00:00
CUB,Cuba,2023,Demographics,Population,11019931,people,World Bank Open Data,https://data.worldbank.org/indicator/SP.POP.TOTL,2026-08-02T04:09:08.531329+00:00
CUB,Cuba,2024,Demographics,Population,10979783,people,World Bank Open Data,https://data.worldbank.org/indicator/SP.POP.TOTL,2026-08-02T04:09:08.531329+00:00
CUB,Cuba,2025,Demographics,Population,10937203,people,World Bank Open Data,https://data.worldbank.org/indicator/SP.POP.TOTL,2026-08-02T04:09:08.531329+00:00
CUW,Curacao,2016,Demographics,Population,159664,people,World Bank Open Data,https://data.worldbank.org/indicator/SP.POP.TOTL,2026-08-02T04:09:08.531329+00:00
CUW,Curacao,2016,Economics,GDP (current US$),3024690167.59777,current US$,World Bank Open Data,https://data.worldbank.org/indicator/NY.GDP.MKTP.CD,2026-08-02T04:09:09.383790+00:00
CUW,Curacao,2017,Demographics,Population,160175,people,World Bank Open Data,https://data.worldbank.org/indicator/SP.POP.TOTL,2026-08-02T04:09:08.531329+00:00
CUW,Curacao,2017,Economics,GDP (current US$),3033433240.22346,current US$,World Bank Open Data,https://data.worldbank.org/indicator/NY.GDP.MKTP.CD,2026-08-02T04:09:09.383790+00:00
CUW,Curacao,2018,Demographics,Population,159336,people,World Bank Open Data,https://data.worldbank.org/indicator/SP.POP.TOTL,2026-08-02T04:09:08.531329+00:00
CUW,Curacao,2018,Economics,GDP (current US$),3046364804.46927,current US$,World Bank Open Data,https://data.worldbank.org/indicator/NY.GDP.MKTP.CD,2026-08-02T04:09:09.383790+00:00
CUW,Curacao,2019,Demographics,Population,157441,people,World Bank Open Data,https://data.worldbank.org/indicator/SP.POP.TOTL,2026-08-02T04:09:08.531329+00:00
CUW,Curacao,2019,Economics,GDP (current US$),3026124134.07821,current US$,World Bank Open Data,https://data.worldbank.org/indicator/NY.GDP.MKTP.CD,2026-08-02T04:09:09.383790+00:00
CUW,Curacao,2020,Demographics,Population,155482,people,World Bank Open Data,https://data.worldbank.org/indicator/SP.POP.TOTL,2026-08-02T04:09:08.531329+00:00
CUW,Curacao,2020,Economics,GDP (current US$),2534327597.76536,current US$,World Bank Open Data,https://data.worldbank.org/indicator/NY.GDP.MKTP.CD,2026-08-02T04:09:09.383790+00:00
CUW,Curacao,2021,Demographics,Population,153948,people,World Bank Open Data,https://data.worldbank.org/indicator/SP.POP.TOTL,2026-08-02T04:09:08.531329+00:00
CUW,Curacao,2021,Economics,GDP (current US$),2739594357.5419,current US$,World Bank Open Data,https://data.worldbank.org/indicator/NY.GDP.MKTP.CD,2026-08-02T04:09:09.383790+00:00
CUW,Curacao,2022,Demographics,Population,153321,people,World Bank Open Data,https://data.worldbank.org/indicator/SP.POP.TOTL,2026-08-02T04:09:08.531329+00:00
CUW,Curacao,2022,Economics,GDP (current US$),3075180837.98883,current US$,World Bank Open Data,https://data.worldbank.org/indicator/NY.GDP.MKTP.CD,2026-08-02T04:09:09.383790+00:00
CUW,Curacao,2023,Demographics,Population,154654,people,World Bank Open Data,https://data.worldbank.org/indicator/SP.POP.TOTL,2026-08-02T04:09:08.531329+00:00
CUW,Curacao,2023,Economics,GDP (current US$),3281419329.60894,current US$,World Bank Open Data,https://data.worldbank.org/indicator/NY.GDP.MKTP.CD,2026-08-02T04:09:09.383790+00:00
CUW,Curacao,2024,Demographics,Population,155967,people,World Bank Open Data,https://data.worldbank.org/indicator/SP.POP.TOTL,2026-08-02T04:09:08.531329+00:00
CUW,Curacao,2024,Economics,GDP (current US$),3561178212.2905,current US$,World Bank Open Data,https://data.worldbank.org/indicator/NY.GDP.MKTP.CD,2026-08-02T04:09:09.383790+00:00
CUW,Curacao,2025,Demographics,Population,156263,people,World Bank Open Data,https://data.worldbank.org/indicator/SP.POP.TOTL,2026-08-02T04:09:08.531329+00:00
CYM,Cayman Islands,2016,Demographics,Population,63100,people,World Bank Open Data,https://data.worldbank.org/indicator/SP.POP.TOTL,2026-08-02T04:09:08.531329+00:00
CYM,Cayman Islands,2016,Economics,GDP (current US$),4909322237.28895,current US$,World Bank Open Data,https://data.worldbank.org/indicator/NY.GDP.MKTP.CD,2026-08-02T04:09:09.383790+00:00
CYM,Cayman Islands,2017,Demographics,Population,64535,people,World Bank Open Data,https://data.worldbank.org/indicator/SP.POP.TOTL,2026-08-02T04:09:08.531329+00:00
CYM,Cayman Islands,2017,Economics,GDP (current US$),5166281305.12522,current US$,World Bank Open Data,https://data.worldbank.org/indicator/NY.GDP.MKTP.CD,2026-08-02T04:09:09.383790+00:00
CYM,Cayman Islands,2018,Demographics,Population,65941,people,World Bank Open Data,https://data.worldbank.org/indicator/SP.POP.TOTL,2026-08-02T04:09:08.531329+00:00
CYM,Cayman Islands,2018,Economics,GDP (current US$),5530178440.71376,current US$,World Bank Open Data,https://data.worldbank.org/indicator/NY.GDP.MKTP.CD,2026-08-02T04:09:09.383790+00:00
CYM,Cayman Islands,2019,Demographics,Population,67327,people,World Bank Open Data,https://data.worldbank.org/indicator/SP.POP.TOTL,2026-08-02T04:09:08.531329+00:00
CYM,Cayman Islands,2019,Economics,GDP (current US$),5941896607.58643,current US$,World Bank Open Data,https://data.worldbank.org/indicator/NY.GDP.MKTP.CD,2026-08-02T04:09:09.383790+00:00
CYM,Cayman Islands,2020,Demographics,Population,68684,people,World Bank Open Data,https://data.worldbank.org/indicator/SP.POP.TOTL,2026-08-02T04:09:08.531329+00:00
CYM,Cayman Islands,2020,Economics,GDP (current US$),5655357984.24218,current US$,World Bank Open Data,https://data.worldbank.org/indicator/NY.GDP.MKTP.CD,2026-08-02T04:09:09.383790+00:00
CYM,Cayman Islands,2021,Demographics,Population,70108,people,World Bank Open Data,https://data.worldbank.org/indicator/SP.POP.TOTL,2026-08-02T04:09:08.531329+00:00
CYM,Cayman Islands,2021,Economics,GDP (current US$),6060813808.15072,current US$,World Bank Open Data,https://data.worldbank.org/indicator/NY.GDP.MKTP.CD,2026-08-02T04:09:09.383790+00:00
CYM,Cayman Islands,2022,Demographics,Population,71591,people,World Bank Open Data,https://data.worldbank.org/indicator/SP.POP.TOTL,2026-08-02T04:09:08.531329+00:00
CYM,Cayman Islands,2022,Economics,GDP (current US$),6653516041.43929,current US$,World Bank Open Data,https://data.worldbank.org/indicator/NY.GDP.MKTP.CD,2026-08-02T04:09:09.383790+00:00
CYM,Cayman Islands,2023,Demographics,Population,73038,people,World Bank Open Data,https://data.worldbank.org/indicator/SP.POP.TOTL,2026-08-02T04:09:08.531329+00:00
CYM,Cayman Islands,2023,Economics,GDP (current US$),7308564549.28678,current US$,World Bank Open Data,https://data.worldbank.org/indicator/NY.GDP.MKTP.CD,2026-08-02T04:09:09.383790+00:00
CYM,Cayman Islands,2024,Demographics,Population,74457,people,World Bank Open Data,https://data.worldbank.org/indicator/SP.POP.TOTL,2026-08-02T04:09:08.531329+00:00
CYM,Cayman Islands,2024,Economics,GDP (current US$),7765336505.34319,current US$,World Bank Open Data,https://data.worldbank.org/indicator/NY.GDP.MKTP.CD,2026-08-02T04:09:09.383790+00:00
CYM,Cayman Islands,2025,Demographics,Population,75844,people,World Bank Open Data,https://data.worldbank.org/indicator/SP.POP.TOTL,2026-08-02T04:09:08.531329+00:00
CYP,Cyprus,2016,Demographics,Population,1237112,people,World Bank Open Data,https://data.worldbank.org/indicator/SP.POP.TOTL,2026-08-02T04:09:08.531329+00:00
CYP,Cyprus,2016,Economics,GDP (current US$),21046452117.3759,current US$,World Bank Open Data,https://data.worldbank.org/indicator/NY.GDP.MKTP.CD,2026-08-02T04:09:09.383790+00:00
CYP,Cyprus,2017,Demographics,Population,1254275,people,World Bank Open Data,https://data.worldbank.org/indicator/SP.POP.TOTL,2026-08-02T04:09:08.531329+00:00
CYP,Cyprus,2017,Economics,GDP (current US$),22946583375.5506,current US$,World Bank Open Data,https://data.worldbank.org/indicator/NY.GDP.MKTP.CD,2026-08-02T04:09:09.383790+00:00
CYP,Cyprus,2018,Demographics,Population,1270737,people,World Bank Open Data,https://data.worldbank.org/indicator/SP.POP.TOTL,2026-08-02T04:09:08.531329+00:00
CYP,Cyprus,2018,Economics,GDP (current US$),25754011492.2204,current US$,World Bank Open Data,https://data.worldbank.org/indicator/NY.GDP.MKTP.CD,2026-08-02T04:09:09.383790+00:00
CYP,Cyprus,2019,Demographics,Population,1286671,people,World Bank Open Data,https://data.worldbank.org/indicator/SP.POP.TOTL,2026-08-02T04:09:08.531329+00:00
CYP,Cyprus,2019,Economics,GDP (current US$),26196660680.1176,current US$,World Bank Open Data,https://data.worldbank.org/indicator/NY.GDP.MKTP.CD,2026-08-02T04:09:09.383790+00:00
CYP,Cyprus,2020,Demographics,Population,1302247,people,World Bank Open Data,https://data.worldbank.org/indicator/SP.POP.TOTL,2026-08-02T04:09:08.531329+00:00
CYP,Cyprus,2020,Economics,GDP (current US$),25555082266.6429,current US$,World Bank Open Data,https://data.worldbank.org/indicator/NY.GDP.MKTP.CD,2026-08-02T04:09:09.383790+00:00
CYP,Cyprus,2021,Demographics,Population,1317309,people,World Bank Open Data,https://data.worldbank.org/indicator/SP.POP.TOTL,2026-08-02T04:09:08.531329+00:00
CYP,Cyprus,2021,Economics,GDP (current US$),30372637513.1352,current US$,World Bank Open Data,https://data.worldbank.org/indicator/NY.GDP.MKTP.CD,2026-08-02T04:09:09.383790+00:00
CYP,Cyprus,2022,Demographics,Population,1331370,people,World Bank Open Data,https://data.worldbank.org/indicator/SP.POP.TOTL,2026-08-02T04:09:08.531329+00:00
CYP,Cyprus,2022,Economics,GDP (current US$),31218047043.8386,current US$,World Bank Open Data,https://data.worldbank.org/indicator/NY.GDP.MKTP.CD,2026-08-02T04:09:09.383790+00:00
CYP,Cyprus,2023,Demographics,Population,1344976,people,World Bank Open Data,https://data.worldbank.org/indicator/SP.POP.TOTL,2026-08-02T04:09:08.531329+00:00
CYP,Cyprus,2023,Economics,GDP (current US$),35075440602.5202,current US$,World Bank Open Data,https://data.worldbank.org/indicator/NY.GDP.MKTP.CD,2026-08-02T04:09:09.383790+00:00
CYP,Cyprus,2024,Demographics,Population,1358282,people,World Bank Open Data,https://data.worldbank.org/indicator/SP.POP.TOTL,2026-08-02T04:09:08.531329+00:00
CYP,Cyprus,2024,Economics,GDP (current US$),37634551820.7367,current US$,World Bank Open Data,https://data.worldbank.org/indicator/NY.GDP.MKTP.CD,2026-08-02T04:09:09.383790+00:00
CYP,Cyprus,2025,Demographics,Population,1370754,people,World Bank Open Data,https://data.worldbank.org/indicator/SP.POP.TOTL,2026-08-02T04:09:08.531329+00:00
CYP,Cyprus,2025,Economics,GDP (current US$),41225787247.3309,current US$,World Bank Open Data,https://data.worldbank.org/indicator/NY.GDP.MKTP.CD,2026-08-02T04:09:09.383790+00:00
CZE,Czechia,2016,Demographics,Population,10566332,people,World Bank Open Data,https://data.worldbank.org/indicator/SP.POP.TOTL,2026-08-02T04:09:08.531329+00:00
CZE,Czechia,2016,Economics,GDP (current US$),198160659303.939,current US$,World Bank Open Data,https://data.worldbank.org/indicator/NY.GDP.MKTP.CD,2026-08-02T04:09:09.383790+00:00
CZE,Czechia,2017,Demographics,Population,10594438,people,World Bank Open Data,https://data.worldbank.org/indicator/SP.POP.TOTL,2026-08-02T04:09:08.531329+00:00
CZE,Czechia,2017,Economics,GDP (current US$),221563575696.217,current US$,World Bank Open Data,https://data.worldbank.org/indicator/NY.GDP.MKTP.CD,2026-08-02T04:09:09.383790+00:00
CZE,Czechia,2018,Demographics,Population,10629928,people,World Bank Open Data,https://data.worldbank.org/indicator/SP.POP.TOTL,2026-08-02T04:09:08.531329+00:00
CZE,Czechia,2018,Economics,GDP (current US$),251992360762.236,current US$,World Bank Open Data,https://data.worldbank.org/indicator/NY.GDP.MKTP.CD,2026-08-02T04:09:09.383790+00:00
CZE,Czechia,2019,Demographics,Population,10671870,people,World Bank Open Data,https://data.worldbank.org/indicator/SP.POP.TOTL,2026-08-02T04:09:08.531329+00:00
CZE,Czechia,2019,Economics,GDP (current US$),256794209028.77,current US$,World Bank Open Data,https://data.worldbank.org/indicator/NY.GDP.MKTP.CD,2026-08-02T04:09:09.383790+00:00
CZE,Czechia,2020,Demographics,Population,10697858,people,World Bank Open Data,https://data.worldbank.org/indicator/SP.POP.TOTL,2026-08-02T04:09:08.531329+00:00
CZE,Czechia,2020,Economics,GDP (current US$),251109660602.536,current US$,World Bank Open Data,https://data.worldbank.org/indicator/NY.GDP.MKTP.CD,2026-08-02T04:09:09.383790+00:00
CZE,Czechia,2021,Demographics,Population,10505772,people,World Bank Open Data,https://data.worldbank.org/indicator/SP.POP.TOTL,2026-08-02T04:09:08.531329+00:00
CZE,Czechia,2021,Economics,GDP (current US$),290972714482.313,current US$,World Bank Open Data,https://data.worldbank.org/indicator/NY.GDP.MKTP.CD,2026-08-02T04:09:09.383790+00:00
CZE,Czechia,2022,Demographics,Population,10672118,people,World Bank Open Data,https://data.worldbank.org/indicator/SP.POP.TOTL,2026-08-02T04:09:08.531329+00:00
CZE,Czechia,2022,Economics,GDP (current US$),301831228325.556,current US$,World Bank Open Data,https://data.worldbank.org/indicator/NY.GDP.MKTP.CD,2026-08-02T04:09:09.383790+00:00
CZE,Czechia,2023,Demographics,Population,10864042,people,World Bank Open Data,https://data.worldbank.org/indicator/SP.POP.TOTL,2026-08-02T04:09:08.531329+00:00
CZE,Czechia,2023,Economics,GDP (current US$),345059295659.911,current US$,World Bank Open Data,https://data.worldbank.org/indicator/NY.GDP.MKTP.CD,2026-08-02T04:09:09.383790+00:00
CZE,Czechia,2024,Demographics,Population,10905028,people,World Bank Open Data,https://data.worldbank.org/indicator/SP.POP.TOTL,2026-08-02T04:09:08.531329+00:00
CZE,Czechia,2024,Economics,GDP (current US$),347082562221.377,current US$,World Bank Open Data,https://data.worldbank.org/indicator/NY.GDP.MKTP.CD,2026-08-02T04:09:09.383790+00:00
CZE,Czechia,2025,Demographics,Population,10886878,people,World Bank Open Data,https://data.worldbank.org/indicator/SP.POP.TOTL,2026-08-02T04:09:08.531329+00:00
CZE,Czechia,2025,Economics,GDP (current US$),391026962800.475,current US$,World Bank Open Data,https://data.worldbank.org/indicator/NY.GDP.MKTP.CD,2026-08-02T04:09:09.383790+00:00
DEU,Germany,2016,Demographics,Population,82348669,people,World Bank Open Data,https://data.worldbank.org/indicator/SP.POP.TOTL,2026-08-02T04:09:08.531329+00:00
DEU,Germany,2016,Economics,GDP (current US$),3536787895179.0,current US$,World Bank Open Data,https://data.worldbank.org/indicator/NY.GDP.MKTP.CD,2026-08-02T04:09:09.383790+00:00
DEU,Germany,2017,Demographics,Population,82657002,people,World Bank Open Data,https://data.worldbank.org/indicator/SP.POP.TOTL,2026-08-02T04:09:08.531329+00:00
DEU,Germany,2017,Economics,GDP (current US$),3765351626105.89,current US$,World Bank Open Data,https://data.worldbank.org/indicator/NY.GDP.MKTP.CD,2026-08-02T04:09:09.383790+00:00
DEU,Germany,2018,Demographics,Population,82905782,people,World Bank Open Data,https://data.worldbank.org/indicator/SP.POP.TOTL,2026-08-02T04:09:08.531329+00:00
DEU,Germany,2018,Economics,GDP (current US$),4055433215301.96,current US$,World Bank Open Data,https://data.worldbank.org/indicator/NY.GDP.MKTP.CD,2026-08-02T04:09:09.383790+00:00
DEU,Germany,2019,Demographics,Population,83092962,people,World Bank Open Data,https://data.worldbank.org/indicator/SP.POP.TOTL,2026-08-02T04:09:08.531329+00:00
DEU,Germany,2019,Economics,GDP (current US$),3959894794039.21,current US$,World Bank Open Data,https://data.worldbank.org/indicator/NY.GDP.MKTP.CD,2026-08-02T04:09:09.383790+00:00
DEU,Germany,2020,Demographics,Population,83160871,people,World Bank Open Data,https://data.worldbank.org/indicator/SP.POP.TOTL,2026-08-02T04:09:08.531329+00:00
DEU,Germany,2020,Economics,GDP (current US$),3941398957073.94,current US$,World Bank Open Data,https://data.worldbank.org/indicator/NY.GDP.MKTP.CD,2026-08-02T04:09:09.383790+00:00
DEU,Germany,2021,Demographics,Population,83196078,people,World Bank Open Data,https://data.worldbank.org/indicator/SP.POP.TOTL,2026-08-02T04:09:08.531329+00:00
DEU,Germany,2021,Economics,GDP (current US$),4355251953410.78,current US$,World Bank Open Data,https://data.worldbank.org/indicator/NY.GDP.MKTP.CD,2026-08-02T04:09:09.383790+00:00
DEU,Germany,2022,Demographics,Population,83177813,people,World Bank Open Data,https://data.worldbank.org/indicator/SP.POP.TOTL,2026-08-02T04:09:08.531329+00:00
DEU,Germany,2022,Economics,GDP (current US$),4201021706478.62,current US$,World Bank Open Data,https://data.worldbank.org/indicator/NY.GDP.MKTP.CD,2026-08-02T04:09:09.383790+00:00
DEU,Germany,2023,Demographics,Population,83287273,people,World Bank Open Data,https://data.worldbank.org/indicator/SP.POP.TOTL,2026-08-02T04:09:08.531329+00:00
DEU,Germany,2023,Economics,GDP (current US$),4562207532490.28,current US$,World Bank Open Data,https://data.worldbank.org/indicator/NY.GDP.MKTP.CD,2026-08-02T04:09:09.383790+00:00
DEU,Germany,2024,Demographics,Population,83516593,people,World Bank Open Data,https://data.worldbank.org/indicator/SP.POP.TOTL,2026-08-02T04:09:08.531329+00:00
DEU,Germany,2024,Economics,GDP (current US$),4685592577804.69,current US$,World Bank Open Data,https://data.worldbank.org/indicator/NY.GDP.MKTP.CD,2026-08-02T04:09:09.383790+00:00
DEU,Germany,2025,Demographics,Population,83491249,people,World Bank Open Data,https://data.worldbank.org/indicator/SP.POP.TOTL,2026-08-02T04:09:08.531329+00:00
DEU,Germany,2025,Economics,GDP (current US$),5050922925047.05,current US$,World Bank Open Data,https://data.worldbank.org/indicator/NY.GDP.MKTP.CD,2026-08-02T04:09:09.383790+00:00
DJI,Djibouti,2016,Demographics,Population,1037653,people,World Bank Open Data,https://data.worldbank.org/indicator/SP.POP.TOTL,2026-08-02T04:09:08.531329+00:00
DJI,Djibouti,2016,Economics,GDP (current US$),2604955228.70117,current US$,World Bank Open Data,https://data.worldbank.org/indicator/NY.GDP.MKTP.CD,2026-08-02T04:09:09.383790+00:00
DJI,Djibouti,2017,Demographics,Population,1054841,people,World Bank Open Data,https://data.worldbank.org/indicator/SP.POP.TOTL,2026-08-02T04:09:08.531329+00:00
DJI,Djibouti,2017,Economics,GDP (current US$),2762581334.22612,current US$,World Bank Open Data,https://data.worldbank.org/indicator/NY.GDP.MKTP.CD,2026-08-02T04:09:09.383790+00:00
DJI,Djibouti,2018,Demographics,Population,1071882,people,World Bank Open Data,https://data.worldbank.org/indicator/SP.POP.TOTL,2026-08-02T04:09:08.531329+00:00
DJI,Djibouti,2018,Economics,GDP (current US$),2913464658.08768,current US$,World Bank Open Data,https://data.worldbank.org/indicator/NY.GDP.MKTP.CD,2026-08-02T04:09:09.383790+00:00
DJI,Djibouti,2019,Demographics,Population,1088709,people,World Bank Open Data,https://data.worldbank.org/indicator/SP.POP.TOTL,2026-08-02T04:09:08.531329+00:00
DJI,Djibouti,2019,Economics,GDP (current US$),3088851450.30694,current US$,World Bank Open Data,https://data.worldbank.org/indicator/NY.GDP.MKTP.CD,2026-08-02T04:09:09.383790+00:00
DJI,Djibouti,2020,Demographics,Population,1105188,people,World Bank Open Data,https://data.worldbank.org/indicator/SP.POP.TOTL,2026-08-02T04:09:08.531329+00:00
DJI,Djibouti,2020,Economics,GDP (current US$),3144136196.6228,current US$,World Bank Open Data,https://data.worldbank.org/indicator/NY.GDP.MKTP.CD,2026-08-02T04:09:09.383790+00:00
DJI,Djibouti,2021,Demographics,Population,1121248,people,World Bank Open Data,https://data.worldbank.org/indicator/SP.POP.TOTL,2026-08-02T04:09:08.531329+00:00
DJI,Djibouti,2021,Economics,GDP (current US$),3392796953.08939,current US$,World Bank Open Data,https://data.worldbank.org/indicator/NY.GDP.MKTP.CD,2026-08-02T04:09:09.383790+00:00
DJI,Djibouti,2022,Demographics,Population,1137096,people,World Bank Open Data,https://data.worldbank.org/indicator/SP.POP.TOTL,2026-08-02T04:09:08.531329+00:00
DJI,Djibouti,2022,Economics,GDP (current US$),3562814908.76149,current US$,World Bank Open Data,https://data.worldbank.org/indicator/NY.GDP.MKTP.CD,2026-08-02T04:09:09.383790+00:00
DJI,Djibouti,2023,Demographics,Population,1152944,people,World Bank Open Data,https://data.worldbank.org/indicator/SP.POP.TOTL,2026-08-02T04:09:08.531329+00:00
DJI,Djibouti,2023,Economics,GDP (current US$),3898447007.38798,current US$,World Bank Open Data,https://data.worldbank.org/indicator/NY.GDP.MKTP.CD,2026-08-02T04:09:09.383790+00:00
DJI,Djibouti,2024,Demographics,Population,1168722,people,World Bank Open Data,https://data.worldbank.org/indicator/SP.POP.TOTL,2026-08-02T04:09:08.531329+00:00
DJI,Djibouti,2024,Economics,GDP (current US$),4152145939.98458,current US$,World Bank Open Data,https://data.worldbank.org/indicator/NY.GDP.MKTP.CD,2026-08-02T04:09:09.383790+00:00
DJI,Djibouti,2025,Demographics,Population,1184076,people,World Bank Open Data,https://data.worldbank.org/indicator/SP.POP.TOTL,2026-08-02T04:09:08.531329+00:00
DJI,Djibouti,2025,Economics,GDP (current US$),4624533092.31886,current US$,World Bank Open Data,https://data.worldbank.org/indicator/NY.GDP.MKTP.CD,2026-08-02T04:09:09.383790+00:00
DMA,Dominica,2016,Demographics,Population,69606,people,World Bank Open Data,https://data.worldbank.org/indicator/SP.POP.TOTL,2026-08-02T04:09:08.531329+00:00
DMA,Dominica,2016,Economics,GDP (current US$),612711111.111111,current US$,World Bank Open Data,https://data.worldbank.org/indicator/NY.GDP.MKTP.CD,2026-08-02T04:09:09.383790+00:00
DMA,Dominica,2017,Demographics,Population,68496,people,World Bank Open Data,https://data.worldbank.org/indicator/SP.POP.TOTL,2026-08-02T04:09:08.531329+00:00
DMA,Dominica,2017,Economics,GDP (current US$),563355555.555555,current US$,World Bank Open Data,https://data.worldbank.org/indicator/NY.GDP.MKTP.CD,2026-08-02T04:09:09.383790+00:00
DMA,Dominica,2018,Demographics,Population,68174,people,World Bank Open Data,https://data.worldbank.org/indicator/SP.POP.TOTL,2026-08-02T04:09:08.531329+00:00
DMA,Dominica,2018,Economics,GDP (current US$),628244444.444444,current US$,World Bank Open Data,https://data.worldbank.org/indicator/NY.GDP.MKTP.CD,2026-08-02T04:09:09.383790+00:00
DMA,Dominica,2019,Demographics,Population,67880,people,World Bank Open Data,https://data.worldbank.org/indicator/SP.POP.TOTL,2026-08-02T04:09:08.531329+00:00
DMA,Dominica,2019,Economics,GDP (current US$),644259259.259259,current US$,World Bank Open Data,https://data.worldbank.org/indicator/NY.GDP.MKTP.CD,2026-08-02T04:09:09.383790+00:00
DMA,Dominica,2020,Demographics,Population,67573,people,World Bank Open Data,https://data.worldbank.org/indicator/SP.POP.TOTL,2026-08-02T04:09:08.531329+00:00
DMA,Dominica,2020,Economics,GDP (current US$),528944444.444444,current US$,World Bank Open Data,https://data.worldbank.org/indicator/NY.GDP.MKTP.CD,2026-08-02T04:09:09.383790+00:00
DMA,Dominica,2021,Demographics,Population,67202,people,World Bank Open Data,https://data.worldbank.org/indicator/SP.POP.TOTL,2026-08-02T04:09:08.531329+00:00
DMA,Dominica,2021,Economics,GDP (current US$),562911111.111111,current US$,World Bank Open Data,https://data.worldbank.org/indicator/NY.GDP.MKTP.CD,2026-08-02T04:09:09.383790+00:00
DMA,Dominica,2022,Demographics,Population,66826,people,World Bank Open Data,https://data.worldbank.org/indicator/SP.POP.TOTL,2026-08-02T04:09:08.531329+00:00
DMA,Dominica,2022,Economics,GDP (current US$),623062962.962963,current US$,World Bank Open Data,https://data.worldbank.org/indicator/NY.GDP.MKTP.CD,2026-08-02T04:09:09.383790+00:00
DMA,Dominica,2023,Demographics,Population,66510,people,World Bank Open Data,https://data.worldbank.org/indicator/SP.POP.TOTL,2026-08-02T04:09:08.531329+00:00
DMA,Dominica,2023,Economics,GDP (current US$),659311111.111111,current US$,World Bank Open Data,https://data.worldbank.org/indicator/NY.GDP.MKTP.CD,2026-08-02T04:09:09.383790+00:00
DMA,Dominica,2024,Demographics,Population,66205,people,World Bank Open Data,https://data.worldbank.org/indicator/SP.POP.TOTL,2026-08-02T04:09:08.531329+00:00
DMA,Dominica,2024,Economics,GDP (current US$),688881481.481481,current US$,World Bank Open Data,https://data.worldbank.org/indicator/NY.GDP.MKTP.CD,2026-08-02T04:09:09.383790+00:00
DMA,Dominica,2025,Demographics,Population,65871,people,World Bank Open Data,https://data.worldbank.org/indicator/SP.POP.TOTL,2026-08-02T04:09:08.531329+00:00
DMA,Dominica,2025,Economics,GDP (current US$),723859259.259259,current US$,World Bank Open Data,https://data.worldbank.org/indicator/NY.GDP.MKTP.CD,2026-08-02T04:09:09.383790+00:00
DNK,Denmark,2016,Demographics,Population,5728010,people,World Bank Open Data,https://data.worldbank.org/indicator/SP.POP.TOTL,2026-08-02T04:09:08.531329+00:00
DNK,Denmark,2016,Economics,GDP (current US$),312181849372.233,current US$,World Bank Open Data,https://data.worldbank.org/indicator/NY.GDP.MKTP.CD,2026-08-02T04:09:09.383790+00:00
DNK,Denmark,2017,Demographics,Population,5764980,people,World Bank Open Data,https://data.worldbank.org/indicator/SP.POP.TOTL,2026-08-02T04:09:08.531329+00:00
DNK,Denmark,2017,Economics,GDP (current US$),331610593961.988,current US$,World Bank Open Data,https://data.worldbank.org/indicator/NY.GDP.MKTP.CD,2026-08-02T04:09:09.383790+00:00
DNK,Denmark,2018,Demographics,Population,5793636,people,World Bank Open Data,https://data.worldbank.org/indicator/SP.POP.TOTL,2026-08-02T04:09:08.531329+00:00
DNK,Denmark,2018,Economics,GDP (current US$),355293374912.393,current US$,World Bank Open Data,https://data.worldbank.org/indicator/NY.GDP.MKTP.CD,2026-08-02T04:09:09.383790+00:00
DNK,Denmark,2019,Demographics,Population,5814422,people,World Bank Open Data,https://data.worldbank.org/indicator/SP.POP.TOTL,2026-08-02T04:09:08.531329+00:00
DNK,Denmark,2019,Economics,GDP (current US$),345401473012.615,current US$,World Bank Open Data,https://data.worldbank.org/indicator/NY.GDP.MKTP.CD,2026-08-02T04:09:09.383790+00:00
DNK,Denmark,2020,Demographics,Population,5831404,people,World Bank Open Data,https://data.worldbank.org/indicator/SP.POP.TOTL,2026-08-02T04:09:08.531329+00:00
DNK,Denmark,2020,Economics,GDP (current US$),355631021931.621,current US$,World Bank Open Data,https://data.worldbank.org/indicator/NY.GDP.MKTP.CD,2026-08-02T04:09:09.383790+00:00
DNK,Denmark,2021,Demographics,Population,5856733,people,World Bank Open Data,https://data.worldbank.org/indicator/SP.POP.TOTL,2026-08-02T04:09:08.531329+00:00
DNK,Denmark,2021,Economics,GDP (current US$),406110162088.054,current US$,World Bank Open Data,https://data.worldbank.org/indicator/NY.GDP.MKTP.CD,2026-08-02T04:09:09.383790+00:00
DNK,Denmark,2022,Demographics,Population,5903037,people,World Bank Open Data,https://data.worldbank.org/indicator/SP.POP.TOTL,2026-08-02T04:09:08.531329+00:00
DNK,Denmark,2022,Economics,GDP (current US$),400114306337.077,current US$,World Bank Open Data,https://data.worldbank.org/indicator/NY.GDP.MKTP.CD,2026-08-02T04:09:09.383790+00:00
DNK,Denmark,2023,Demographics,Population,5946952,people,World Bank Open Data,https://data.worldbank.org/indicator/SP.POP.TOTL,2026-08-02T04:09:08.531329+00:00
DNK,Denmark,2023,Economics,GDP (current US$),404651706117.557,current US$,World Bank Open Data,https://data.worldbank.org/indicator/NY.GDP.MKTP.CD,2026-08-02T04:09:09.383790+00:00
DNK,Denmark,2024,Demographics,Population,5976992,people,World Bank Open Data,https://data.worldbank.org/indicator/SP.POP.TOTL,2026-08-02T04:09:08.531329+00:00
DNK,Denmark,2024,Economics,GDP (current US$),424524722037.047,current US$,World Bank Open Data,https://data.worldbank.org/indicator/NY.GDP.MKTP.CD,2026-08-02T04:09:09.383790+00:00
DNK,Denmark,2025,Demographics,Population,6009169,people,World Bank Open Data,https://data.worldbank.org/indicator/SP.POP.TOTL,2026-08-02T04:09:08.531329+00:00
DNK,Denmark,2025,Economics,GDP (current US$),462526660468.393,current US$,World Bank Open Data,https://data.worldbank.org/indicator/NY.GDP.MKTP.CD,2026-08-02T04:09:09.383790+00:00
DOM,Dominican Republic,2016,Demographics,Population,10551430,people,World Bank Open Data,https://data.worldbank.org/indicator/SP.POP.TOTL,2026-08-02T04:09:08.531329+00:00
DOM,Dominican Republic,2016,Economics,GDP (current US$),75552902635.7075,current US$,World Bank Open Data,https://data.worldbank.org/indicator/NY.GDP.MKTP.CD,2026-08-02T04:09:09.383790+00:00
DOM,Dominican Republic,2017,Demographics,Population,10666843,people,World Bank Open Data,https://data.worldbank.org/indicator/SP.POP.TOTL,2026-08-02T04:09:08.531329+00:00
DOM,Dominican Republic,2017,Economics,GDP (current US$),79070274743.1658,current US$,World Bank Open Data,https://data.worldbank.org/indicator/NY.GDP.MKTP.CD,2026-08-02T04:09:09.383790+00:00
DOM,Dominican Republic,2018,Demographics,Population,10782053,people,World Bank Open Data,https://data.worldbank.org/indicator/SP.POP.TOTL,2026-08-02T04:09:08.531329+00:00
DOM,Dominican Republic,2018,Economics,GDP (current US$),84994732049.3461,current US$,World Bank Open Data,https://data.worldbank.org/indicator/NY.GDP.MKTP.CD,2026-08-02T04:09:09.383790+00:00
DOM,Dominican Republic,2019,Demographics,Population,10894043,people,World Bank Open Data,https://data.worldbank.org/indicator/SP.POP.TOTL,2026-08-02T04:09:08.531329+00:00
DOM,Dominican Republic,2019,Economics,GDP (current US$),89146130744.723,current US$,World Bank Open Data,https://data.worldbank.org/indicator/NY.GDP.MKTP.CD,2026-08-02T04:09:09.383790+00:00
DOM,Dominican Republic,2020,Demographics,Population,11008300,people,World Bank Open Data,https://data.worldbank.org/indicator/SP.POP.TOTL,2026-08-02T04:09:08.531329+00:00
DOM,Dominican Republic,2020,Economics,GDP (current US$),78546672406.8291,current US$,World Bank Open Data,https://data.worldbank.org/indicator/NY.GDP.MKTP.CD,2026-08-02T04:09:09.383790+00:00
DOM,Dominican Republic,2021,Demographics,Population,11123476,people,World Bank Open Data,https://data.worldbank.org/indicator/SP.POP.TOTL,2026-08-02T04:09:08.531329+00:00
DOM,Dominican Republic,2021,Economics,GDP (current US$),94850719516.7127,current US$,World Bank Open Data,https://data.worldbank.org/indicator/NY.GDP.MKTP.CD,2026-08-02T04:09:09.383790+00:00
DOM,Dominican Republic,2022,Demographics,Population,11230734,people,World Bank Open Data,https://data.worldbank.org/indicator/SP.POP.TOTL,2026-08-02T04:09:08.531329+00:00
DOM,Dominican Republic,2022,Economics,GDP (current US$),113478103598.499,current US$,World Bank Open Data,https://data.worldbank.org/indicator/NY.GDP.MKTP.CD,2026-08-02T04:09:09.383790+00:00
DOM,Dominican Republic,2023,Demographics,Population,11331265,people,World Bank Open Data,https://data.worldbank.org/indicator/SP.POP.TOTL,2026-08-02T04:09:08.531329+00:00
DOM,Dominican Republic,2023,Economics,GDP (current US$),120456239153.739,current US$,World Bank Open Data,https://data.worldbank.org/indicator/NY.GDP.MKTP.CD,2026-08-02T04:09:09.383790+00:00
DOM,Dominican Republic,2024,Demographics,Population,11427557,people,World Bank Open Data,https://data.worldbank.org/indicator/SP.POP.TOTL,2026-08-02T04:09:08.531329+00:00
DOM,Dominican Republic,2024,Economics,GDP (current US$),124282245638.568,current US$,World Bank Open Data,https://data.worldbank.org/indicator/NY.GDP.MKTP.CD,2026-08-02T04:09:09.383790+00:00
DOM,Dominican Republic,2025,Demographics,Population,11520487,people,World Bank Open Data,https://data.worldbank.org/indicator/SP.POP.TOTL,2026-08-02T04:09:08.531329+00:00
DOM,Dominican Republic,2025,Economics,GDP (current US$),127407463759.043,current US$,World Bank Open Data,https://data.worldbank.org/indicator/NY.GDP.MKTP.CD,2026-08-02T04:09:09.383790+00:00
DZA,Algeria,2016,Demographics,Population,40850721,people,World Bank Open Data,https://data.worldbank.org/indicator/SP.POP.TOTL,2026-08-02T04:09:08.531329+00:00
DZA,Algeria,2016,Economics,GDP (current US$),180763839522.151,current US$,World Bank Open Data,https://data.worldbank.org/indicator/NY.GDP.MKTP.CD,2026-08-02T04:09:09.383790+00:00
DZA,Algeria,2017,Demographics,Population,41689299,people,World Bank Open Data,https://data.worldbank.org/indicator/SP.POP.TOTL,2026-08-02T04:09:08.531329+00:00
DZA,Algeria,2017,Economics,GDP (current US$),189880896903.073,current US$,World Bank Open Data,https://data.worldbank.org/indicator/NY.GDP.MKTP.CD,2026-08-02T04:09:09.383790+00:00
DZA,Algeria,2018,Demographics,Population,42505035,people,World Bank Open Data,https://data.worldbank.org/indicator/SP.POP.TOTL,2026-08-02T04:09:08.531329+00:00
DZA,Algeria,2018,Economics,GDP (current US$),194554483655.528,current US$,World Bank Open Data,https://data.worldbank.org/indicator/NY.GDP.MKTP.CD,2026-08-02T04:09:09.383790+00:00
DZA,Algeria,2019,Demographics,Population,43294546,people,World Bank Open Data,https://data.worldbank.org/indicator/SP.POP.TOTL,2026-08-02T04:09:08.531329+00:00
DZA,Algeria,2019,Economics,GDP (current US$),193459662090.677,current US$,World Bank Open Data,https://data.worldbank.org/indicator/NY.GDP.MKTP.CD,2026-08-02T04:09:09.383790+00:00
DZA,Algeria,2020,Demographics,Population,44042091,people,World Bank Open Data,https://data.worldbank.org/indicator/SP.POP.TOTL,2026-08-02T04:09:08.531329+00:00
DZA,Algeria,2020,Economics,GDP (current US$),164873415325.201,current US$,World Bank Open Data,https://data.worldbank.org/indicator/NY.GDP.MKTP.CD,2026-08-02T04:09:09.383790+00:00
DZA,Algeria,2021,Demographics,Population,44761099,people,World Bank Open Data,https://data.worldbank.org/indicator/SP.POP.TOTL,2026-08-02T04:09:08.531329+00:00
DZA,Algeria,2021,Economics,GDP (current US$),186231205262.082,current US$,World Bank Open Data,https://data.worldbank.org/indicator/NY.GDP.MKTP.CD,2026-08-02T04:09:09.383790+00:00
DZA,Algeria,2022,Demographics,Population,45477389,people,World Bank Open Data,https://data.worldbank.org/indicator/SP.POP.TOTL,2026-08-02T04:09:08.531329+00:00
DZA,Algeria,2022,Economics,GDP (current US$),225581644702.568,current US$,World Bank Open Data,https://data.worldbank.org/indicator/NY.GDP.MKTP.CD,2026-08-02T04:09:09.383790+00:00
DZA,Algeria,2023,Demographics,Population,46164219,people,World Bank Open Data,https://data.worldbank.org/indicator/SP.POP.TOTL,2026-08-02T04:09:08.531329+00:00
DZA,Algeria,2023,Economics,GDP (current US$),247923887214.655,current US$,World Bank Open Data,https://data.worldbank.org/indicator/NY.GDP.MKTP.CD,2026-08-02T04:09:09.383790+00:00
DZA,Algeria,2024,Demographics,Population,46814308,people,World Bank Open Data,https://data.worldbank.org/indicator/SP.POP.TOTL,2026-08-02T04:09:08.531329+00:00
DZA,Algeria,2024,Economics,GDP (current US$),269322281664.773,current US$,World Bank Open Data,https://data.worldbank.org/indicator/NY.GDP.MKTP.CD,2026-08-02T04:09:09.383790+00:00
DZA,Algeria,2025,Demographics,Population,47435312,people,World Bank Open Data,https://data.worldbank.org/indicator/SP.POP.TOTL,2026-08-02T04:09:08.531329+00:00
DZA,Algeria,2025,Economics,GDP (current US$),287031225987.736,current US$,World Bank Open Data,https://data.worldbank.org/indicator/NY.GDP.MKTP.CD,2026-08-02T04:09:09.383790+00:00
ECU,Ecuador,2016,Demographics,Population,16505139,people,World Bank Open Data,https://data.worldbank.org/indicator/SP.POP.TOTL,2026-08-02T04:09:08.531329+00:00
ECU,Ecuador,2016,Economics,GDP (current US$),97671433000.0,current US$,World Bank Open Data,https://data.worldbank.org/indicator/NY.GDP.MKTP.CD,2026-08-02T04:09:09.383790+00:00
ECU,Ecuador,2017,Demographics,Population,16759519,people,World Bank Open Data,https://data.worldbank.org/indicator/SP.POP.TOTL,2026-08-02T04:09:08.531329+00:00
ECU,Ecuador,2017,Economics,GDP (current US$),104467486000.0,current US$,World Bank Open Data,https://data.worldbank.org/indicator/NY.GDP.MKTP.CD,2026-08-02T04:09:09.383790+00:00
ECU,Ecuador,2018,Demographics,Population,17049547,people,World Bank Open Data,https://data.worldbank.org/indicator/SP.POP.TOTL,2026-08-02T04:09:08.531329+00:00
ECU,Ecuador,2018,Economics,GDP (current US$),107478961000.0,current US$,World Bank Open Data,https://data.worldbank.org/indicator/NY.GDP.MKTP.CD,2026-08-02T04:09:09.383790+00:00
ECU,Ecuador,2019,Demographics,Population,17340021,people,World Bank Open Data,https://data.worldbank.org/indicator/SP.POP.TOTL,2026-08-02T04:09:08.531329+00:00
ECU,Ecuador,2019,Economics,GDP (current US$),107595830000.0,current US$,World Bank Open Data,https://data.worldbank.org/indicator/NY.GDP.MKTP.CD,2026-08-02T04:09:09.383790+00:00
ECU,Ecuador,2020,Demographics,Population,17546065,people,World Bank Open Data,https://data.worldbank.org/indicator/SP.POP.TOTL,2026-08-02T04:09:08.531329+00:00
ECU,Ecuador,2020,Economics,GDP (current US$),95865473000.0,current US$,World Bank Open Data,https://data.worldbank.org/indicator/NY.GDP.MKTP.CD,2026-08-02T04:09:09.383790+00:00
ECU,Ecuador,2021,Demographics,Population,17682454,people,World Bank Open Data,https://data.worldbank.org/indicator/SP.POP.TOTL,2026-08-02T04:09:08.531329+00:00
ECU,Ecuador,2021,Economics,GDP (current US$),107179074000.0,current US$,World Bank Open Data,https://data.worldbank.org/indicator/NY.GDP.MKTP.CD,2026-08-02T04:09:09.383790+00:00
ECU,Ecuador,2022,Demographics,Population,17823897,people,World Bank Open Data,https://data.worldbank.org/indicator/SP.POP.TOTL,2026-08-02T04:09:08.531329+00:00
ECU,Ecuador,2022,Economics,GDP (current US$),116133121000.0,current US$,World Bank Open Data,https://data.worldbank.org/indicator/NY.GDP.MKTP.CD,2026-08-02T04:09:09.383790+00:00
ECU,Ecuador,2023,Demographics,Population,17980083,people,World Bank Open Data,https://data.worldbank.org/indicator/SP.POP.TOTL,2026-08-02T04:09:08.531329+00:00
ECU,Ecuador,2023,Economics,GDP (current US$),120792801000.0,current US$,World Bank Open Data,https://data.worldbank.org/indicator/NY.GDP.MKTP.CD,2026-08-02T04:09:09.383790+00:00
ECU,Ecuador,2024,Demographics,Population,18135478,people,World Bank Open Data,https://data.worldbank.org/indicator/SP.POP.TOTL,2026-08-02T04:09:08.531329+00:00
ECU,Ecuador,2024,Economics,GDP (current US$),123802374000.0,current US$,World Bank Open Data,https://data.worldbank.org/indicator/NY.GDP.MKTP.CD,2026-08-02T04:09:09.383790+00:00
ECU,Ecuador,2025,Demographics,Population,18289896,people,World Bank Open Data,https://data.worldbank.org/indicator/SP.POP.TOTL,2026-08-02T04:09:08.531329+00:00
ECU,Ecuador,2025,Economics,GDP (current US$),130320560400.0,current US$,World Bank Open Data,https://data.worldbank.org/indicator/NY.GDP.MKTP.CD,2026-08-02T04:09:09.383790+00:00
EGY,"Egypt, Arab Rep.",2016,Demographics,Population,101644589,people,World Bank Open Data,https://data.worldbank.org/indicator/SP.POP.TOTL,2026-08-02T04:09:08.531329+00:00
EGY,"Egypt, Arab Rep.",2016,Economics,GDP (current US$),332441717791.411,current US$,World Bank Open Data,https://data.worldbank.org/indicator/NY.GDP.MKTP.CD,2026-08-02T04:09:09.383790+00:00
EGY,"Egypt, Arab Rep.",2017,Demographics,Population,103696057,people,World Bank Open Data,https://data.worldbank.org/indicator/SP.POP.TOTL,2026-08-02T04:09:08.531329+00:00
EGY,"Egypt, Arab Rep.",2017,Economics,GDP (current US$),248362771739.13,current US$,World Bank Open Data,https://data.worldbank.org/indicator/NY.GDP.MKTP.CD,2026-08-02T04:09:09.383790+00:00
EGY,"Egypt, Arab Rep.",2018,Demographics,Population,105682094,people,World Bank Open Data,https://data.worldbank.org/indicator/SP.POP.TOTL,2026-08-02T04:09:08.531329+00:00
EGY,"Egypt, Arab Rep.",2018,Economics,GDP (current US$),262588632526.73,current US$,World Bank Open Data,https://data.worldbank.org/indicator/NY.GDP.MKTP.CD,2026-08-02T04:09:09.383790+00:00
EGY,"Egypt, Arab Rep.",2019,Demographics,Population,107553158,people,World Bank Open Data,https://data.worldbank.org/indicator/SP.POP.TOTL,2026-08-02T04:09:08.531329+00:00
EGY,"Egypt, Arab Rep.",2019,Economics,GDP (current US$),318678815489.749,current US$,World Bank Open Data,https://data.worldbank.org/indicator/NY.GDP.MKTP.CD,2026-08-02T04:09:09.383790+00:00
EGY,"Egypt, Arab Rep.",2020,Demographics,Population,109315124,people,World Bank Open Data,https://data.worldbank.org/indicator/SP.POP.TOTL,2026-08-02T04:09:08.531329+00:00
EGY,"Egypt, Arab Rep.",2020,Economics,GDP (current US$),383817841547.099,current US$,World Bank Open Data,https://data.worldbank.org/indicator/NY.GDP.MKTP.CD,2026-08-02T04:09:09.383790+00:00
EGY,"Egypt, Arab Rep.",2021,Demographics,Population,110957008,people,World Bank Open Data,https://data.worldbank.org/indicator/SP.POP.TOTL,2026-08-02T04:09:08.531329+00:00
EGY,"Egypt, Arab Rep.",2021,Economics,GDP (current US$),424671765455.704,current US$,World Bank Open Data,https://data.worldbank.org/indicator/NY.GDP.MKTP.CD,2026-08-02T04:09:09.383790+00:00
EGY,"Egypt, Arab Rep.",2022,Demographics,Population,112618250,people,World Bank Open Data,https://data.worldbank.org/indicator/SP.POP.TOTL,2026-08-02T04:09:08.531329+00:00
EGY,"Egypt, Arab Rep.",2022,Economics,GDP (current US$),476747720364.742,current US$,World Bank Open Data,https://data.worldbank.org/indicator/NY.GDP.MKTP.CD,2026-08-02T04:09:09.383790+00:00
EGY,"Egypt, Arab Rep.",2023,Demographics,Population,114535772,people,World Bank Open Data,https://data.worldbank.org/indicator/SP.POP.TOTL,2026-08-02T04:09:08.531329+00:00
EGY,"Egypt, Arab Rep.",2023,Economics,GDP (current US$),395926071447.591,current US$,World Bank Open Data,https://data.worldbank.org/indicator/NY.GDP.MKTP.CD,2026-08-02T04:09:09.383790+00:00
EGY,"Egypt, Arab Rep.",2024,Demographics,Population,116538258,people,World Bank Open Data,https://data.worldbank.org/indicator/SP.POP.TOTL,2026-08-02T04:09:08.531329+00:00
EGY,"Egypt, Arab Rep.",2024,Economics,GDP (current US$),389059910593.1,current US$,World Bank Open Data,https://data.worldbank.org/indicator/NY.GDP.MKTP.CD,2026-08-02T04:09:09.383790+00:00
EGY,"Egypt, Arab Rep.",2025,Demographics,Population,118365995,people,World Bank Open Data,https://data.worldbank.org/indicator/SP.POP.TOTL,2026-08-02T04:09:08.531329+00:00
EGY,"Egypt, Arab Rep.",2025,Economics,GDP (current US$),365254630179.737,current US$,World Bank Open Data,https://data.worldbank.org/indicator/NY.GDP.MKTP.CD,2026-08-02T04:09:09.383790+00:00
ERI,Eritrea,2016,Demographics,Population,3124698,people,World Bank Open Data,https://data.worldbank.org/indicator/SP.POP.TOTL,2026-08-02T04:09:08.531329+00:00
ERI,Eritrea,2017,Demographics,Population,3150347,people,World Bank Open Data,https://data.worldbank.org/indicator/SP.POP.TOTL,2026-08-02T04:09:08.531329+00:00
ERI,Eritrea,2018,Demographics,Population,3192760,people,World Bank Open Data,https://data.worldbank.org/indicator/SP.POP.TOTL,2026-08-02T04:09:08.531329+00:00
ERI,Eritrea,2019,Demographics,Population,3240194,people,World Bank Open Data,https://data.worldbank.org/indicator/SP.POP.TOTL,2026-08-02T04:09:08.531329+00:00
ERI,Eritrea,2020,Demographics,Population,3291271,people,World Bank Open Data,https://data.worldbank.org/indicator/SP.POP.TOTL,2026-08-02T04:09:08.531329+00:00
ERI,Eritrea,2021,Demographics,Population,3350183,people,World Bank Open Data,https://data.worldbank.org/indicator/SP.POP.TOTL,2026-08-02T04:09:08.531329+00:00
ERI,Eritrea,2022,Demographics,Population,3409447,people,World Bank Open Data,https://data.worldbank.org/indicator/SP.POP.TOTL,2026-08-02T04:09:08.531329+00:00
ERI,Eritrea,2023,Demographics,Population,3470390,people,World Bank Open Data,https://data.worldbank.org/indicator/SP.POP.TOTL,2026-08-02T04:09:08.531329+00:00
ERI,Eritrea,2024,Demographics,Population,3535603,people,World Bank Open Data,https://data.worldbank.org/indicator/SP.POP.TOTL,2026-08-02T04:09:08.531329+00:00
ERI,Eritrea,2025,Demographics,Population,3607003,people,World Bank Open Data,https://data.worldbank.org/indicator/SP.POP.TOTL,2026-08-02T04:09:08.531329+00:00
ESP,Spain,2016,Demographics,Population,46458139,people,World Bank Open Data,https://data.worldbank.org/indicator/SP.POP.TOTL,2026-08-02T04:09:08.531329+00:00
ESP,Spain,2016,Economics,GDP (current US$),1243015667917.12,current US$,World Bank Open Data,https://data.worldbank.org/indicator/NY.GDP.MKTP.CD,2026-08-02T04:09:09.383790+00:00
ESP,Spain,2017,Demographics,Population,46571232,people,World Bank Open Data,https://data.worldbank.org/indicator/SP.POP.TOTL,2026-08-02T04:09:08.531329+00:00
ESP,Spain,2017,Economics,GDP (current US$),1321754088818.83,current US$,World Bank Open Data,https://data.worldbank.org/indicator/NY.GDP.MKTP.CD,2026-08-02T04:09:09.383790+00:00
ESP,Spain,2018,Demographics,Population,46782011,people,World Bank Open Data,https://data.worldbank.org/indicator/SP.POP.TOTL,2026-08-02T04:09:08.531329+00:00
ESP,Spain,2018,Economics,GDP (current US$),1431642809327.06,current US$,World Bank Open Data,https://data.worldbank.org/indicator/NY.GDP.MKTP.CD,2026-08-02T04:09:09.383790+00:00
ESP,Spain,2019,Demographics,Population,47118501,people,World Bank Open Data,https://data.worldbank.org/indicator/SP.POP.TOTL,2026-08-02T04:09:08.531329+00:00
ESP,Spain,2019,Economics,GDP (current US$),1403496387686.27,current US$,World Bank Open Data,https://data.worldbank.org/indicator/NY.GDP.MKTP.CD,2026-08-02T04:09:09.383790+00:00
ESP,Spain,2020,Demographics,Population,47359424,people,World Bank Open Data,https://data.worldbank.org/indicator/SP.POP.TOTL,2026-08-02T04:09:08.531329+00:00
ESP,Spain,2020,Economics,GDP (current US$),1289783836971.21,current US$,World Bank Open Data,https://data.worldbank.org/indicator/NY.GDP.MKTP.CD,2026-08-02T04:09:09.383790+00:00
ESP,Spain,2021,Demographics,Population,47443821,people,World Bank Open Data,https://data.worldbank.org/indicator/SP.POP.TOTL,2026-08-02T04:09:08.531329+00:00
ESP,Spain,2021,Economics,GDP (current US$),1461244901852.69,current US$,World Bank Open Data,https://data.worldbank.org/indicator/NY.GDP.MKTP.CD,2026-08-02T04:09:09.383790+00:00
ESP,Spain,2022,Demographics,Population,47786102,people,World Bank Open Data,https://data.worldbank.org/indicator/SP.POP.TOTL,2026-08-02T04:09:08.531329+00:00
ESP,Spain,2022,Economics,GDP (current US$),1448850658406.62,current US$,World Bank Open Data,https://data.worldbank.org/indicator/NY.GDP.MKTP.CD,2026-08-02T04:09:09.383790+00:00
ESP,Spain,2023,Demographics,Population,48352528,people,World Bank Open Data,https://data.worldbank.org/indicator/SP.POP.TOTL,2026-08-02T04:09:08.531329+00:00
ESP,Spain,2023,Economics,GDP (current US$),1619481980719.64,current US$,World Bank Open Data,https://data.worldbank.org/indicator/NY.GDP.MKTP.CD,2026-08-02T04:09:09.383790+00:00
ESP,Spain,2024,Demographics,Population,48848840,people,World Bank Open Data,https://data.worldbank.org/indicator/SP.POP.TOTL,2026-08-02T04:09:08.531329+00:00
ESP,Spain,2024,Economics,GDP (current US$),1725671652742.19,current US$,World Bank Open Data,https://data.worldbank.org/indicator/NY.GDP.MKTP.CD,2026-08-02T04:09:09.383790+00:00
ESP,Spain,2025,Demographics,Population,49355143,people,World Bank Open Data,https://data.worldbank.org/indicator/SP.POP.TOTL,2026-08-02T04:09:08.531329+00:00
ESP,Spain,2025,Economics,GDP (current US$),1906453309985.88,current US$,World Bank Open Data,https://data.worldbank.org/indicator/NY.GDP.MKTP.CD,2026-08-02T04:09:09.383790+00:00
EST,Estonia,2016,Demographics,Population,1315790,people,World Bank Open Data,https://data.worldbank.org/indicator/SP.POP.TOTL,2026-08-02T04:09:08.531329+00:00
EST,Estonia,2016,Economics,GDP (current US$),24561027787.7896,current US$,World Bank Open Data,https://data.worldbank.org/indicator/NY.GDP.MKTP.CD,2026-08-02T04:09:09.383790+00:00
EST,Estonia,2017,Demographics,Population,1317384,people,World Bank Open Data,https://data.worldbank.org/indicator/SP.POP.TOTL,2026-08-02T04:09:08.531329+00:00
EST,Estonia,2017,Economics,GDP (current US$),27469461919.1189,current US$,World Bank Open Data,https://data.worldbank.org/indicator/NY.GDP.MKTP.CD,2026-08-02T04:09:09.383790+00:00
EST,Estonia,2018,Demographics,Population,1321977,people,World Bank Open Data,https://data.worldbank.org/indicator/SP.POP.TOTL,2026-08-02T04:09:08.531329+00:00
EST,Estonia,2018,Economics,GDP (current US$),31222632740.7247,current US$,World Bank Open Data,https://data.worldbank.org/indicator/NY.GDP.MKTP.CD,2026-08-02T04:09:09.383790+00:00
EST,Estonia,2019,Demographics,Population,1326898,people,World Bank Open Data,https://data.worldbank.org/indicator/SP.POP.TOTL,2026-08-02T04:09:08.531329+00:00
EST,Estonia,2019,Economics,GDP (current US$),31873748770.0313,current US$,World Bank Open Data,https://data.worldbank.org/indicator/NY.GDP.MKTP.CD,2026-08-02T04:09:09.383790+00:00
EST,Estonia,2020,Demographics,Population,1329522,people,World Bank Open Data,https://data.worldbank.org/indicator/SP.POP.TOTL,2026-08-02T04:09:08.531329+00:00
EST,Estonia,2020,Economics,GDP (current US$),31820771493.8974,current US$,World Bank Open Data,https://data.worldbank.org/indicator/NY.GDP.MKTP.CD,2026-08-02T04:09:09.383790+00:00
EST,Estonia,2021,Demographics,Population,1330932,people,World Bank Open Data,https://data.worldbank.org/indicator/SP.POP.TOTL,2026-08-02T04:09:08.531329+00:00
EST,Estonia,2021,Economics,GDP (current US$),37201101170.5847,current US$,World Bank Open Data,https://data.worldbank.org/indicator/NY.GDP.MKTP.CD,2026-08-02T04:09:09.383790+00:00
EST,Estonia,2022,Demographics,Population,1348840,people,World Bank Open Data,https://data.worldbank.org/indicator/SP.POP.TOTL,2026-08-02T04:09:08.531329+00:00
EST,Estonia,2022,Economics,GDP (current US$),38226641740.29,current US$,World Bank Open Data,https://data.worldbank.org/indicator/NY.GDP.MKTP.CD,2026-08-02T04:09:09.383790+00:00
EST,Estonia,2023,Demographics,Population,1370286,people,World Bank Open Data,https://data.worldbank.org/indicator/SP.POP.TOTL,2026-08-02T04:09:08.531329+00:00
EST,Estonia,2023,Economics,GDP (current US$),41470344395.1086,current US$,World Bank Open Data,https://data.worldbank.org/indicator/NY.GDP.MKTP.CD,2026-08-02T04:09:09.383790+00:00
EST,Estonia,2024,Demographics,Population,1372341,people,World Bank Open Data,https://data.worldbank.org/indicator/SP.POP.TOTL,2026-08-02T04:09:08.531329+00:00
EST,Estonia,2024,Economics,GDP (current US$),43130419829.35,current US$,World Bank Open Data,https://data.worldbank.org/indicator/NY.GDP.MKTP.CD,2026-08-02T04:09:09.383790+00:00
EST,Estonia,2025,Demographics,Population,1366475,people,World Bank Open Data,https://data.worldbank.org/indicator/SP.POP.TOTL,2026-08-02T04:09:08.531329+00:00
EST,Estonia,2025,Economics,GDP (current US$),47030833798.5866,current US$,World Bank Open Data,https://data.worldbank.org/indicator/NY.GDP.MKTP.CD,2026-08-02T04:09:09.383790+00:00
ETH,Ethiopia,2016,Demographics,Population,106718162,people,World Bank Open Data,https://data.worldbank.org/indicator/SP.POP.TOTL,2026-08-02T04:09:08.531329+00:00
ETH,Ethiopia,2016,Economics,GDP (current US$),68475871209.607,current US$,World Bank Open Data,https://data.worldbank.org/indicator/NY.GDP.MKTP.CD,2026-08-02T04:09:09.383790+00:00
ETH,Ethiopia,2017,Demographics,Population,109666481,people,World Bank Open Data,https://data.worldbank.org/indicator/SP.POP.TOTL,2026-08-02T04:09:08.531329+00:00
ETH,Ethiopia,2017,Economics,GDP (current US$),76366081766.6667,current US$,World Bank Open Data,https://data.worldbank.org/indicator/NY.GDP.MKTP.CD,2026-08-02T04:09:09.383790+00:00
ETH,Ethiopia,2018,Demographics,Population,112664152,people,World Bank Open Data,https://data.worldbank.org/indicator/SP.POP.TOTL,2026-08-02T04:09:08.531329+00:00
ETH,Ethiopia,2018,Economics,GDP (current US$),83337901071.9697,current US$,World Bank Open Data,https://data.worldbank.org/indicator/NY.GDP.MKTP.CD,2026-08-02T04:09:09.383790+00:00
ETH,Ethiopia,2019,Demographics,Population,115737383,people,World Bank Open Data,https://data.worldbank.org/indicator/SP.POP.TOTL,2026-08-02T04:09:08.531329+00:00
ETH,Ethiopia,2019,Economics,GDP (current US$),91834517113.6386,current US$,World Bank Open Data,https://data.worldbank.org/indicator/NY.GDP.MKTP.CD,2026-08-02T04:09:09.383790+00:00
ETH,Ethiopia,2020,Demographics,Population,118917671,people,World Bank Open Data,https://data.worldbank.org/indicator/SP.POP.TOTL,2026-08-02T04:09:08.531329+00:00
ETH,Ethiopia,2020,Economics,GDP (current US$),98676811061.9985,current US$,World Bank Open Data,https://data.worldbank.org/indicator/NY.GDP.MKTP.CD,2026-08-02T04:09:09.383790+00:00
ETH,Ethiopia,2021,Demographics,Population,122138588,people,World Bank Open Data,https://data.worldbank.org/indicator/SP.POP.TOTL,2026-08-02T04:09:08.531329+00:00
ETH,Ethiopia,2021,Economics,GDP (current US$),109070960370.972,current US$,World Bank Open Data,https://data.worldbank.org/indicator/NY.GDP.MKTP.CD,2026-08-02T04:09:09.383790+00:00
ETH,Ethiopia,2022,Demographics,Population,125384287,people,World Bank Open Data,https://data.worldbank.org/indicator/SP.POP.TOTL,2026-08-02T04:09:08.531329+00:00
ETH,Ethiopia,2022,Economics,GDP (current US$),123140304665.399,current US$,World Bank Open Data,https://data.worldbank.org/indicator/NY.GDP.MKTP.CD,2026-08-02T04:09:09.383790+00:00
ETH,Ethiopia,2023,Demographics,Population,128691692,people,World Bank Open Data,https://data.worldbank.org/indicator/SP.POP.TOTL,2026-08-02T04:09:08.531329+00:00
ETH,Ethiopia,2023,Economics,GDP (current US$),135874093203.18,current US$,World Bank Open Data,https://data.worldbank.org/indicator/NY.GDP.MKTP.CD,2026-08-02T04:09:09.383790+00:00
ETH,Ethiopia,2024,Demographics,Population,132059767,people,World Bank Open Data,https://data.worldbank.org/indicator/SP.POP.TOTL,2026-08-02T04:09:08.531329+00:00
ETH,Ethiopia,2024,Economics,GDP (current US$),149740297952.375,current US$,World Bank Open Data,https://data.worldbank.org/indicator/NY.GDP.MKTP.CD,2026-08-02T04:09:09.383790+00:00
ETH,Ethiopia,2025,Demographics,Population,135472051,people,World Bank Open Data,https://data.worldbank.org/indicator/SP.POP.TOTL,2026-08-02T04:09:08.531329+00:00
ETH,Ethiopia,2025,Economics,GDP (current US$),126358758448.356,current US$,World Bank Open Data,https://data.worldbank.org/indicator/NY.GDP.MKTP.CD,2026-08-02T04:09:09.383790+00:00
FIN,Finland,2016,Demographics,Population,5495303,people,World Bank Open Data,https://data.worldbank.org/indicator/SP.POP.TOTL,2026-08-02T04:09:08.531329+00:00
FIN,Finland,2016,Economics,GDP (current US$),238777818792.608,current US$,World Bank Open Data,https://data.worldbank.org/indicator/NY.GDP.MKTP.CD,2026-08-02T04:09:09.383790+00:00
FIN,Finland,2017,Demographics,Population,5508214,people,World Bank Open Data,https://data.worldbank.org/indicator/SP.POP.TOTL,2026-08-02T04:09:08.531329+00:00
FIN,Finland,2017,Economics,GDP (current US$),253846138440.0,current US$,World Bank Open Data,https://data.worldbank.org/indicator/NY.GDP.MKTP.CD,2026-08-02T04:09:09.383790+00:00
FIN,Finland,2018,Demographics,Population,5515525,people,World Bank Open Data,https://data.worldbank.org/indicator/SP.POP.TOTL,2026-08-02T04:09:08.531329+00:00
FIN,Finland,2018,Economics,GDP (current US$),273869255596.078,current US$,World Bank Open Data,https://data.worldbank.org/indicator/NY.GDP.MKTP.CD,2026-08-02T04:09:09.383790+00:00
FIN,Finland,2019,Demographics,Population,5521606,people,World Bank Open Data,https://data.worldbank.org/indicator/SP.POP.TOTL,2026-08-02T04:09:08.531329+00:00
FIN,Finland,2019,Economics,GDP (current US$),267014821129.411,current US$,World Bank Open Data,https://data.worldbank.org/indicator/NY.GDP.MKTP.CD,2026-08-02T04:09:09.383790+00:00
FIN,Finland,2020,Demographics,Population,5529543,people,World Bank Open Data,https://data.worldbank.org/indicator/SP.POP.TOTL,2026-08-02T04:09:08.531329+00:00
FIN,Finland,2020,Economics,GDP (current US$),270000311606.226,current US$,World Bank Open Data,https://data.worldbank.org/indicator/NY.GDP.MKTP.CD,2026-08-02T04:09:09.383790+00:00
FIN,Finland,2021,Demographics,Population,5541017,people,World Bank Open Data,https://data.worldbank.org/indicator/SP.POP.TOTL,2026-08-02T04:09:08.531329+00:00
FIN,Finland,2021,Economics,GDP (current US$),294223210496.119,current US$,World Bank Open Data,https://data.worldbank.org/indicator/NY.GDP.MKTP.CD,2026-08-02T04:09:09.383790+00:00
FIN,Finland,2022,Demographics,Population,5556106,people,World Bank Open Data,https://data.worldbank.org/indicator/SP.POP.TOTL,2026-08-02T04:09:08.531329+00:00
FIN,Finland,2022,Economics,GDP (current US$),280253099309.34,current US$,World Bank Open Data,https://data.worldbank.org/indicator/NY.GDP.MKTP.CD,2026-08-02T04:09:09.383790+00:00
FIN,Finland,2023,Demographics,Population,5583911,people,World Bank Open Data,https://data.worldbank.org/indicator/SP.POP.TOTL,2026-08-02T04:09:08.531329+00:00
FIN,Finland,2023,Economics,GDP (current US$),295191741637.26,current US$,World Bank Open Data,https://data.worldbank.org/indicator/NY.GDP.MKTP.CD,2026-08-02T04:09:09.383790+00:00
FIN,Finland,2024,Demographics,Population,5619911,people,World Bank Open Data,https://data.worldbank.org/indicator/SP.POP.TOTL,2026-08-02T04:09:08.531329+00:00
FIN,Finland,2024,Economics,GDP (current US$),298729432711.719,current US$,World Bank Open Data,https://data.worldbank.org/indicator/NY.GDP.MKTP.CD,2026-08-02T04:09:09.383790+00:00
FIN,Finland,2025,Demographics,Population,5646436,people,World Bank Open Data,https://data.worldbank.org/indicator/SP.POP.TOTL,2026-08-02T04:09:08.531329+00:00
FIN,Finland,2025,Economics,GDP (current US$),317039368819.607,current US$,World Bank Open Data,https://data.worldbank.org/indicator/NY.GDP.MKTP.CD,2026-08-02T04:09:09.383790+00:00
FJI,Fiji,2016,Demographics,Population,919166,people,World Bank Open Data,https://data.worldbank.org/indicator/SP.POP.TOTL,2026-08-02T04:09:08.531329+00:00
FJI,Fiji,2016,Economics,GDP (current US$),4930213644.36653,current US$,World Bank Open Data,https://data.worldbank.org/indicator/NY.GDP.MKTP.CD,2026-08-02T04:09:09.383790+00:00
FJI,Fiji,2017,Demographics,Population,918759,people,World Bank Open Data,https://data.worldbank.org/indicator/SP.POP.TOTL,2026-08-02T04:09:08.531329+00:00
FJI,Fiji,2017,Economics,GDP (current US$),5353469174.47838,current US$,World Bank Open Data,https://data.worldbank.org/indicator/NY.GDP.MKTP.CD,2026-08-02T04:09:09.383790+00:00
FJI,Fiji,2018,Demographics,Population,917180,people,World Bank Open Data,https://data.worldbank.org/indicator/SP.POP.TOTL,2026-08-02T04:09:08.531329+00:00
FJI,Fiji,2018,Economics,GDP (current US$),5581425327.44397,current US$,World Bank Open Data,https://data.worldbank.org/indicator/NY.GDP.MKTP.CD,2026-08-02T04:09:09.383790+00:00
FJI,Fiji,2019,Demographics,Population,914899,people,World Bank Open Data,https://data.worldbank.org/indicator/SP.POP.TOTL,2026-08-02T04:09:08.531329+00:00
FJI,Fiji,2019,Economics,GDP (current US$),5344907153.46698,current US$,World Bank Open Data,https://data.worldbank.org/indicator/NY.GDP.MKTP.CD,2026-08-02T04:09:09.383790+00:00
FJI,Fiji,2020,Demographics,Population,914963,people,World Bank Open Data,https://data.worldbank.org/indicator/SP.POP.TOTL,2026-08-02T04:09:08.531329+00:00
FJI,Fiji,2020,Economics,GDP (current US$),4227719873.3865,current US$,World Bank Open Data,https://data.worldbank.org/indicator/NY.GDP.MKTP.CD,2026-08-02T04:09:09.383790+00:00
FJI,Fiji,2021,Demographics,Population,916711,people,World Bank Open Data,https://data.worldbank.org/indicator/SP.POP.TOTL,2026-08-02T04:09:08.531329+00:00
FJI,Fiji,2021,Economics,GDP (current US$),4158873156.17978,current US$,World Bank Open Data,https://data.worldbank.org/indicator/NY.GDP.MKTP.CD,2026-08-02T04:09:09.383790+00:00
FJI,Fiji,2022,Demographics,Population,919422,people,World Bank Open Data,https://data.worldbank.org/indicator/SP.POP.TOTL,2026-08-02T04:09:08.531329+00:00
FJI,Fiji,2022,Economics,GDP (current US$),4977861885.60316,current US$,World Bank Open Data,https://data.worldbank.org/indicator/NY.GDP.MKTP.CD,2026-08-02T04:09:09.383790+00:00
FJI,Fiji,2023,Demographics,Population,924145,people,World Bank Open Data,https://data.worldbank.org/indicator/SP.POP.TOTL,2026-08-02T04:09:08.531329+00:00
FJI,Fiji,2023,Economics,GDP (current US$),5476673518.13788,current US$,World Bank Open Data,https://data.worldbank.org/indicator/NY.GDP.MKTP.CD,2026-08-02T04:09:09.383790+00:00
FJI,Fiji,2024,Demographics,Population,928784,people,World Bank Open Data,https://data.worldbank.org/indicator/SP.POP.TOTL,2026-08-02T04:09:08.531329+00:00
FJI,Fiji,2024,Economics,GDP (current US$),5968125909.27126,current US$,World Bank Open Data,https://data.worldbank.org/indicator/NY.GDP.MKTP.CD,2026-08-02T04:09:09.383790+00:00
FJI,Fiji,2025,Demographics,Population,933154,people,World Bank Open Data,https://data.worldbank.org/indicator/SP.POP.TOTL,2026-08-02T04:09:08.531329+00:00
FJI,Fiji,2025,Economics,GDP (current US$),6198013062.06553,current US$,World Bank Open Data,https://data.worldbank.org/indicator/NY.GDP.MKTP.CD,2026-08-02T04:09:09.383790+00:00
FRA,France,2016,Demographics,Population,66724104,people,World Bank Open Data,https://data.worldbank.org/indicator/SP.POP.TOTL,2026-08-02T04:09:08.531329+00:00
FRA,France,2016,Economics,GDP (current US$),2470407619777.13,current US$,World Bank Open Data,https://data.worldbank.org/indicator/NY.GDP.MKTP.CD,2026-08-02T04:09:09.383790+00:00
FRA,France,2017,Demographics,Population,66918020,people,World Bank Open Data,https://data.worldbank.org/indicator/SP.POP.TOTL,2026-08-02T04:09:08.531329+00:00
FRA,France,2017,Economics,GDP (current US$),2588868323334.71,current US$,World Bank Open Data,https://data.worldbank.org/indicator/NY.GDP.MKTP.CD,2026-08-02T04:09:09.383790+00:00
FRA,France,2018,Demographics,Population,67158348,people,World Bank Open Data,https://data.worldbank.org/indicator/SP.POP.TOTL,2026-08-02T04:09:08.531329+00:00
FRA,France,2018,Economics,GDP (current US$),2781576320884.39,current US$,World Bank Open Data,https://data.worldbank.org/indicator/NY.GDP.MKTP.CD,2026-08-02T04:09:09.383790+00:00
FRA,France,2019,Demographics,Population,67382061,people,World Bank Open Data,https://data.worldbank.org/indicator/SP.POP.TOTL,2026-08-02T04:09:08.531329+00:00
FRA,France,2019,Economics,GDP (current US$),2722793515171.76,current US$,World Bank Open Data,https://data.worldbank.org/indicator/NY.GDP.MKTP.CD,2026-08-02T04:09:09.383790+00:00
FRA,France,2020,Demographics,Population,67601110,people,World Bank Open Data,https://data.worldbank.org/indicator/SP.POP.TOTL,2026-08-02T04:09:08.531329+00:00
FRA,France,2020,Economics,GDP (current US$),2647926055110.05,current US$,World Bank Open Data,https://data.worldbank.org/indicator/NY.GDP.MKTP.CD,2026-08-02T04:09:09.383790+00:00
FRA,France,2021,Demographics,Population,67842811,people,World Bank Open Data,https://data.worldbank.org/indicator/SP.POP.TOTL,2026-08-02T04:09:08.531329+00:00
FRA,France,2021,Economics,GDP (current US$),2966433692008.09,current US$,World Bank Open Data,https://data.worldbank.org/indicator/NY.GDP.MKTP.CD,2026-08-02T04:09:09.383790+00:00
FRA,France,2022,Demographics,Population,68184457,people,World Bank Open Data,https://data.worldbank.org/indicator/SP.POP.TOTL,2026-08-02T04:09:08.531329+00:00
FRA,France,2022,Economics,GDP (current US$),2794788137066.94,current US$,World Bank Open Data,https://data.worldbank.org/indicator/NY.GDP.MKTP.CD,2026-08-02T04:09:09.383790+00:00
FRA,France,2023,Demographics,Population,68372286,people,World Bank Open Data,https://data.worldbank.org/indicator/SP.POP.TOTL,2026-08-02T04:09:08.531329+00:00
FRA,France,2023,Economics,GDP (current US$),3056250648138.29,current US$,World Bank Open Data,https://data.worldbank.org/indicator/NY.GDP.MKTP.CD,2026-08-02T04:09:09.383790+00:00
FRA,France,2024,Demographics,Population,68551653,people,World Bank Open Data,https://data.worldbank.org/indicator/SP.POP.TOTL,2026-08-02T04:09:08.531329+00:00
FRA,France,2024,Economics,GDP (current US$),3160442622465.08,current US$,World Bank Open Data,https://data.worldbank.org/indicator/NY.GDP.MKTP.CD,2026-08-02T04:09:09.383790+00:00
FRA,France,2025,Demographics,Population,68720337,people,World Bank Open Data,https://data.worldbank.org/indicator/SP.POP.TOTL,2026-08-02T04:09:08.531329+00:00
FRA,France,2025,Economics,GDP (current US$),3366315927447.33,current US$,World Bank Open Data,https://data.worldbank.org/indicator/NY.GDP.MKTP.CD,2026-08-02T04:09:09.383790+00:00
FRO,Faroe Islands,2016,Demographics,Population,49463,people,World Bank Open Data,https://data.worldbank.org/indicator/SP.POP.TOTL,2026-08-02T04:09:08.531329+00:00
FRO,Faroe Islands,2016,Economics,GDP (current US$),2813278868.78208,current US$,World Bank Open Data,https://data.worldbank.org/indicator/NY.GDP.MKTP.CD,2026-08-02T04:09:09.383790+00:00
FRO,Faroe Islands,2017,Demographics,Population,50179,people,World Bank Open Data,https://data.worldbank.org/indicator/SP.POP.TOTL,2026-08-02T04:09:08.531329+00:00
FRO,Faroe Islands,2017,Economics,GDP (current US$),2980057377.87967,current US$,World Bank Open Data,https://data.worldbank.org/indicator/NY.GDP.MKTP.CD,2026-08-02T04:09:09.383790+00:00
FRO,Faroe Islands,2018,Demographics,Population,50997,people,World Bank Open Data,https://data.worldbank.org/indicator/SP.POP.TOTL,2026-08-02T04:09:08.531329+00:00
FRO,Faroe Islands,2018,Economics,GDP (current US$),3188600927.46688,current US$,World Bank Open Data,https://data.worldbank.org/indicator/NY.GDP.MKTP.CD,2026-08-02T04:09:09.383790+00:00
FRO,Faroe Islands,2019,Demographics,Population,51790,people,World Bank Open Data,https://data.worldbank.org/indicator/SP.POP.TOTL,2026-08-02T04:09:08.531329+00:00
FRO,Faroe Islands,2019,Economics,GDP (current US$),3266432734.22819,current US$,World Bank Open Data,https://data.worldbank.org/indicator/NY.GDP.MKTP.CD,2026-08-02T04:09:09.383790+00:00
FRO,Faroe Islands,2020,Demographics,Population,52561,people,World Bank Open Data,https://data.worldbank.org/indicator/SP.POP.TOTL,2026-08-02T04:09:08.531329+00:00
FRO,Faroe Islands,2020,Economics,GDP (current US$),3271813311.5831,current US$,World Bank Open Data,https://data.worldbank.org/indicator/NY.GDP.MKTP.CD,2026-08-02T04:09:09.383790+00:00
FRO,Faroe Islands,2021,Demographics,Population,53291,people,World Bank Open Data,https://data.worldbank.org/indicator/SP.POP.TOTL,2026-08-02T04:09:08.531329+00:00
FRO,Faroe Islands,2021,Economics,GDP (current US$),3699551717.10561,current US$,World Bank Open Data,https://data.worldbank.org/indicator/NY.GDP.MKTP.CD,2026-08-02T04:09:09.383790+00:00
FRO,Faroe Islands,2022,Demographics,Population,53903,people,World Bank Open Data,https://data.worldbank.org/indicator/SP.POP.TOTL,2026-08-02T04:09:08.531329+00:00
FRO,Faroe Islands,2022,Economics,GDP (current US$),3615241800.50058,current US$,World Bank Open Data,https://data.worldbank.org/indicator/NY.GDP.MKTP.CD,2026-08-02T04:09:09.383790+00:00
FRO,Faroe Islands,2023,Demographics,Population,54398,people,World Bank Open Data,https://data.worldbank.org/indicator/SP.POP.TOTL,2026-08-02T04:09:08.531329+00:00
FRO,Faroe Islands,2023,Economics,GDP (current US$),3943131022.2291,current US$,World Bank Open Data,https://data.worldbank.org/indicator/NY.GDP.MKTP.CD,2026-08-02T04:09:09.383790+00:00
FRO,Faroe Islands,2024,Demographics,Population,54640,people,World Bank Open Data,https://data.worldbank.org/indicator/SP.POP.TOTL,2026-08-02T04:09:08.531329+00:00
FRO,Faroe Islands,2024,Economics,GDP (current US$),4052937169.76536,current US$,World Bank Open Data,https://data.worldbank.org/indicator/NY.GDP.MKTP.CD,2026-08-02T04:09:09.383790+00:00
FRO,Faroe Islands,2025,Demographics,Population,54900,people,World Bank Open Data,https://data.worldbank.org/indicator/SP.POP.TOTL,2026-08-02T04:09:08.531329+00:00
FSM,"Micronesia, Fed. Sts.",2016,Demographics,Population,109075,people,World Bank Open Data,https://data.worldbank.org/indicator/SP.POP.TOTL,2026-08-02T04:09:08.531329+00:00
FSM,"Micronesia, Fed. Sts.",2016,Economics,GDP (current US$),327000000.0,current US$,World Bank Open Data,https://data.worldbank.org/indicator/NY.GDP.MKTP.CD,2026-08-02T04:09:09.383790+00:00
FSM,"Micronesia, Fed. Sts.",2017,Demographics,Population,109481,people,World Bank Open Data,https://data.worldbank.org/indicator/SP.POP.TOTL,2026-08-02T04:09:08.531329+00:00
FSM,"Micronesia, Fed. Sts.",2017,Economics,GDP (current US$),361000000.0,current US$,World Bank Open Data,https://data.worldbank.org/indicator/NY.GDP.MKTP.CD,2026-08-02T04:09:09.383790+00:00
FSM,"Micronesia, Fed. Sts.",2018,Demographics,Population,109909,people,World Bank Open Data,https://data.worldbank.org/indicator/SP.POP.TOTL,2026-08-02T04:09:08.531329+00:00
FSM,"Micronesia, Fed. Sts.",2018,Economics,GDP (current US$),394000000.0,current US$,World Bank Open Data,https://data.worldbank.org/indicator/NY.GDP.MKTP.CD,2026-08-02T04:09:09.383790+00:00
FSM,"Micronesia, Fed. Sts.",2019,Demographics,Population,110282,people,World Bank Open Data,https://data.worldbank.org/indicator/SP.POP.TOTL,2026-08-02T04:09:08.531329+00:00
FSM,"Micronesia, Fed. Sts.",2019,Economics,GDP (current US$),395000000.0,current US$,World Bank Open Data,https://data.worldbank.org/indicator/NY.GDP.MKTP.CD,2026-08-02T04:09:09.383790+00:00
FSM,"Micronesia, Fed. Sts.",2020,Demographics,Population,110916,people,World Bank Open Data,https://data.worldbank.org/indicator/SP.POP.TOTL,2026-08-02T04:09:08.531329+00:00
FSM,"Micronesia, Fed. Sts.",2020,Economics,GDP (current US$),372902700.0,current US$,World Bank Open Data,https://data.worldbank.org/indicator/NY.GDP.MKTP.CD,2026-08-02T04:09:09.383790+00:00
FSM,"Micronesia, Fed. Sts.",2021,Demographics,Population,111624,people,World Bank Open Data,https://data.worldbank.org/indicator/SP.POP.TOTL,2026-08-02T04:09:08.531329+00:00
FSM,"Micronesia, Fed. Sts.",2021,Economics,GDP (current US$),391601900.0,current US$,World Bank Open Data,https://data.worldbank.org/indicator/NY.GDP.MKTP.CD,2026-08-02T04:09:09.383790+00:00
FSM,"Micronesia, Fed. Sts.",2022,Demographics,Population,112114,people,World Bank Open Data,https://data.worldbank.org/indicator/SP.POP.TOTL,2026-08-02T04:09:08.531329+00:00
FSM,"Micronesia, Fed. Sts.",2022,Economics,GDP (current US$),415232900.0,current US$,World Bank Open Data,https://data.worldbank.org/indicator/NY.GDP.MKTP.CD,2026-08-02T04:09:09.383790+00:00
FSM,"Micronesia, Fed. Sts.",2023,Demographics,Population,112630,people,World Bank Open Data,https://data.worldbank.org/indicator/SP.POP.TOTL,2026-08-02T04:09:08.531329+00:00
FSM,"Micronesia, Fed. Sts.",2023,Economics,GDP (current US$),442975600.0,current US$,World Bank Open Data,https://data.worldbank.org/indicator/NY.GDP.MKTP.CD,2026-08-02T04:09:09.383790+00:00
FSM,"Micronesia, Fed. Sts.",2024,Demographics,Population,113160,people,World Bank Open Data,https://data.worldbank.org/indicator/SP.POP.TOTL,2026-08-02T04:09:08.531329+00:00
FSM,"Micronesia, Fed. Sts.",2024,Economics,GDP (current US$),481121300.0,current US$,World Bank Open Data,https://data.worldbank.org/indicator/NY.GDP.MKTP.CD,2026-08-02T04:09:09.383790+00:00
FSM,"Micronesia, Fed. Sts.",2025,Demographics,Population,113683,people,World Bank Open Data,https://data.worldbank.org/indicator/SP.POP.TOTL,2026-08-02T04:09:08.531329+00:00
FSM,"Micronesia, Fed. Sts.",2025,Economics,GDP (current US$),501797600.0,current US$,World Bank Open Data,https://data.worldbank.org/indicator/NY.GDP.MKTP.CD,2026-08-02T04:09:09.383790+00:00
GAB,Gabon,2016,Demographics,Population,2100306,people,World Bank Open Data,https://data.worldbank.org/indicator/SP.POP.TOTL,2026-08-02T04:09:08.531329+00:00
GAB,Gabon,2016,Economics,GDP (current US$),14023890265.3665,current US$,World Bank Open Data,https://data.worldbank.org/indicator/NY.GDP.MKTP.CD,2026-08-02T04:09:09.383790+00:00
GAB,Gabon,2017,Demographics,Population,2156900,people,World Bank Open Data,https://data.worldbank.org/indicator/SP.POP.TOTL,2026-08-02T04:09:08.531329+00:00
GAB,Gabon,2017,Economics,GDP (current US$),14929487485.1623,current US$,World Bank Open Data,https://data.worldbank.org/indicator/NY.GDP.MKTP.CD,2026-08-02T04:09:09.383790+00:00
GAB,Gabon,2018,Demographics,Population,2212318,people,World Bank Open Data,https://data.worldbank.org/indicator/SP.POP.TOTL,2026-08-02T04:09:08.531329+00:00
GAB,Gabon,2018,Economics,GDP (current US$),16867326401.9626,current US$,World Bank Open Data,https://data.worldbank.org/indicator/NY.GDP.MKTP.CD,2026-08-02T04:09:09.383790+00:00
GAB,Gabon,2019,Demographics,Population,2267706,people,World Bank Open Data,https://data.worldbank.org/indicator/SP.POP.TOTL,2026-08-02T04:09:08.531329+00:00
GAB,Gabon,2019,Economics,GDP (current US$),16874405465.391,current US$,World Bank Open Data,https://data.worldbank.org/indicator/NY.GDP.MKTP.CD,2026-08-02T04:09:09.383790+00:00
GAB,Gabon,2020,Demographics,Population,2322539,people,World Bank Open Data,https://data.worldbank.org/indicator/SP.POP.TOTL,2026-08-02T04:09:08.531329+00:00
GAB,Gabon,2020,Economics,GDP (current US$),15342236163.9943,current US$,World Bank Open Data,https://data.worldbank.org/indicator/NY.GDP.MKTP.CD,2026-08-02T04:09:09.383790+00:00
GAB,Gabon,2021,Demographics,Population,2376722,people,World Bank Open Data,https://data.worldbank.org/indicator/SP.POP.TOTL,2026-08-02T04:09:08.531329+00:00
GAB,Gabon,2021,Economics,GDP (current US$),19444935097.2333,current US$,World Bank Open Data,https://data.worldbank.org/indicator/NY.GDP.MKTP.CD,2026-08-02T04:09:09.383790+00:00
GAB,Gabon,2022,Demographics,Population,2430747,people,World Bank Open Data,https://data.worldbank.org/indicator/SP.POP.TOTL,2026-08-02T04:09:08.531329+00:00
GAB,Gabon,2022,Economics,GDP (current US$),20440655695.229,current US$,World Bank Open Data,https://data.worldbank.org/indicator/NY.GDP.MKTP.CD,2026-08-02T04:09:09.383790+00:00
GAB,Gabon,2023,Demographics,Population,2484789,people,World Bank Open Data,https://data.worldbank.org/indicator/SP.POP.TOTL,2026-08-02T04:09:08.531329+00:00
GAB,Gabon,2023,Economics,GDP (current US$),19388372070.9778,current US$,World Bank Open Data,https://data.worldbank.org/indicator/NY.GDP.MKTP.CD,2026-08-02T04:09:09.383790+00:00
GAB,Gabon,2024,Demographics,Population,2538952,people,World Bank Open Data,https://data.worldbank.org/indicator/SP.POP.TOTL,2026-08-02T04:09:08.531329+00:00
GAB,Gabon,2024,Economics,GDP (current US$),20895684425.6752,current US$,World Bank Open Data,https://data.worldbank.org/indicator/NY.GDP.MKTP.CD,2026-08-02T04:09:09.383790+00:00
GAB,Gabon,2025,Demographics,Population,2593130,people,World Bank Open Data,https://data.worldbank.org/indicator/SP.POP.TOTL,2026-08-02T04:09:08.531329+00:00
GAB,Gabon,2025,Economics,GDP (current US$),21427119323.2764,current US$,World Bank Open Data,https://data.worldbank.org/indicator/NY.GDP.MKTP.CD,2026-08-02T04:09:09.383790+00:00
GBR,United Kingdom,2016,Demographics,Population,65606000,people,World Bank Open Data,https://data.worldbank.org/indicator/SP.POP.TOTL,2026-08-02T04:09:08.531329+00:00
GBR,United Kingdom,2016,Economics,GDP (current US$),2706807606538.73,current US$,World Bank Open Data,https://data.worldbank.org/indicator/NY.GDP.MKTP.CD,2026-08-02T04:09:09.383790+00:00
GBR,United Kingdom,2017,Demographics,Population,65964000,people,World Bank Open Data,https://data.worldbank.org/indicator/SP.POP.TOTL,2026-08-02T04:09:08.531329+00:00
GBR,United Kingdom,2017,Economics,GDP (current US$),2699118387873.1,current US$,World Bank Open Data,https://data.worldbank.org/indicator/NY.GDP.MKTP.CD,2026-08-02T04:09:09.383790+00:00
GBR,United Kingdom,2018,Demographics,Population,66287000,people,World Bank Open Data,https://data.worldbank.org/indicator/SP.POP.TOTL,2026-08-02T04:09:08.531329+00:00
GBR,United Kingdom,2018,Economics,GDP (current US$),2897028009916.05,current US$,World Bank Open Data,https://data.worldbank.org/indicator/NY.GDP.MKTP.CD,2026-08-02T04:09:09.383790+00:00
GBR,United Kingdom,2019,Demographics,Population,66628000,people,World Bank Open Data,https://data.worldbank.org/indicator/SP.POP.TOTL,2026-08-02T04:09:08.531329+00:00
GBR,United Kingdom,2019,Economics,GDP (current US$),2875710080015.3,current US$,World Bank Open Data,https://data.worldbank.org/indicator/NY.GDP.MKTP.CD,2026-08-02T04:09:09.383790+00:00
GBR,United Kingdom,2020,Demographics,Population,66740000,people,World Bank Open Data,https://data.worldbank.org/indicator/SP.POP.TOTL,2026-08-02T04:09:08.531329+00:00
GBR,United Kingdom,2020,Economics,GDP (current US$),2724001478304.59,current US$,World Bank Open Data,https://data.worldbank.org/indicator/NY.GDP.MKTP.CD,2026-08-02T04:09:09.383790+00:00
GBR,United Kingdom,2021,Demographics,Population,66978000,people,World Bank Open Data,https://data.worldbank.org/indicator/SP.POP.TOTL,2026-08-02T04:09:08.531329+00:00
GBR,United Kingdom,2021,Economics,GDP (current US$),3194559188925.93,current US$,World Bank Open Data,https://data.worldbank.org/indicator/NY.GDP.MKTP.CD,2026-08-02T04:09:09.383790+00:00
GBR,United Kingdom,2022,Demographics,Population,67636000,people,World Bank Open Data,https://data.worldbank.org/indicator/SP.POP.TOTL,2026-08-02T04:09:08.531329+00:00
GBR,United Kingdom,2022,Economics,GDP (current US$),3181244350465.41,current US$,World Bank Open Data,https://data.worldbank.org/indicator/NY.GDP.MKTP.CD,2026-08-02T04:09:09.383790+00:00
GBR,United Kingdom,2023,Demographics,Population,68526000,people,World Bank Open Data,https://data.worldbank.org/indicator/SP.POP.TOTL,2026-08-02T04:09:08.531329+00:00
GBR,United Kingdom,2023,Economics,GDP (current US$),3420796653789.08,current US$,World Bank Open Data,https://data.worldbank.org/indicator/NY.GDP.MKTP.CD,2026-08-02T04:09:09.383790+00:00
GBR,United Kingdom,2024,Demographics,Population,69281000,people,World Bank Open Data,https://data.worldbank.org/indicator/SP.POP.TOTL,2026-08-02T04:09:08.531329+00:00
GBR,United Kingdom,2024,Economics,GDP (current US$),3695539513534.15,current US$,World Bank Open Data,https://data.worldbank.org/indicator/NY.GDP.MKTP.CD,2026-08-02T04:09:09.383790+00:00
GBR,United Kingdom,2025,Demographics,Population,69487000,people,World Bank Open Data,https://data.worldbank.org/indicator/SP.POP.TOTL,2026-08-02T04:09:08.531329+00:00
GBR,United Kingdom,2025,Economics,GDP (current US$),4002587541846.01,current US$,World Bank Open Data,https://data.worldbank.org/indicator/NY.GDP.MKTP.CD,2026-08-02T04:09:09.383790+00:00
GEO,Georgia,2016,Demographics,Population,3727505,people,World Bank Open Data,https://data.worldbank.org/indicator/SP.POP.TOTL,2026-08-02T04:09:08.531329+00:00
GEO,Georgia,2016,Economics,GDP (current US$),15444548901.9637,current US$,World Bank Open Data,https://data.worldbank.org/indicator/NY.GDP.MKTP.CD,2026-08-02T04:09:09.383790+00:00
GEO,Georgia,2017,Demographics,Population,3728004,people,World Bank Open Data,https://data.worldbank.org/indicator/SP.POP.TOTL,2026-08-02T04:09:08.531329+00:00
GEO,Georgia,2017,Economics,GDP (current US$),16473125375.0684,current US$,World Bank Open Data,https://data.worldbank.org/indicator/NY.GDP.MKTP.CD,2026-08-02T04:09:09.383790+00:00
GEO,Georgia,2018,Demographics,Population,3726549,people,World Bank Open Data,https://data.worldbank.org/indicator/SP.POP.TOTL,2026-08-02T04:09:08.531329+00:00
GEO,Georgia,2018,Economics,GDP (current US$),17902544880.6471,current US$,World Bank Open Data,https://data.worldbank.org/indicator/NY.GDP.MKTP.CD,2026-08-02T04:09:09.383790+00:00
GEO,Georgia,2019,Demographics,Population,3720161,people,World Bank Open Data,https://data.worldbank.org/indicator/SP.POP.TOTL,2026-08-02T04:09:08.531329+00:00
GEO,Georgia,2019,Economics,GDP (current US$),17638337116.9126,current US$,World Bank Open Data,https://data.worldbank.org/indicator/NY.GDP.MKTP.CD,2026-08-02T04:09:09.383790+00:00
GEO,Georgia,2020,Demographics,Population,3722716,people,World Bank Open Data,https://data.worldbank.org/indicator/SP.POP.TOTL,2026-08-02T04:09:08.531329+00:00
GEO,Georgia,2020,Economics,GDP (current US$),16010869215.68,current US$,World Bank Open Data,https://data.worldbank.org/indicator/NY.GDP.MKTP.CD,2026-08-02T04:09:09.383790+00:00
GEO,Georgia,2021,Demographics,Population,3708610,people,World Bank Open Data,https://data.worldbank.org/indicator/SP.POP.TOTL,2026-08-02T04:09:08.531329+00:00
GEO,Georgia,2021,Economics,GDP (current US$),18853115588.8106,current US$,World Bank Open Data,https://data.worldbank.org/indicator/NY.GDP.MKTP.CD,2026-08-02T04:09:09.383790+00:00
GEO,Georgia,2022,Demographics,Population,3712502,people,World Bank Open Data,https://data.worldbank.org/indicator/SP.POP.TOTL,2026-08-02T04:09:08.531329+00:00
GEO,Georgia,2022,Economics,GDP (current US$),24984568959.605,current US$,World Bank Open Data,https://data.worldbank.org/indicator/NY.GDP.MKTP.CD,2026-08-02T04:09:09.383790+00:00
GEO,Georgia,2023,Demographics,Population,3715483,people,World Bank Open Data,https://data.worldbank.org/indicator/SP.POP.TOTL,2026-08-02T04:09:08.531329+00:00
GEO,Georgia,2023,Economics,GDP (current US$),30777833600.6515,current US$,World Bank Open Data,https://data.worldbank.org/indicator/NY.GDP.MKTP.CD,2026-08-02T04:09:09.383790+00:00
GEO,Georgia,2024,Demographics,Population,3812518,people,World Bank Open Data,https://data.worldbank.org/indicator/SP.POP.TOTL,2026-08-02T04:09:08.531329+00:00
GEO,Georgia,2024,Economics,GDP (current US$),34189423333.141,current US$,World Bank Open Data,https://data.worldbank.org/indicator/NY.GDP.MKTP.CD,2026-08-02T04:09:09.383790+00:00
GEO,Georgia,2025,Demographics,Population,3935766,people,World Bank Open Data,https://data.worldbank.org/indicator/SP.POP.TOTL,2026-08-02T04:09:08.531329+00:00
GEO,Georgia,2025,Economics,GDP (current US$),38143612855.1367,current US$,World Bank Open Data,https://data.worldbank.org/indicator/NY.GDP.MKTP.CD,2026-08-02T04:09:09.383790+00:00
GHA,Ghana,2016,Demographics,Population,29356742,people,World Bank Open Data,https://data.worldbank.org/indicator/SP.POP.TOTL,2026-08-02T04:09:08.531329+00:00
GHA,Ghana,2016,Economics,GDP (current US$),56144179397.8516,current US$,World Bank Open Data,https://data.worldbank.org/indicator/NY.GDP.MKTP.CD,2026-08-02T04:09:09.383790+00:00
GHA,Ghana,2017,Demographics,Population,30008354,people,World Bank Open Data,https://data.worldbank.org/indicator/SP.POP.TOTL,2026-08-02T04:09:08.531329+00:00
GHA,Ghana,2017,Economics,GDP (current US$),60385409434.8567,current US$,World Bank Open Data,https://data.worldbank.org/indicator/NY.GDP.MKTP.CD,2026-08-02T04:09:09.383790+00:00
GHA,Ghana,2018,Demographics,Population,30637585,people,World Bank Open Data,https://data.worldbank.org/indicator/SP.POP.TOTL,2026-08-02T04:09:08.531329+00:00
GHA,Ghana,2018,Economics,GDP (current US$),67259353965.6087,current US$,World Bank Open Data,https://data.worldbank.org/indicator/NY.GDP.MKTP.CD,2026-08-02T04:09:09.383790+00:00
GHA,Ghana,2019,Demographics,Population,31258945,people,World Bank Open Data,https://data.worldbank.org/indicator/SP.POP.TOTL,2026-08-02T04:09:08.531329+00:00
GHA,Ghana,2019,Economics,GDP (current US$),68352629246.1555,current US$,World Bank Open Data,https://data.worldbank.org/indicator/NY.GDP.MKTP.CD,2026-08-02T04:09:09.383790+00:00
GHA,Ghana,2020,Demographics,Population,31887809,people,World Bank Open Data,https://data.worldbank.org/indicator/SP.POP.TOTL,2026-08-02T04:09:08.531329+00:00
GHA,Ghana,2020,Economics,GDP (current US$),70008243859.8666,current US$,World Bank Open Data,https://data.worldbank.org/indicator/NY.GDP.MKTP.CD,2026-08-02T04:09:09.383790+00:00
GHA,Ghana,2021,Demographics,Population,32518665,people,World Bank Open Data,https://data.worldbank.org/indicator/SP.POP.TOTL,2026-08-02T04:09:08.531329+00:00
GHA,Ghana,2021,Economics,GDP (current US$),79514204730.3979,current US$,World Bank Open Data,https://data.worldbank.org/indicator/NY.GDP.MKTP.CD,2026-08-02T04:09:09.383790+00:00
GHA,Ghana,2022,Demographics,Population,33149152,people,World Bank Open Data,https://data.worldbank.org/indicator/SP.POP.TOTL,2026-08-02T04:09:08.531329+00:00
GHA,Ghana,2022,Economics,GDP (current US$),73919003212.1998,current US$,World Bank Open Data,https://data.worldbank.org/indicator/NY.GDP.MKTP.CD,2026-08-02T04:09:09.383790+00:00
GHA,Ghana,2023,Demographics,Population,33787914,people,World Bank Open Data,https://data.worldbank.org/indicator/SP.POP.TOTL,2026-08-02T04:09:08.531329+00:00
GHA,Ghana,2023,Economics,GDP (current US$),80547146875.9526,current US$,World Bank Open Data,https://data.worldbank.org/indicator/NY.GDP.MKTP.CD,2026-08-02T04:09:09.383790+00:00
GHA,Ghana,2024,Demographics,Population,34427414,people,World Bank Open Data,https://data.worldbank.org/indicator/SP.POP.TOTL,2026-08-02T04:09:08.531329+00:00
GHA,Ghana,2024,Economics,GDP (current US$),83288585604.0268,current US$,World Bank Open Data,https://data.worldbank.org/indicator/NY.GDP.MKTP.CD,2026-08-02T04:09:09.383790+00:00
GHA,Ghana,2025,Demographics,Population,35064272,people,World Bank Open Data,https://data.worldbank.org/indicator/SP.POP.TOTL,2026-08-02T04:09:08.531329+00:00
GHA,Ghana,2025,Economics,GDP (current US$),114209905278.717,current US$,World Bank Open Data,https://data.worldbank.org/indicator/NY.GDP.MKTP.CD,2026-08-02T04:09:09.383790+00:00
GIB,Gibraltar,2016,Demographics,Population,33658,people,World Bank Open Data,https://data.worldbank.org/indicator/SP.POP.TOTL,2026-08-02T04:09:08.531329+00:00
GIB,Gibraltar,2017,Demographics,Population,34245,people,World Bank Open Data,https://data.worldbank.org/indicator/SP.POP.TOTL,2026-08-02T04:09:08.531329+00:00
GIB,Gibraltar,2018,Demographics,Population,34854,people,World Bank Open Data,https://data.worldbank.org/indicator/SP.POP.TOTL,2026-08-02T04:09:08.531329+00:00
GIB,Gibraltar,2019,Demographics,Population,35494,people,World Bank Open Data,https://data.worldbank.org/indicator/SP.POP.TOTL,2026-08-02T04:09:08.531329+00:00
GIB,Gibraltar,2020,Demographics,Population,36173,people,World Bank Open Data,https://data.worldbank.org/indicator/SP.POP.TOTL,2026-08-02T04:09:08.531329+00:00
GIB,Gibraltar,2021,Demographics,Population,36858,people,World Bank Open Data,https://data.worldbank.org/indicator/SP.POP.TOTL,2026-08-02T04:09:08.531329+00:00
GIB,Gibraltar,2022,Demographics,Population,37609,people,World Bank Open Data,https://data.worldbank.org/indicator/SP.POP.TOTL,2026-08-02T04:09:08.531329+00:00
GIB,Gibraltar,2023,Demographics,Population,38471,people,World Bank Open Data,https://data.worldbank.org/indicator/SP.POP.TOTL,2026-08-02T04:09:08.531329+00:00
GIB,Gibraltar,2024,Demographics,Population,39329,people,World Bank Open Data,https://data.worldbank.org/indicator/SP.POP.TOTL,2026-08-02T04:09:08.531329+00:00
GIB,Gibraltar,2025,Demographics,Population,40126,people,World Bank Open Data,https://data.worldbank.org/indicator/SP.POP.TOTL,2026-08-02T04:09:08.531329+00:00
GIN,Guinea,2016,Demographics,Population,12073030,people,World Bank Open Data,https://data.worldbank.org/indicator/SP.POP.TOTL,2026-08-02T04:09:08.531329+00:00
GIN,Guinea,2016,Economics,GDP (current US$),8595955222.49719,current US$,World Bank Open Data,https://data.worldbank.org/indicator/NY.GDP.MKTP.CD,2026-08-02T04:09:09.383790+00:00
GIN,Guinea,2017,Demographics,Population,12385659,people,World Bank Open Data,https://data.worldbank.org/indicator/SP.POP.TOTL,2026-08-02T04:09:08.531329+00:00
GIN,Guinea,2017,Economics,GDP (current US$),10324668271.1362,current US$,World Bank Open Data,https://data.worldbank.org/indicator/NY.GDP.MKTP.CD,2026-08-02T04:09:09.383790+00:00
GIN,Guinea,2018,Demographics,Population,12704774,people,World Bank Open Data,https://data.worldbank.org/indicator/SP.POP.TOTL,2026-08-02T04:09:08.531329+00:00
GIN,Guinea,2018,Economics,GDP (current US$),11857030366.7891,current US$,World Bank Open Data,https://data.worldbank.org/indicator/NY.GDP.MKTP.CD,2026-08-02T04:09:09.383790+00:00
GIN,Guinea,2019,Demographics,Population,13034346,people,World Bank Open Data,https://data.worldbank.org/indicator/SP.POP.TOTL,2026-08-02T04:09:08.531329+00:00
GIN,Guinea,2019,Economics,GDP (current US$),13442861496.4454,current US$,World Bank Open Data,https://data.worldbank.org/indicator/NY.GDP.MKTP.CD,2026-08-02T04:09:09.383790+00:00
GIN,Guinea,2020,Demographics,Population,13371183,people,World Bank Open Data,https://data.worldbank.org/indicator/SP.POP.TOTL,2026-08-02T04:09:08.531329+00:00
GIN,Guinea,2020,Economics,GDP (current US$),14088693742.9464,current US$,World Bank Open Data,https://data.worldbank.org/indicator/NY.GDP.MKTP.CD,2026-08-02T04:09:09.383790+00:00
GIN,Guinea,2021,Demographics,Population,13710513,people,World Bank Open Data,https://data.worldbank.org/indicator/SP.POP.TOTL,2026-08-02T04:09:08.531329+00:00
GIN,Guinea,2021,Economics,GDP (current US$),17069115737.8259,current US$,World Bank Open Data,https://data.worldbank.org/indicator/NY.GDP.MKTP.CD,2026-08-02T04:09:09.383790+00:00
GIN,Guinea,2022,Demographics,Population,14055137,people,World Bank Open Data,https://data.worldbank.org/indicator/SP.POP.TOTL,2026-08-02T04:09:08.531329+00:00
GIN,Guinea,2022,Economics,GDP (current US$),19910452541.9219,current US$,World Bank Open Data,https://data.worldbank.org/indicator/NY.GDP.MKTP.CD,2026-08-02T04:09:09.383790+00:00
GIN,Guinea,2023,Demographics,Population,14405468,people,World Bank Open Data,https://data.worldbank.org/indicator/SP.POP.TOTL,2026-08-02T04:09:08.531329+00:00
GIN,Guinea,2023,Economics,GDP (current US$),22407615556.0571,current US$,World Bank Open Data,https://data.worldbank.org/indicator/NY.GDP.MKTP.CD,2026-08-02T04:09:09.383790+00:00
GIN,Guinea,2024,Demographics,Population,14754785,people,World Bank Open Data,https://data.worldbank.org/indicator/SP.POP.TOTL,2026-08-02T04:09:08.531329+00:00
GIN,Guinea,2024,Economics,GDP (current US$),25008678293.4073,current US$,World Bank Open Data,https://data.worldbank.org/indicator/NY.GDP.MKTP.CD,2026-08-02T04:09:09.383790+00:00
GIN,Guinea,2025,Demographics,Population,15099727,people,World Bank Open Data,https://data.worldbank.org/indicator/SP.POP.TOTL,2026-08-02T04:09:08.531329+00:00
GIN,Guinea,2025,Economics,GDP (current US$),28346024753.2924,current US$,World Bank Open Data,https://data.worldbank.org/indicator/NY.GDP.MKTP.CD,2026-08-02T04:09:09.383790+00:00
GMB,"Gambia, The",2016,Demographics,Population,2283769,people,World Bank Open Data,https://data.worldbank.org/indicator/SP.POP.TOTL,2026-08-02T04:09:08.531329+00:00
GMB,"Gambia, The",2016,Economics,GDP (current US$),1484578885.97132,current US$,World Bank Open Data,https://data.worldbank.org/indicator/NY.GDP.MKTP.CD,2026-08-02T04:09:09.383790+00:00
GMB,"Gambia, The",2017,Demographics,Population,2342189,people,World Bank Open Data,https://data.worldbank.org/indicator/SP.POP.TOTL,2026-08-02T04:09:08.531329+00:00
GMB,"Gambia, The",2017,Economics,GDP (current US$),1504909462.69521,current US$,World Bank Open Data,https://data.worldbank.org/indicator/NY.GDP.MKTP.CD,2026-08-02T04:09:09.383790+00:00
GMB,"Gambia, The",2018,Demographics,Population,2399632,people,World Bank Open Data,https://data.worldbank.org/indicator/SP.POP.TOTL,2026-08-02T04:09:08.531329+00:00
GMB,"Gambia, The",2018,Economics,GDP (current US$),1670671327.81651,current US$,World Bank Open Data,https://data.worldbank.org/indicator/NY.GDP.MKTP.CD,2026-08-02T04:09:09.383790+00:00
GMB,"Gambia, The",2019,Demographics,Population,2456844,people,World Bank Open Data,https://data.worldbank.org/indicator/SP.POP.TOTL,2026-08-02T04:09:08.531329+00:00
GMB,"Gambia, The",2019,Economics,GDP (current US$),1813609692.49994,current US$,World Bank Open Data,https://data.worldbank.org/indicator/NY.GDP.MKTP.CD,2026-08-02T04:09:09.383790+00:00
GMB,"Gambia, The",2020,Demographics,Population,2515733,people,World Bank Open Data,https://data.worldbank.org/indicator/SP.POP.TOTL,2026-08-02T04:09:08.531329+00:00
GMB,"Gambia, The",2020,Economics,GDP (current US$),1812170891.19069,current US$,World Bank Open Data,https://data.worldbank.org/indicator/NY.GDP.MKTP.CD,2026-08-02T04:09:09.383790+00:00
GMB,"Gambia, The",2021,Demographics,Population,2576010,people,World Bank Open Data,https://data.worldbank.org/indicator/SP.POP.TOTL,2026-08-02T04:09:08.531329+00:00
GMB,"Gambia, The",2021,Economics,GDP (current US$),2014158842.14596,current US$,World Bank Open Data,https://data.worldbank.org/indicator/NY.GDP.MKTP.CD,2026-08-02T04:09:09.383790+00:00
GMB,"Gambia, The",2022,Demographics,Population,2636470,people,World Bank Open Data,https://data.worldbank.org/indicator/SP.POP.TOTL,2026-08-02T04:09:08.531329+00:00
GMB,"Gambia, The",2022,Economics,GDP (current US$),2204734527.88096,current US$,World Bank Open Data,https://data.worldbank.org/indicator/NY.GDP.MKTP.CD,2026-08-02T04:09:09.383790+00:00
GMB,"Gambia, The",2023,Demographics,Population,2697845,people,World Bank Open Data,https://data.worldbank.org/indicator/SP.POP.TOTL,2026-08-02T04:09:08.531329+00:00
GMB,"Gambia, The",2023,Economics,GDP (current US$),2382262185.38179,current US$,World Bank Open Data,https://data.worldbank.org/indicator/NY.GDP.MKTP.CD,2026-08-02T04:09:09.383790+00:00
GMB,"Gambia, The",2024,Demographics,Population,2759988,people,World Bank Open Data,https://data.worldbank.org/indicator/SP.POP.TOTL,2026-08-02T04:09:08.531329+00:00
GMB,"Gambia, The",2024,Economics,GDP (current US$),2404888737.54853,current US$,World Bank Open Data,https://data.worldbank.org/indicator/NY.GDP.MKTP.CD,2026-08-02T04:09:09.383790+00:00
GMB,"Gambia, The",2025,Demographics,Population,2822093,people,World Bank Open Data,https://data.worldbank.org/indicator/SP.POP.TOTL,2026-08-02T04:09:08.531329+00:00
GMB,"Gambia, The",2025,Economics,GDP (current US$),2593673987.53306,current US$,World Bank Open Data,https://data.worldbank.org/indicator/NY.GDP.MKTP.CD,2026-08-02T04:09:09.383790+00:00
GNB,Guinea-Bissau,2016,Demographics,Population,1831893,people,World Bank Open Data,https://data.worldbank.org/indicator/SP.POP.TOTL,2026-08-02T04:09:08.531329+00:00
GNB,Guinea-Bissau,2016,Economics,GDP (current US$),1245074264.10396,current US$,World Bank Open Data,https://data.worldbank.org/indicator/NY.GDP.MKTP.CD,2026-08-02T04:09:09.383790+00:00
GNB,Guinea-Bissau,2017,Demographics,Population,1877072,people,World Bank Open Data,https://data.worldbank.org/indicator/SP.POP.TOTL,2026-08-02T04:09:08.531329+00:00
GNB,Guinea-Bissau,2017,Economics,GDP (current US$),1469978606.12143,current US$,World Bank Open Data,https://data.worldbank.org/indicator/NY.GDP.MKTP.CD,2026-08-02T04:09:09.383790+00:00
GNB,Guinea-Bissau,2018,Demographics,Population,1922168,people,World Bank Open Data,https://data.worldbank.org/indicator/SP.POP.TOTL,2026-08-02T04:09:08.531329+00:00
GNB,Guinea-Bissau,2018,Economics,GDP (current US$),1554133593.91699,current US$,World Bank Open Data,https://data.worldbank.org/indicator/NY.GDP.MKTP.CD,2026-08-02T04:09:09.383790+00:00
GNB,Guinea-Bissau,2019,Demographics,Population,1967696,people,World Bank Open Data,https://data.worldbank.org/indicator/SP.POP.TOTL,2026-08-02T04:09:08.531329+00:00
GNB,Guinea-Bissau,2019,Economics,GDP (current US$),1596214680.12925,current US$,World Bank Open Data,https://data.worldbank.org/indicator/NY.GDP.MKTP.CD,2026-08-02T04:09:09.383790+00:00
GNB,Guinea-Bissau,2020,Demographics,Population,2013255,people,World Bank Open Data,https://data.worldbank.org/indicator/SP.POP.TOTL,2026-08-02T04:09:08.531329+00:00
GNB,Guinea-Bissau,2020,Economics,GDP (current US$),1705062169.81422,current US$,World Bank Open Data,https://data.worldbank.org/indicator/NY.GDP.MKTP.CD,2026-08-02T04:09:09.383790+00:00
GNB,Guinea-Bissau,2021,Demographics,Population,2058841,people,World Bank Open Data,https://data.worldbank.org/indicator/SP.POP.TOTL,2026-08-02T04:09:08.531329+00:00
GNB,Guinea-Bissau,2021,Economics,GDP (current US$),1907611288.23036,current US$,World Bank Open Data,https://data.worldbank.org/indicator/NY.GDP.MKTP.CD,2026-08-02T04:09:09.383790+00:00
GNB,Guinea-Bissau,2022,Demographics,Population,2105529,people,World Bank Open Data,https://data.worldbank.org/indicator/SP.POP.TOTL,2026-08-02T04:09:08.531329+00:00
GNB,Guinea-Bissau,2022,Economics,GDP (current US$),1856239954.81555,current US$,World Bank Open Data,https://data.worldbank.org/indicator/NY.GDP.MKTP.CD,2026-08-02T04:09:09.383790+00:00
GNB,Guinea-Bissau,2023,Demographics,Population,2153339,people,World Bank Open Data,https://data.worldbank.org/indicator/SP.POP.TOTL,2026-08-02T04:09:08.531329+00:00
GNB,Guinea-Bissau,2023,Economics,GDP (current US$),2076748678.11987,current US$,World Bank Open Data,https://data.worldbank.org/indicator/NY.GDP.MKTP.CD,2026-08-02T04:09:09.383790+00:00
GNB,Guinea-Bissau,2024,Demographics,Population,2201352,people,World Bank Open Data,https://data.worldbank.org/indicator/SP.POP.TOTL,2026-08-02T04:09:08.531329+00:00
GNB,Guinea-Bissau,2024,Economics,GDP (current US$),2197777209.94218,current US$,World Bank Open Data,https://data.worldbank.org/indicator/NY.GDP.MKTP.CD,2026-08-02T04:09:09.383790+00:00
GNB,Guinea-Bissau,2025,Demographics,Population,2249515,people,World Bank Open Data,https://data.worldbank.org/indicator/SP.POP.TOTL,2026-08-02T04:09:08.531329+00:00
GNB,Guinea-Bissau,2025,Economics,GDP (current US$),2527930272.92988,current US$,World Bank Open Data,https://data.worldbank.org/indicator/NY.GDP.MKTP.CD,2026-08-02T04:09:09.383790+00:00
GNQ,Equatorial Guinea,2016,Demographics,Population,1508186,people,World Bank Open Data,https://data.worldbank.org/indicator/SP.POP.TOTL,2026-08-02T04:09:08.531329+00:00
GNQ,Equatorial Guinea,2016,Economics,GDP (current US$),11240808847.8878,current US$,World Bank Open Data,https://data.worldbank.org/indicator/NY.GDP.MKTP.CD,2026-08-02T04:09:09.383790+00:00
GNQ,Equatorial Guinea,2017,Demographics,Population,1562396,people,World Bank Open Data,https://data.worldbank.org/indicator/SP.POP.TOTL,2026-08-02T04:09:08.531329+00:00
GNQ,Equatorial Guinea,2017,Economics,GDP (current US$),12200913878.9827,current US$,World Bank Open Data,https://data.worldbank.org/indicator/NY.GDP.MKTP.CD,2026-08-02T04:09:09.383790+00:00
GNQ,Equatorial Guinea,2018,Demographics,Population,1616422,people,World Bank Open Data,https://data.worldbank.org/indicator/SP.POP.TOTL,2026-08-02T04:09:08.531329+00:00
GNQ,Equatorial Guinea,2018,Economics,GDP (current US$),13097012133.6159,current US$,World Bank Open Data,https://data.worldbank.org/indicator/NY.GDP.MKTP.CD,2026-08-02T04:09:09.383790+00:00
GNQ,Equatorial Guinea,2019,Demographics,Population,1670177,people,World Bank Open Data,https://data.worldbank.org/indicator/SP.POP.TOTL,2026-08-02T04:09:08.531329+00:00
GNQ,Equatorial Guinea,2019,Economics,GDP (current US$),11364133549.7478,current US$,World Bank Open Data,https://data.worldbank.org/indicator/NY.GDP.MKTP.CD,2026-08-02T04:09:09.383790+00:00
GNQ,Equatorial Guinea,2020,Demographics,Population,1716468,people,World Bank Open Data,https://data.worldbank.org/indicator/SP.POP.TOTL,2026-08-02T04:09:08.531329+00:00
GNQ,Equatorial Guinea,2020,Economics,GDP (current US$),9893816007.7398,current US$,World Bank Open Data,https://data.worldbank.org/indicator/NY.GDP.MKTP.CD,2026-08-02T04:09:09.383790+00:00
GNQ,Equatorial Guinea,2021,Demographics,Population,1758786,people,World Bank Open Data,https://data.worldbank.org/indicator/SP.POP.TOTL,2026-08-02T04:09:08.531329+00:00
GNQ,Equatorial Guinea,2021,Economics,GDP (current US$),12215878032.7166,current US$,World Bank Open Data,https://data.worldbank.org/indicator/NY.GDP.MKTP.CD,2026-08-02T04:09:09.383790+00:00
GNQ,Equatorial Guinea,2022,Demographics,Population,1803545,people,World Bank Open Data,https://data.worldbank.org/indicator/SP.POP.TOTL,2026-08-02T04:09:08.531329+00:00
GNQ,Equatorial Guinea,2022,Economics,GDP (current US$),13687643435.6249,current US$,World Bank Open Data,https://data.worldbank.org/indicator/NY.GDP.MKTP.CD,2026-08-02T04:09:09.383790+00:00
GNQ,Equatorial Guinea,2023,Demographics,Population,1847549,people,World Bank Open Data,https://data.worldbank.org/indicator/SP.POP.TOTL,2026-08-02T04:09:08.531329+00:00
GNQ,Equatorial Guinea,2023,Economics,GDP (current US$),12541814272.8021,current US$,World Bank Open Data,https://data.worldbank.org/indicator/NY.GDP.MKTP.CD,2026-08-02T04:09:09.383790+00:00
GNQ,Equatorial Guinea,2024,Demographics,Population,1892516,people,World Bank Open Data,https://data.worldbank.org/indicator/SP.POP.TOTL,2026-08-02T04:09:08.531329+00:00
GNQ,Equatorial Guinea,2024,Economics,GDP (current US$),13254388261.1258,current US$,World Bank Open Data,https://data.worldbank.org/indicator/NY.GDP.MKTP.CD,2026-08-02T04:09:09.383790+00:00
GNQ,Equatorial Guinea,2025,Demographics,Population,1938431,people,World Bank Open Data,https://data.worldbank.org/indicator/SP.POP.TOTL,2026-08-02T04:09:08.531329+00:00
GNQ,Equatorial Guinea,2025,Economics,GDP (current US$),12823210425.9217,current US$,World Bank Open Data,https://data.worldbank.org/indicator/NY.GDP.MKTP.CD,2026-08-02T04:09:09.383790+00:00
GRC,Greece,2016,Demographics,Population,10775971,people,World Bank Open Data,https://data.worldbank.org/indicator/SP.POP.TOTL,2026-08-02T04:09:08.531329+00:00
GRC,Greece,2016,Economics,GDP (current US$),193097239005.87,current US$,World Bank Open Data,https://data.worldbank.org/indicator/NY.GDP.MKTP.CD,2026-08-02T04:09:09.383790+00:00
GRC,Greece,2017,Demographics,Population,10754679,people,World Bank Open Data,https://data.worldbank.org/indicator/SP.POP.TOTL,2026-08-02T04:09:08.531329+00:00
GRC,Greece,2017,Economics,GDP (current US$),200381103984.298,current US$,World Bank Open Data,https://data.worldbank.org/indicator/NY.GDP.MKTP.CD,2026-08-02T04:09:09.383790+00:00
GRC,Greece,2018,Demographics,Population,10732882,people,World Bank Open Data,https://data.worldbank.org/indicator/SP.POP.TOTL,2026-08-02T04:09:08.531329+00:00
GRC,Greece,2018,Economics,GDP (current US$),213298873494.394,current US$,World Bank Open Data,https://data.worldbank.org/indicator/NY.GDP.MKTP.CD,2026-08-02T04:09:09.383790+00:00
GRC,Greece,2019,Demographics,Population,10721582,people,World Bank Open Data,https://data.worldbank.org/indicator/SP.POP.TOTL,2026-08-02T04:09:08.531329+00:00
GRC,Greece,2019,Economics,GDP (current US$),207305649887.019,current US$,World Bank Open Data,https://data.worldbank.org/indicator/NY.GDP.MKTP.CD,2026-08-02T04:09:09.383790+00:00
GRC,Greece,2020,Demographics,Population,10698599,people,World Bank Open Data,https://data.worldbank.org/indicator/SP.POP.TOTL,2026-08-02T04:09:08.531329+00:00
GRC,Greece,2020,Economics,GDP (current US$),191362985554.861,current US$,World Bank Open Data,https://data.worldbank.org/indicator/NY.GDP.MKTP.CD,2026-08-02T04:09:09.383790+00:00
GRC,Greece,2021,Demographics,Population,10570130,people,World Bank Open Data,https://data.worldbank.org/indicator/SP.POP.TOTL,2026-08-02T04:09:08.531329+00:00
GRC,Greece,2021,Economics,GDP (current US$),218303801895.326,current US$,World Bank Open Data,https://data.worldbank.org/indicator/NY.GDP.MKTP.CD,2026-08-02T04:09:09.383790+00:00
GRC,Greece,2022,Demographics,Population,10437805,people,World Bank Open Data,https://data.worldbank.org/indicator/SP.POP.TOTL,2026-08-02T04:09:08.531329+00:00
GRC,Greece,2022,Economics,GDP (current US$),217990189600.69,current US$,World Bank Open Data,https://data.worldbank.org/indicator/NY.GDP.MKTP.CD,2026-08-02T04:09:09.383790+00:00
GRC,Greece,2023,Demographics,Population,10407351,people,World Bank Open Data,https://data.worldbank.org/indicator/SP.POP.TOTL,2026-08-02T04:09:08.531329+00:00
GRC,Greece,2023,Economics,GDP (current US$),242946187738.269,current US$,World Bank Open Data,https://data.worldbank.org/indicator/NY.GDP.MKTP.CD,2026-08-02T04:09:09.383790+00:00
GRC,Greece,2024,Demographics,Population,10405134,people,World Bank Open Data,https://data.worldbank.org/indicator/SP.POP.TOTL,2026-08-02T04:09:08.531329+00:00
GRC,Greece,2024,Economics,GDP (current US$),256238371778.118,current US$,World Bank Open Data,https://data.worldbank.org/indicator/NY.GDP.MKTP.CD,2026-08-02T04:09:09.383790+00:00
GRC,Greece,2025,Demographics,Population,10413962,people,World Bank Open Data,https://data.worldbank.org/indicator/SP.POP.TOTL,2026-08-02T04:09:08.531329+00:00
GRC,Greece,2025,Economics,GDP (current US$),280635521324.441,current US$,World Bank Open Data,https://data.worldbank.org/indicator/NY.GDP.MKTP.CD,2026-08-02T04:09:09.383790+00:00
GRD,Grenada,2016,Demographics,Population,115130,people,World Bank Open Data,https://data.worldbank.org/indicator/SP.POP.TOTL,2026-08-02T04:09:08.531329+00:00
GRD,Grenada,2016,Economics,GDP (current US$),1061640740.74074,current US$,World Bank Open Data,https://data.worldbank.org/indicator/NY.GDP.MKTP.CD,2026-08-02T04:09:09.383790+00:00
GRD,Grenada,2017,Demographics,Population,115438,people,World Bank Open Data,https://data.worldbank.org/indicator/SP.POP.TOTL,2026-08-02T04:09:08.531329+00:00
GRD,Grenada,2017,Economics,GDP (current US$),1125685185.18519,current US$,World Bank Open Data,https://data.worldbank.org/indicator/NY.GDP.MKTP.CD,2026-08-02T04:09:09.383790+00:00
GRD,Grenada,2018,Demographics,Population,115691,people,World Bank Open Data,https://data.worldbank.org/indicator/SP.POP.TOTL,2026-08-02T04:09:08.531329+00:00
GRD,Grenada,2018,Economics,GDP (current US$),1166514814.81481,current US$,World Bank Open Data,https://data.worldbank.org/indicator/NY.GDP.MKTP.CD,2026-08-02T04:09:09.383790+00:00
GRD,Grenada,2019,Demographics,Population,115981,people,World Bank Open Data,https://data.worldbank.org/indicator/SP.POP.TOTL,2026-08-02T04:09:08.531329+00:00
GRD,Grenada,2019,Economics,GDP (current US$),1213485185.18519,current US$,World Bank Open Data,https://data.worldbank.org/indicator/NY.GDP.MKTP.CD,2026-08-02T04:09:09.383790+00:00
GRD,Grenada,2020,Demographics,Population,116341,people,World Bank Open Data,https://data.worldbank.org/indicator/SP.POP.TOTL,2026-08-02T04:09:08.531329+00:00
GRD,Grenada,2020,Economics,GDP (current US$),1043411111.11111,current US$,World Bank Open Data,https://data.worldbank.org/indicator/NY.GDP.MKTP.CD,2026-08-02T04:09:09.383790+00:00
GRD,Grenada,2021,Demographics,Population,116688,people,World Bank Open Data,https://data.worldbank.org/indicator/SP.POP.TOTL,2026-08-02T04:09:08.531329+00:00
GRD,Grenada,2021,Economics,GDP (current US$),1122222222.22222,current US$,World Bank Open Data,https://data.worldbank.org/indicator/NY.GDP.MKTP.CD,2026-08-02T04:09:09.383790+00:00
GRD,Grenada,2022,Demographics,Population,116913,people,World Bank Open Data,https://data.worldbank.org/indicator/SP.POP.TOTL,2026-08-02T04:09:08.531329+00:00
GRD,Grenada,2022,Economics,GDP (current US$),1224007407.40741,current US$,World Bank Open Data,https://data.worldbank.org/indicator/NY.GDP.MKTP.CD,2026-08-02T04:09:09.383790+00:00
GRD,Grenada,2023,Demographics,Population,117081,people,World Bank Open Data,https://data.worldbank.org/indicator/SP.POP.TOTL,2026-08-02T04:09:08.531329+00:00
GRD,Grenada,2023,Economics,GDP (current US$),1336418518.51852,current US$,World Bank Open Data,https://data.worldbank.org/indicator/NY.GDP.MKTP.CD,2026-08-02T04:09:09.383790+00:00
GRD,Grenada,2024,Demographics,Population,117207,people,World Bank Open Data,https://data.worldbank.org/indicator/SP.POP.TOTL,2026-08-02T04:09:08.531329+00:00
GRD,Grenada,2024,Economics,GDP (current US$),1351270370.37037,current US$,World Bank Open Data,https://data.worldbank.org/indicator/NY.GDP.MKTP.CD,2026-08-02T04:09:09.383790+00:00
GRD,Grenada,2025,Demographics,Population,117303,people,World Bank Open Data,https://data.worldbank.org/indicator/SP.POP.TOTL,2026-08-02T04:09:08.531329+00:00
GRD,Grenada,2025,Economics,GDP (current US$),1420173228.56948,current US$,World Bank Open Data,https://data.worldbank.org/indicator/NY.GDP.MKTP.CD,2026-08-02T04:09:09.383790+00:00
GRL,Greenland,2016,Demographics,Population,56186,people,World Bank Open Data,https://data.worldbank.org/indicator/SP.POP.TOTL,2026-08-02T04:09:08.531329+00:00
GRL,Greenland,2016,Economics,GDP (current US$),2707139544.46695,current US$,World Bank Open Data,https://data.worldbank.org/indicator/NY.GDP.MKTP.CD,2026-08-02T04:09:09.383790+00:00
GRL,Greenland,2017,Demographics,Population,56172,people,World Bank Open Data,https://data.worldbank.org/indicator/SP.POP.TOTL,2026-08-02T04:09:08.531329+00:00
GRL,Greenland,2017,Economics,GDP (current US$),2851613679.03433,current US$,World Bank Open Data,https://data.worldbank.org/indicator/NY.GDP.MKTP.CD,2026-08-02T04:09:09.383790+00:00
GRL,Greenland,2018,Demographics,Population,56023,people,World Bank Open Data,https://data.worldbank.org/indicator/SP.POP.TOTL,2026-08-02T04:09:08.531329+00:00
GRL,Greenland,2018,Economics,GDP (current US$),3055782146.15957,current US$,World Bank Open Data,https://data.worldbank.org/indicator/NY.GDP.MKTP.CD,2026-08-02T04:09:09.383790+00:00
GRL,Greenland,2019,Demographics,Population,56225,people,World Bank Open Data,https://data.worldbank.org/indicator/SP.POP.TOTL,2026-08-02T04:09:08.531329+00:00
GRL,Greenland,2019,Economics,GDP (current US$),2997309971.87623,current US$,World Bank Open Data,https://data.worldbank.org/indicator/NY.GDP.MKTP.CD,2026-08-02T04:09:09.383790+00:00
GRL,Greenland,2020,Demographics,Population,56367,people,World Bank Open Data,https://data.worldbank.org/indicator/SP.POP.TOTL,2026-08-02T04:09:08.531329+00:00
GRL,Greenland,2020,Economics,GDP (current US$),3089625554.40473,current US$,World Bank Open Data,https://data.worldbank.org/indicator/NY.GDP.MKTP.CD,2026-08-02T04:09:09.383790+00:00
GRL,Greenland,2021,Demographics,Population,56653,people,World Bank Open Data,https://data.worldbank.org/indicator/SP.POP.TOTL,2026-08-02T04:09:08.531329+00:00
GRL,Greenland,2021,Economics,GDP (current US$),3293578467.57327,current US$,World Bank Open Data,https://data.worldbank.org/indicator/NY.GDP.MKTP.CD,2026-08-02T04:09:09.383790+00:00
GRL,Greenland,2022,Demographics,Population,56661,people,World Bank Open Data,https://data.worldbank.org/indicator/SP.POP.TOTL,2026-08-02T04:09:08.531329+00:00
GRL,Greenland,2022,Economics,GDP (current US$),3152334771.77992,current US$,World Bank Open Data,https://data.worldbank.org/indicator/NY.GDP.MKTP.CD,2026-08-02T04:09:09.383790+00:00
GRL,Greenland,2023,Demographics,Population,56865,people,World Bank Open Data,https://data.worldbank.org/indicator/SP.POP.TOTL,2026-08-02T04:09:08.531329+00:00
GRL,Greenland,2023,Economics,GDP (current US$),3326543974.39193,current US$,World Bank Open Data,https://data.worldbank.org/indicator/NY.GDP.MKTP.CD,2026-08-02T04:09:09.383790+00:00
GRL,Greenland,2024,Demographics,Population,56836,people,World Bank Open Data,https://data.worldbank.org/indicator/SP.POP.TOTL,2026-08-02T04:09:08.531329+00:00
GRL,Greenland,2025,Demographics,Population,56831,people,World Bank Open Data,https://data.worldbank.org/indicator/SP.POP.TOTL,2026-08-02T04:09:08.531329+00:00
GTM,Guatemala,2016,Demographics,Population,16268760,people,World Bank Open Data,https://data.worldbank.org/indicator/SP.POP.TOTL,2026-08-02T04:09:08.531329+00:00
GTM,Guatemala,2016,Economics,GDP (current US$),66053408205.8838,current US$,World Bank Open Data,https://data.worldbank.org/indicator/NY.GDP.MKTP.CD,2026-08-02T04:09:09.383790+00:00
GTM,Guatemala,2017,Demographics,Population,16567357,people,World Bank Open Data,https://data.worldbank.org/indicator/SP.POP.TOTL,2026-08-02T04:09:08.531329+00:00
GTM,Guatemala,2017,Economics,GDP (current US$),71653780740.4226,current US$,World Bank Open Data,https://data.worldbank.org/indicator/NY.GDP.MKTP.CD,2026-08-02T04:09:09.383790+00:00
GTM,Guatemala,2018,Demographics,Population,16845685,people,World Bank Open Data,https://data.worldbank.org/indicator/SP.POP.TOTL,2026-08-02T04:09:08.531329+00:00
GTM,Guatemala,2018,Economics,GDP (current US$),73328356007.6152,current US$,World Bank Open Data,https://data.worldbank.org/indicator/NY.GDP.MKTP.CD,2026-08-02T04:09:09.383790+00:00
GTM,Guatemala,2019,Demographics,Population,17103803,people,World Bank Open Data,https://data.worldbank.org/indicator/SP.POP.TOTL,2026-08-02T04:09:08.531329+00:00
GTM,Guatemala,2019,Economics,GDP (current US$),77172331693.4093,current US$,World Bank Open Data,https://data.worldbank.org/indicator/NY.GDP.MKTP.CD,2026-08-02T04:09:09.383790+00:00
GTM,Guatemala,2020,Demographics,Population,17357325,people,World Bank Open Data,https://data.worldbank.org/indicator/SP.POP.TOTL,2026-08-02T04:09:08.531329+00:00
GTM,Guatemala,2020,Economics,GDP (current US$),77719468248.3666,current US$,World Bank Open Data,https://data.worldbank.org/indicator/NY.GDP.MKTP.CD,2026-08-02T04:09:09.383790+00:00
GTM,Guatemala,2021,Demographics,Population,17598650,people,World Bank Open Data,https://data.worldbank.org/indicator/SP.POP.TOTL,2026-08-02T04:09:08.531329+00:00
GTM,Guatemala,2021,Economics,GDP (current US$),86455522272.7383,current US$,World Bank Open Data,https://data.worldbank.org/indicator/NY.GDP.MKTP.CD,2026-08-02T04:09:09.383790+00:00
GTM,Guatemala,2022,Demographics,Population,17847877,people,World Bank Open Data,https://data.worldbank.org/indicator/SP.POP.TOTL,2026-08-02T04:09:08.531329+00:00
GTM,Guatemala,2022,Economics,GDP (current US$),95609727055.5754,current US$,World Bank Open Data,https://data.worldbank.org/indicator/NY.GDP.MKTP.CD,2026-08-02T04:09:09.383790+00:00
GTM,Guatemala,2023,Demographics,Population,18124838,people,World Bank Open Data,https://data.worldbank.org/indicator/SP.POP.TOTL,2026-08-02T04:09:08.531329+00:00
GTM,Guatemala,2023,Economics,GDP (current US$),104298081428.769,current US$,World Bank Open Data,https://data.worldbank.org/indicator/NY.GDP.MKTP.CD,2026-08-02T04:09:09.383790+00:00
GTM,Guatemala,2024,Demographics,Population,18406359,people,World Bank Open Data,https://data.worldbank.org/indicator/SP.POP.TOTL,2026-08-02T04:09:08.531329+00:00
GTM,Guatemala,2024,Economics,GDP (current US$),113215575150.885,current US$,World Bank Open Data,https://data.worldbank.org/indicator/NY.GDP.MKTP.CD,2026-08-02T04:09:09.383790+00:00
GTM,Guatemala,2025,Demographics,Population,18687881,people,World Bank Open Data,https://data.worldbank.org/indicator/SP.POP.TOTL,2026-08-02T04:09:08.531329+00:00
GTM,Guatemala,2025,Economics,GDP (current US$),123306008821.471,current US$,World Bank Open Data,https://data.worldbank.org/indicator/NY.GDP.MKTP.CD,2026-08-02T04:09:09.383790+00:00
GUM,Guam,2016,Demographics,Population,164233,people,World Bank Open Data,https://data.worldbank.org/indicator/SP.POP.TOTL,2026-08-02T04:09:08.531329+00:00
GUM,Guam,2016,Economics,GDP (current US$),5901000000.0,current US$,World Bank Open Data,https://data.worldbank.org/indicator/NY.GDP.MKTP.CD,2026-08-02T04:09:09.383790+00:00
GUM,Guam,2017,Demographics,Population,163490,people,World Bank Open Data,https://data.worldbank.org/indicator/SP.POP.TOTL,2026-08-02T04:09:08.531329+00:00
GUM,Guam,2017,Economics,GDP (current US$),6013000000.0,current US$,World Bank Open Data,https://data.worldbank.org/indicator/NY.GDP.MKTP.CD,2026-08-02T04:09:09.383790+00:00
GUM,Guam,2018,Demographics,Population,162679,people,World Bank Open Data,https://data.worldbank.org/indicator/SP.POP.TOTL,2026-08-02T04:09:08.531329+00:00
GUM,Guam,2018,Economics,GDP (current US$),6051000000.0,current US$,World Bank Open Data,https://data.worldbank.org/indicator/NY.GDP.MKTP.CD,2026-08-02T04:09:09.383790+00:00
GUM,Guam,2019,Demographics,Population,161808,people,World Bank Open Data,https://data.worldbank.org/indicator/SP.POP.TOTL,2026-08-02T04:09:08.531329+00:00
GUM,Guam,2019,Economics,GDP (current US$),6355000000.0,current US$,World Bank Open Data,https://data.worldbank.org/indicator/NY.GDP.MKTP.CD,2026-08-02T04:09:09.383790+00:00
GUM,Guam,2020,Demographics,Population,162158,people,World Bank Open Data,https://data.worldbank.org/indicator/SP.POP.TOTL,2026-08-02T04:09:08.531329+00:00
GUM,Guam,2020,Economics,GDP (current US$),5916000000.0,current US$,World Bank Open Data,https://data.worldbank.org/indicator/NY.GDP.MKTP.CD,2026-08-02T04:09:09.383790+00:00
GUM,Guam,2021,Demographics,Population,163730,people,World Bank Open Data,https://data.worldbank.org/indicator/SP.POP.TOTL,2026-08-02T04:09:08.531329+00:00
GUM,Guam,2021,Economics,GDP (current US$),6234000000.0,current US$,World Bank Open Data,https://data.worldbank.org/indicator/NY.GDP.MKTP.CD,2026-08-02T04:09:09.383790+00:00
GUM,Guam,2022,Demographics,Population,165180,people,World Bank Open Data,https://data.worldbank.org/indicator/SP.POP.TOTL,2026-08-02T04:09:08.531329+00:00
GUM,Guam,2022,Economics,GDP (current US$),6910000000.0,current US$,World Bank Open Data,https://data.worldbank.org/indicator/NY.GDP.MKTP.CD,2026-08-02T04:09:09.383790+00:00
GUM,Guam,2023,Demographics,Population,166506,people,World Bank Open Data,https://data.worldbank.org/indicator/SP.POP.TOTL,2026-08-02T04:09:08.531329+00:00
GUM,Guam,2024,Demographics,Population,167777,people,World Bank Open Data,https://data.worldbank.org/indicator/SP.POP.TOTL,2026-08-02T04:09:08.531329+00:00
GUM,Guam,2025,Demographics,Population,168999,people,World Bank Open Data,https://data.worldbank.org/indicator/SP.POP.TOTL,2026-08-02T04:09:08.531329+00:00
GUY,Guyana,2016,Demographics,Population,763548,people,World Bank Open Data,https://data.worldbank.org/indicator/SP.POP.TOTL,2026-08-02T04:09:08.531329+00:00
GUY,Guyana,2016,Economics,GDP (current US$),4482697336.56174,current US$,World Bank Open Data,https://data.worldbank.org/indicator/NY.GDP.MKTP.CD,2026-08-02T04:09:09.383790+00:00
GUY,Guyana,2017,Demographics,Population,768479,people,World Bank Open Data,https://data.worldbank.org/indicator/SP.POP.TOTL,2026-08-02T04:09:08.531329+00:00
GUY,Guyana,2017,Economics,GDP (current US$),4748174334.14044,current US$,World Bank Open Data,https://data.worldbank.org/indicator/NY.GDP.MKTP.CD,2026-08-02T04:09:09.383790+00:00
GUY,Guyana,2018,Demographics,Population,791556,people,World Bank Open Data,https://data.worldbank.org/indicator/SP.POP.TOTL,2026-08-02T04:09:08.531329+00:00
GUY,Guyana,2018,Economics,GDP (current US$),4787636997.85343,current US$,World Bank Open Data,https://data.worldbank.org/indicator/NY.GDP.MKTP.CD,2026-08-02T04:09:09.383790+00:00
GUY,Guyana,2019,Demographics,Population,807665,people,World Bank Open Data,https://data.worldbank.org/indicator/SP.POP.TOTL,2026-08-02T04:09:08.531329+00:00
GUY,Guyana,2019,Economics,GDP (current US$),5173760191.84652,current US$,World Bank Open Data,https://data.worldbank.org/indicator/NY.GDP.MKTP.CD,2026-08-02T04:09:09.383790+00:00
GUY,Guyana,2020,Demographics,Population,807481,people,World Bank Open Data,https://data.worldbank.org/indicator/SP.POP.TOTL,2026-08-02T04:09:08.531329+00:00
GUY,Guyana,2020,Economics,GDP (current US$),5471256594.72422,current US$,World Bank Open Data,https://data.worldbank.org/indicator/NY.GDP.MKTP.CD,2026-08-02T04:09:09.383790+00:00
GUY,Guyana,2021,Demographics,Population,815482,people,World Bank Open Data,https://data.worldbank.org/indicator/SP.POP.TOTL,2026-08-02T04:09:08.531329+00:00
GUY,Guyana,2021,Economics,GDP (current US$),8041362110.31175,current US$,World Bank Open Data,https://data.worldbank.org/indicator/NY.GDP.MKTP.CD,2026-08-02T04:09:09.383790+00:00
GUY,Guyana,2022,Demographics,Population,821637,people,World Bank Open Data,https://data.worldbank.org/indicator/SP.POP.TOTL,2026-08-02T04:09:08.531329+00:00
GUY,Guyana,2022,Economics,GDP (current US$),14718388489.2086,current US$,World Bank Open Data,https://data.worldbank.org/indicator/NY.GDP.MKTP.CD,2026-08-02T04:09:09.383790+00:00
GUY,Guyana,2023,Demographics,Population,826353,people,World Bank Open Data,https://data.worldbank.org/indicator/SP.POP.TOTL,2026-08-02T04:09:08.531329+00:00
GUY,Guyana,2023,Economics,GDP (current US$),16918503597.1223,current US$,World Bank Open Data,https://data.worldbank.org/indicator/NY.GDP.MKTP.CD,2026-08-02T04:09:09.383790+00:00
GUY,Guyana,2024,Demographics,Population,831087,people,World Bank Open Data,https://data.worldbank.org/indicator/SP.POP.TOTL,2026-08-02T04:09:08.531329+00:00
GUY,Guyana,2024,Economics,GDP (current US$),24662714628.2974,current US$,World Bank Open Data,https://data.worldbank.org/indicator/NY.GDP.MKTP.CD,2026-08-02T04:09:09.383790+00:00
GUY,Guyana,2025,Demographics,Population,835986,people,World Bank Open Data,https://data.worldbank.org/indicator/SP.POP.TOTL,2026-08-02T04:09:08.531329+00:00
GUY,Guyana,2025,Economics,GDP (current US$),27097477218.2254,current US$,World Bank Open Data,https://data.worldbank.org/indicator/NY.GDP.MKTP.CD,2026-08-02T04:09:09.383790+00:00
HKG,"Hong Kong SAR, China",2016,Demographics,Population,7336600,people,World Bank Open Data,https://data.worldbank.org/indicator/SP.POP.TOTL,2026-08-02T04:09:08.531329+00:00
HKG,"Hong Kong SAR, China",2016,Economics,GDP (current US$),320860317562.562,current US$,World Bank Open Data,https://data.worldbank.org/indicator/NY.GDP.MKTP.CD,2026-08-02T04:09:09.383790+00:00
HKG,"Hong Kong SAR, China",2017,Demographics,Population,7393200,people,World Bank Open Data,https://data.worldbank.org/indicator/SP.POP.TOTL,2026-08-02T04:09:08.531329+00:00
HKG,"Hong Kong SAR, China",2017,Economics,GDP (current US$),341273289534.466,current US$,World Bank Open Data,https://data.worldbank.org/indicator/NY.GDP.MKTP.CD,2026-08-02T04:09:09.383790+00:00
HKG,"Hong Kong SAR, China",2018,Demographics,Population,7452600,people,World Bank Open Data,https://data.worldbank.org/indicator/SP.POP.TOTL,2026-08-02T04:09:08.531329+00:00
HKG,"Hong Kong SAR, China",2018,Economics,GDP (current US$),361731070995.726,current US$,World Bank Open Data,https://data.worldbank.org/indicator/NY.GDP.MKTP.CD,2026-08-02T04:09:09.383790+00:00
HKG,"Hong Kong SAR, China",2019,Demographics,Population,7507900,people,World Bank Open Data,https://data.worldbank.org/indicator/SP.POP.TOTL,2026-08-02T04:09:08.531329+00:00
HKG,"Hong Kong SAR, China",2019,Economics,GDP (current US$),363074545072.389,current US$,World Bank Open Data,https://data.worldbank.org/indicator/NY.GDP.MKTP.CD,2026-08-02T04:09:09.383790+00:00
HKG,"Hong Kong SAR, China",2020,Demographics,Population,7481000,people,World Bank Open Data,https://data.worldbank.org/indicator/SP.POP.TOTL,2026-08-02T04:09:08.531329+00:00
HKG,"Hong Kong SAR, China",2020,Economics,GDP (current US$),344943149590.058,current US$,World Bank Open Data,https://data.worldbank.org/indicator/NY.GDP.MKTP.CD,2026-08-02T04:09:09.383790+00:00
HKG,"Hong Kong SAR, China",2021,Demographics,Population,7413100,people,World Bank Open Data,https://data.worldbank.org/indicator/SP.POP.TOTL,2026-08-02T04:09:08.531329+00:00
HKG,"Hong Kong SAR, China",2021,Economics,GDP (current US$),368954169748.818,current US$,World Bank Open Data,https://data.worldbank.org/indicator/NY.GDP.MKTP.CD,2026-08-02T04:09:09.383790+00:00
HKG,"Hong Kong SAR, China",2022,Demographics,Population,7346100,people,World Bank Open Data,https://data.worldbank.org/indicator/SP.POP.TOTL,2026-08-02T04:09:08.531329+00:00
HKG,"Hong Kong SAR, China",2022,Economics,GDP (current US$),358673532516.529,current US$,World Bank Open Data,https://data.worldbank.org/indicator/NY.GDP.MKTP.CD,2026-08-02T04:09:09.383790+00:00
HKG,"Hong Kong SAR, China",2023,Demographics,Population,7536100,people,World Bank Open Data,https://data.worldbank.org/indicator/SP.POP.TOTL,2026-08-02T04:09:08.531329+00:00
HKG,"Hong Kong SAR, China",2023,Economics,GDP (current US$),380762296025.216,current US$,World Bank Open Data,https://data.worldbank.org/indicator/NY.GDP.MKTP.CD,2026-08-02T04:09:09.383790+00:00
HKG,"Hong Kong SAR, China",2024,Demographics,Population,7524100,people,World Bank Open Data,https://data.worldbank.org/indicator/SP.POP.TOTL,2026-08-02T04:09:08.531329+00:00
HKG,"Hong Kong SAR, China",2024,Economics,GDP (current US$),408368682415.423,current US$,World Bank Open Data,https://data.worldbank.org/indicator/NY.GDP.MKTP.CD,2026-08-02T04:09:09.383790+00:00
HKG,"Hong Kong SAR, China",2025,Demographics,Population,7498900,people,World Bank Open Data,https://data.worldbank.org/indicator/SP.POP.TOTL,2026-08-02T04:09:08.531329+00:00
HKG,"Hong Kong SAR, China",2025,Economics,GDP (current US$),427310315921.993,current US$,World Bank Open Data,https://data.worldbank.org/indicator/NY.GDP.MKTP.CD,2026-08-02T04:09:09.383790+00:00
HND,Honduras,2016,Demographics,Population,9412380,people,World Bank Open Data,https://data.worldbank.org/indicator/SP.POP.TOTL,2026-08-02T04:09:08.531329+00:00
HND,Honduras,2016,Economics,GDP (current US$),21717604952.1835,current US$,World Bank Open Data,https://data.worldbank.org/indicator/NY.GDP.MKTP.CD,2026-08-02T04:09:09.383790+00:00
HND,Honduras,2017,Demographics,Population,9588137,people,World Bank Open Data,https://data.worldbank.org/indicator/SP.POP.TOTL,2026-08-02T04:09:08.531329+00:00
HND,Honduras,2017,Economics,GDP (current US$),23136247990.5977,current US$,World Bank Open Data,https://data.worldbank.org/indicator/NY.GDP.MKTP.CD,2026-08-02T04:09:09.383790+00:00
HND,Honduras,2018,Demographics,Population,9765210,people,World Bank Open Data,https://data.worldbank.org/indicator/SP.POP.TOTL,2026-08-02T04:09:08.531329+00:00
HND,Honduras,2018,Economics,GDP (current US$),24067750760.499,current US$,World Bank Open Data,https://data.worldbank.org/indicator/NY.GDP.MKTP.CD,2026-08-02T04:09:09.383790+00:00
HND,Honduras,2019,Demographics,Population,9943633,people,World Bank Open Data,https://data.worldbank.org/indicator/SP.POP.TOTL,2026-08-02T04:09:08.531329+00:00
HND,Honduras,2019,Economics,GDP (current US$),24882225741.8119,current US$,World Bank Open Data,https://data.worldbank.org/indicator/NY.GDP.MKTP.CD,2026-08-02T04:09:09.383790+00:00
HND,Honduras,2020,Demographics,Population,10119640,people,World Bank Open Data,https://data.worldbank.org/indicator/SP.POP.TOTL,2026-08-02T04:09:08.531329+00:00
HND,Honduras,2020,Economics,GDP (current US$),23352232483.755,current US$,World Bank Open Data,https://data.worldbank.org/indicator/NY.GDP.MKTP.CD,2026-08-02T04:09:09.383790+00:00
HND,Honduras,2021,Demographics,Population,10289877,people,World Bank Open Data,https://data.worldbank.org/indicator/SP.POP.TOTL,2026-08-02T04:09:08.531329+00:00
HND,Honduras,2021,Economics,GDP (current US$),28144331506.6149,current US$,World Bank Open Data,https://data.worldbank.org/indicator/NY.GDP.MKTP.CD,2026-08-02T04:09:09.383790+00:00
HND,Honduras,2022,Demographics,Population,10463872,people,World Bank Open Data,https://data.worldbank.org/indicator/SP.POP.TOTL,2026-08-02T04:09:08.531329+00:00
HND,Honduras,2022,Economics,GDP (current US$),31426041806.7985,current US$,World Bank Open Data,https://data.worldbank.org/indicator/NY.GDP.MKTP.CD,2026-08-02T04:09:09.383790+00:00
HND,Honduras,2023,Demographics,Population,10644851,people,World Bank Open Data,https://data.worldbank.org/indicator/SP.POP.TOTL,2026-08-02T04:09:08.531329+00:00
HND,Honduras,2023,Economics,GDP (current US$),34355805527.9795,current US$,World Bank Open Data,https://data.worldbank.org/indicator/NY.GDP.MKTP.CD,2026-08-02T04:09:09.383790+00:00
HND,Honduras,2024,Demographics,Population,10825703,people,World Bank Open Data,https://data.worldbank.org/indicator/SP.POP.TOTL,2026-08-02T04:09:08.531329+00:00
HND,Honduras,2024,Economics,GDP (current US$),36980171442.0603,current US$,World Bank Open Data,https://data.worldbank.org/indicator/NY.GDP.MKTP.CD,2026-08-02T04:09:09.383790+00:00
HND,Honduras,2025,Demographics,Population,11005850,people,World Bank Open Data,https://data.worldbank.org/indicator/SP.POP.TOTL,2026-08-02T04:09:08.531329+00:00
HND,Honduras,2025,Economics,GDP (current US$),39601409103.3005,current US$,World Bank Open Data,https://data.worldbank.org/indicator/NY.GDP.MKTP.CD,2026-08-02T04:09:09.383790+00:00
HRV,Croatia,2016,Demographics,Population,4106867,people,World Bank Open Data,https://data.worldbank.org/indicator/SP.POP.TOTL,2026-08-02T04:09:08.531329+00:00
HRV,Croatia,2016,Economics,GDP (current US$),52650804052.1394,current US$,World Bank Open Data,https://data.worldbank.org/indicator/NY.GDP.MKTP.CD,2026-08-02T04:09:09.383790+00:00
HRV,Croatia,2017,Demographics,Population,4041407,people,World Bank Open Data,https://data.worldbank.org/indicator/SP.POP.TOTL,2026-08-02T04:09:08.531329+00:00
HRV,Croatia,2017,Economics,GDP (current US$),56182225079.1072,current US$,World Bank Open Data,https://data.worldbank.org/indicator/NY.GDP.MKTP.CD,2026-08-02T04:09:09.383790+00:00
HRV,Croatia,2018,Demographics,Population,3988775,people,World Bank Open Data,https://data.worldbank.org/indicator/SP.POP.TOTL,2026-08-02T04:09:08.531329+00:00
HRV,Croatia,2018,Economics,GDP (current US$),61668280700.0968,current US$,World Bank Open Data,https://data.worldbank.org/indicator/NY.GDP.MKTP.CD,2026-08-02T04:09:09.383790+00:00
HRV,Croatia,2019,Demographics,Population,3949390,people,World Bank Open Data,https://data.worldbank.org/indicator/SP.POP.TOTL,2026-08-02T04:09:08.531329+00:00
HRV,Croatia,2019,Economics,GDP (current US$),61467261345.012,current US$,World Bank Open Data,https://data.worldbank.org/indicator/NY.GDP.MKTP.CD,2026-08-02T04:09:09.383790+00:00
HRV,Croatia,2020,Demographics,Population,3914206,people,World Bank Open Data,https://data.worldbank.org/indicator/SP.POP.TOTL,2026-08-02T04:09:08.531329+00:00
HRV,Croatia,2020,Economics,GDP (current US$),57959824238.1808,current US$,World Bank Open Data,https://data.worldbank.org/indicator/NY.GDP.MKTP.CD,2026-08-02T04:09:09.383790+00:00
HRV,Croatia,2021,Demographics,Population,3878981,people,World Bank Open Data,https://data.worldbank.org/indicator/SP.POP.TOTL,2026-08-02T04:09:08.531329+00:00
HRV,Croatia,2021,Economics,GDP (current US$),69002262504.9821,current US$,World Bank Open Data,https://data.worldbank.org/indicator/NY.GDP.MKTP.CD,2026-08-02T04:09:09.383790+00:00
HRV,Croatia,2022,Demographics,Population,3855641,people,World Bank Open Data,https://data.worldbank.org/indicator/SP.POP.TOTL,2026-08-02T04:09:08.531329+00:00
HRV,Croatia,2022,Economics,GDP (current US$),71196460236.6301,current US$,World Bank Open Data,https://data.worldbank.org/indicator/NY.GDP.MKTP.CD,2026-08-02T04:09:09.383790+00:00
HRV,Croatia,2023,Demographics,Population,3859686,people,World Bank Open Data,https://data.worldbank.org/indicator/SP.POP.TOTL,2026-08-02T04:09:08.531329+00:00
HRV,Croatia,2023,Economics,GDP (current US$),85621337533.3348,current US$,World Bank Open Data,https://data.worldbank.org/indicator/NY.GDP.MKTP.CD,2026-08-02T04:09:09.383790+00:00
HRV,Croatia,2024,Demographics,Population,3866200,people,World Bank Open Data,https://data.worldbank.org/indicator/SP.POP.TOTL,2026-08-02T04:09:08.531329+00:00
HRV,Croatia,2024,Economics,GDP (current US$),92981894167.9687,current US$,World Bank Open Data,https://data.worldbank.org/indicator/NY.GDP.MKTP.CD,2026-08-02T04:09:09.383790+00:00
HRV,Croatia,2025,Demographics,Population,3876200,people,World Bank Open Data,https://data.worldbank.org/indicator/SP.POP.TOTL,2026-08-02T04:09:08.531329+00:00
HRV,Croatia,2025,Economics,GDP (current US$),105060182186.274,current US$,World Bank Open Data,https://data.worldbank.org/indicator/NY.GDP.MKTP.CD,2026-08-02T04:09:09.383790+00:00
HTI,Haiti,2016,Demographics,Population,10671457,people,World Bank Open Data,https://data.worldbank.org/indicator/SP.POP.TOTL,2026-08-02T04:09:08.531329+00:00
HTI,Haiti,2016,Economics,GDP (current US$),14069277526.2278,current US$,World Bank Open Data,https://data.worldbank.org/indicator/NY.GDP.MKTP.CD,2026-08-02T04:09:09.383790+00:00
HTI,Haiti,2017,Demographics,Population,10817754,people,World Bank Open Data,https://data.worldbank.org/indicator/SP.POP.TOTL,2026-08-02T04:09:08.531329+00:00
HTI,Haiti,2017,Economics,GDP (current US$),15093357161.1498,current US$,World Bank Open Data,https://data.worldbank.org/indicator/NY.GDP.MKTP.CD,2026-08-02T04:09:09.383790+00:00
HTI,Haiti,2018,Demographics,Population,10962362,people,World Bank Open Data,https://data.worldbank.org/indicator/SP.POP.TOTL,2026-08-02T04:09:08.531329+00:00
HTI,Haiti,2018,Economics,GDP (current US$),16403864617.8458,current US$,World Bank Open Data,https://data.worldbank.org/indicator/NY.GDP.MKTP.CD,2026-08-02T04:09:09.383790+00:00
HTI,Haiti,2019,Demographics,Population,11105163,people,World Bank Open Data,https://data.worldbank.org/indicator/SP.POP.TOTL,2026-08-02T04:09:08.531329+00:00
HTI,Haiti,2019,Economics,GDP (current US$),15016090929.5125,current US$,World Bank Open Data,https://data.worldbank.org/indicator/NY.GDP.MKTP.CD,2026-08-02T04:09:09.383790+00:00
HTI,Haiti,2020,Demographics,Population,11243848,people,World Bank Open Data,https://data.worldbank.org/indicator/SP.POP.TOTL,2026-08-02T04:09:08.531329+00:00
HTI,Haiti,2020,Economics,GDP (current US$),14508222518.3018,current US$,World Bank Open Data,https://data.worldbank.org/indicator/NY.GDP.MKTP.CD,2026-08-02T04:09:09.383790+00:00
HTI,Haiti,2021,Demographics,Population,11374586,people,World Bank Open Data,https://data.worldbank.org/indicator/SP.POP.TOTL,2026-08-02T04:09:08.531329+00:00
HTI,Haiti,2021,Economics,GDP (current US$),20754978152.2134,current US$,World Bank Open Data,https://data.worldbank.org/indicator/NY.GDP.MKTP.CD,2026-08-02T04:09:09.383790+00:00
HTI,Haiti,2022,Demographics,Population,11503606,people,World Bank Open Data,https://data.worldbank.org/indicator/SP.POP.TOTL,2026-08-02T04:09:08.531329+00:00
HTI,Haiti,2022,Economics,GDP (current US$),20113007125.93,current US$,World Bank Open Data,https://data.worldbank.org/indicator/NY.GDP.MKTP.CD,2026-08-02T04:09:09.383790+00:00
HTI,Haiti,2023,Demographics,Population,11637398,people,World Bank Open Data,https://data.worldbank.org/indicator/SP.POP.TOTL,2026-08-02T04:09:08.531329+00:00
HTI,Haiti,2023,Economics,GDP (current US$),19572288894.1581,current US$,World Bank Open Data,https://data.worldbank.org/indicator/NY.GDP.MKTP.CD,2026-08-02T04:09:09.383790+00:00
HTI,Haiti,2024,Demographics,Population,11772557,people,World Bank Open Data,https://data.worldbank.org/indicator/SP.POP.TOTL,2026-08-02T04:09:08.531329+00:00
HTI,Haiti,2024,Economics,GDP (current US$),24255657481.2502,current US$,World Bank Open Data,https://data.worldbank.org/indicator/NY.GDP.MKTP.CD,2026-08-02T04:09:09.383790+00:00
HTI,Haiti,2025,Demographics,Population,11906095,people,World Bank Open Data,https://data.worldbank.org/indicator/SP.POP.TOTL,2026-08-02T04:09:08.531329+00:00
HTI,Haiti,2025,Economics,GDP (current US$),32077278409.2339,current US$,World Bank Open Data,https://data.worldbank.org/indicator/NY.GDP.MKTP.CD,2026-08-02T04:09:09.383790+00:00
HUN,Hungary,2016,Demographics,Population,9759755,people,World Bank Open Data,https://data.worldbank.org/indicator/SP.POP.TOTL,2026-08-02T04:09:08.531329+00:00
HUN,Hungary,2016,Economics,GDP (current US$),128983560865.293,current US$,World Bank Open Data,https://data.worldbank.org/indicator/NY.GDP.MKTP.CD,2026-08-02T04:09:09.383790+00:00
HUN,Hungary,2017,Demographics,Population,9726756,people,World Bank Open Data,https://data.worldbank.org/indicator/SP.POP.TOTL,2026-08-02T04:09:08.531329+00:00
HUN,Hungary,2017,Economics,GDP (current US$),143335098991.862,current US$,World Bank Open Data,https://data.worldbank.org/indicator/NY.GDP.MKTP.CD,2026-08-02T04:09:09.383790+00:00
HUN,Hungary,2018,Demographics,Population,9706964,people,World Bank Open Data,https://data.worldbank.org/indicator/SP.POP.TOTL,2026-08-02T04:09:08.531329+00:00
HUN,Hungary,2018,Economics,GDP (current US$),161184691013.835,current US$,World Bank Open Data,https://data.worldbank.org/indicator/NY.GDP.MKTP.CD,2026-08-02T04:09:09.383790+00:00
HUN,Hungary,2019,Demographics,Population,9694824,people,World Bank Open Data,https://data.worldbank.org/indicator/SP.POP.TOTL,2026-08-02T04:09:08.531329+00:00
HUN,Hungary,2019,Economics,GDP (current US$),164936682033.992,current US$,World Bank Open Data,https://data.worldbank.org/indicator/NY.GDP.MKTP.CD,2026-08-02T04:09:09.383790+00:00
HUN,Hungary,2020,Demographics,Population,9670419,people,World Bank Open Data,https://data.worldbank.org/indicator/SP.POP.TOTL,2026-08-02T04:09:08.531329+00:00
HUN,Hungary,2020,Economics,GDP (current US$),158468487754.196,current US$,World Bank Open Data,https://data.worldbank.org/indicator/NY.GDP.MKTP.CD,2026-08-02T04:09:09.383790+00:00
HUN,Hungary,2021,Demographics,Population,9630932,people,World Bank Open Data,https://data.worldbank.org/indicator/SP.POP.TOTL,2026-08-02T04:09:08.531329+00:00
HUN,Hungary,2021,Economics,GDP (current US$),183282685440.486,current US$,World Bank Open Data,https://data.worldbank.org/indicator/NY.GDP.MKTP.CD,2026-08-02T04:09:09.383790+00:00
HUN,Hungary,2022,Demographics,Population,9605074,people,World Bank Open Data,https://data.worldbank.org/indicator/SP.POP.TOTL,2026-08-02T04:09:08.531329+00:00
HUN,Hungary,2022,Economics,GDP (current US$),177002580544.155,current US$,World Bank Open Data,https://data.worldbank.org/indicator/NY.GDP.MKTP.CD,2026-08-02T04:09:09.383790+00:00
HUN,Hungary,2023,Demographics,Population,9592186,people,World Bank Open Data,https://data.worldbank.org/indicator/SP.POP.TOTL,2026-08-02T04:09:08.531329+00:00
HUN,Hungary,2023,Economics,GDP (current US$),213029511028.874,current US$,World Bank Open Data,https://data.worldbank.org/indicator/NY.GDP.MKTP.CD,2026-08-02T04:09:09.383790+00:00
HUN,Hungary,2024,Demographics,Population,9562065,people,World Bank Open Data,https://data.worldbank.org/indicator/SP.POP.TOTL,2026-08-02T04:09:08.531329+00:00
HUN,Hungary,2024,Economics,GDP (current US$),222848211034.367,current US$,World Bank Open Data,https://data.worldbank.org/indicator/NY.GDP.MKTP.CD,2026-08-02T04:09:09.383790+00:00
HUN,Hungary,2025,Demographics,Population,9514251,people,World Bank Open Data,https://data.worldbank.org/indicator/SP.POP.TOTL,2026-08-02T04:09:08.531329+00:00
HUN,Hungary,2025,Economics,GDP (current US$),246490213513.054,current US$,World Bank Open Data,https://data.worldbank.org/indicator/NY.GDP.MKTP.CD,2026-08-02T04:09:09.383790+00:00
IDN,Indonesia,2016,Demographics,Population,264627418,people,World Bank Open Data,https://data.worldbank.org/indicator/SP.POP.TOTL,2026-08-02T04:09:08.531329+00:00
IDN,Indonesia,2016,Economics,GDP (current US$),931877364037.698,current US$,World Bank Open Data,https://data.worldbank.org/indicator/NY.GDP.MKTP.CD,2026-08-02T04:09:09.383790+00:00
IDN,Indonesia,2017,Demographics,Population,267346658,people,World Bank Open Data,https://data.worldbank.org/indicator/SP.POP.TOTL,2026-08-02T04:09:08.531329+00:00
IDN,Indonesia,2017,Economics,GDP (current US$),1015618744159.73,current US$,World Bank Open Data,https://data.worldbank.org/indicator/NY.GDP.MKTP.CD,2026-08-02T04:09:09.383790+00:00
IDN,Indonesia,2018,Demographics,Population,269951846,people,World Bank Open Data,https://data.worldbank.org/indicator/SP.POP.TOTL,2026-08-02T04:09:08.531329+00:00
IDN,Indonesia,2018,Economics,GDP (current US$),1042271532988.63,current US$,World Bank Open Data,https://data.worldbank.org/indicator/NY.GDP.MKTP.CD,2026-08-02T04:09:09.383790+00:00
IDN,Indonesia,2019,Demographics,Population,272489381,people,World Bank Open Data,https://data.worldbank.org/indicator/SP.POP.TOTL,2026-08-02T04:09:08.531329+00:00
IDN,Indonesia,2019,Economics,GDP (current US$),1119099871350.2,current US$,World Bank Open Data,https://data.worldbank.org/indicator/NY.GDP.MKTP.CD,2026-08-02T04:09:09.383790+00:00
IDN,Indonesia,2020,Demographics,Population,274814866,people,World Bank Open Data,https://data.worldbank.org/indicator/SP.POP.TOTL,2026-08-02T04:09:08.531329+00:00
IDN,Indonesia,2020,Economics,GDP (current US$),1059054842698.48,current US$,World Bank Open Data,https://data.worldbank.org/indicator/NY.GDP.MKTP.CD,2026-08-02T04:09:09.383790+00:00
IDN,Indonesia,2021,Demographics,Population,276758053,people,World Bank Open Data,https://data.worldbank.org/indicator/SP.POP.TOTL,2026-08-02T04:09:08.531329+00:00
IDN,Indonesia,2021,Economics,GDP (current US$),1186509691086.73,current US$,World Bank Open Data,https://data.worldbank.org/indicator/NY.GDP.MKTP.CD,2026-08-02T04:09:09.383790+00:00
IDN,Indonesia,2022,Demographics,Population,278830529,people,World Bank Open Data,https://data.worldbank.org/indicator/SP.POP.TOTL,2026-08-02T04:09:08.531329+00:00
IDN,Indonesia,2022,Economics,GDP (current US$),1319101183380.15,current US$,World Bank Open Data,https://data.worldbank.org/indicator/NY.GDP.MKTP.CD,2026-08-02T04:09:09.383790+00:00
IDN,Indonesia,2023,Demographics,Population,281190067,people,World Bank Open Data,https://data.worldbank.org/indicator/SP.POP.TOTL,2026-08-02T04:09:08.531329+00:00
IDN,Indonesia,2023,Economics,GDP (current US$),1371166925749.88,current US$,World Bank Open Data,https://data.worldbank.org/indicator/NY.GDP.MKTP.CD,2026-08-02T04:09:09.383790+00:00
IDN,Indonesia,2024,Demographics,Population,283487931,people,World Bank Open Data,https://data.worldbank.org/indicator/SP.POP.TOTL,2026-08-02T04:09:08.531329+00:00
IDN,Indonesia,2024,Economics,GDP (current US$),1396301788461.69,current US$,World Bank Open Data,https://data.worldbank.org/indicator/NY.GDP.MKTP.CD,2026-08-02T04:09:09.383790+00:00
IDN,Indonesia,2024,Trade,Export Skimmed Milk Powder (SMP),798656.071,kg,UN Comtrade,https://comtradeplus.un.org/,2026-08-02T03:46:10.305893+00:00
IDN,Indonesia,2024,Trade,Export Skimmed Milk Powder (SMP),3831793.543,current US$,UN Comtrade,https://comtradeplus.un.org/,2026-08-02T03:46:10.305893+00:00
IDN,Indonesia,2024,Trade,Import Skimmed Milk Powder (SMP),201079263.0,kg,UN Comtrade,https://comtradeplus.un.org/,2026-08-02T03:46:10.305893+00:00
IDN,Indonesia,2024,Trade,Import Skimmed Milk Powder (SMP),567636023.0,current US$,UN Comtrade,https://comtradeplus.un.org/,2026-08-02T03:46:10.305893+00:00
IDN,Indonesia,2025,Demographics,Population,285721236,people,World Bank Open Data,https://data.worldbank.org/indicator/SP.POP.TOTL,2026-08-02T04:09:08.531329+00:00
IDN,Indonesia,2025,Economics,GDP (current US$),1445642584163.81,current US$,World Bank Open Data,https://data.worldbank.org/indicator/NY.GDP.MKTP.CD,2026-08-02T04:09:09.383790+00:00
IDN,Indonesia,2025,Trade,Export Skimmed Milk Powder (SMP),444867.454,kg,UN Comtrade,https://comtradeplus.un.org/,2026-08-02T03:46:10.305893+00:00
IDN,Indonesia,2025,Trade,Export Skimmed Milk Powder (SMP),2205840.362,current US$,UN Comtrade,https://comtradeplus.un.org/,2026-08-02T03:46:10.305893+00:00
IDN,Indonesia,2025,Trade,Import Skimmed Milk Powder (SMP),196326538.825,kg,UN Comtrade,https://comtradeplus.un.org/,2026-08-02T03:46:10.305893+00:00
IDN,Indonesia,2025,Trade,Import Skimmed Milk Powder (SMP),582132999.24,current US$,UN Comtrade,https://comtradeplus.un.org/,2026-08-02T03:46:10.305893+00:00
IMN,Isle of Man,2016,Demographics,Population,83466,people,World Bank Open Data,https://data.worldbank.org/indicator/SP.POP.TOTL,2026-08-02T04:09:08.531329+00:00
IMN,Isle of Man,2016,Economics,GDP (current US$),6846377563.00683,current US$,World Bank Open Data,https://data.worldbank.org/indicator/NY.GDP.MKTP.CD,2026-08-02T04:09:09.383790+00:00
IMN,Isle of Man,2017,Demographics,Population,83609,people,World Bank Open Data,https://data.worldbank.org/indicator/SP.POP.TOTL,2026-08-02T04:09:08.531329+00:00
IMN,Isle of Man,2017,Economics,GDP (current US$),6979788333.50279,current US$,World Bank Open Data,https://data.worldbank.org/indicator/NY.GDP.MKTP.CD,2026-08-02T04:09:09.383790+00:00
IMN,Isle of Man,2018,Demographics,Population,83805,people,World Bank Open Data,https://data.worldbank.org/indicator/SP.POP.TOTL,2026-08-02T04:09:08.531329+00:00
IMN,Isle of Man,2018,Economics,GDP (current US$),7491649455.92717,current US$,World Bank Open Data,https://data.worldbank.org/indicator/NY.GDP.MKTP.CD,2026-08-02T04:09:09.383790+00:00
IMN,Isle of Man,2019,Demographics,Population,83957,people,World Bank Open Data,https://data.worldbank.org/indicator/SP.POP.TOTL,2026-08-02T04:09:08.531329+00:00
IMN,Isle of Man,2019,Economics,GDP (current US$),7314967866.28289,current US$,World Bank Open Data,https://data.worldbank.org/indicator/NY.GDP.MKTP.CD,2026-08-02T04:09:09.383790+00:00
IMN,Isle of Man,2020,Demographics,Population,84064,people,World Bank Open Data,https://data.worldbank.org/indicator/SP.POP.TOTL,2026-08-02T04:09:08.531329+00:00
IMN,Isle of Man,2020,Economics,GDP (current US$),6684225641.02564,current US$,World Bank Open Data,https://data.worldbank.org/indicator/NY.GDP.MKTP.CD,2026-08-02T04:09:09.383790+00:00
IMN,Isle of Man,2021,Demographics,Population,84106,people,World Bank Open Data,https://data.worldbank.org/indicator/SP.POP.TOTL,2026-08-02T04:09:08.531329+00:00
IMN,Isle of Man,2021,Economics,GDP (current US$),7931193222.06405,current US$,World Bank Open Data,https://data.worldbank.org/indicator/NY.GDP.MKTP.CD,2026-08-02T04:09:09.383790+00:00
IMN,Isle of Man,2022,Demographics,Population,84132,people,World Bank Open Data,https://data.worldbank.org/indicator/SP.POP.TOTL,2026-08-02T04:09:08.531329+00:00
IMN,Isle of Man,2022,Economics,GDP (current US$),7431257410.92713,current US$,World Bank Open Data,https://data.worldbank.org/indicator/NY.GDP.MKTP.CD,2026-08-02T04:09:09.383790+00:00
IMN,Isle of Man,2023,Demographics,Population,84165,people,World Bank Open Data,https://data.worldbank.org/indicator/SP.POP.TOTL,2026-08-02T04:09:08.531329+00:00
IMN,Isle of Man,2023,Economics,GDP (current US$),7576129932.79381,current US$,World Bank Open Data,https://data.worldbank.org/indicator/NY.GDP.MKTP.CD,2026-08-02T04:09:09.383790+00:00
IMN,Isle of Man,2024,Demographics,Population,84160,people,World Bank Open Data,https://data.worldbank.org/indicator/SP.POP.TOTL,2026-08-02T04:09:08.531329+00:00
IMN,Isle of Man,2025,Demographics,Population,84118,people,World Bank Open Data,https://data.worldbank.org/indicator/SP.POP.TOTL,2026-08-02T04:09:08.531329+00:00
IND,India,2016,Demographics,Population,1343944296,people,World Bank Open Data,https://data.worldbank.org/indicator/SP.POP.TOTL,2026-08-02T04:09:08.531329+00:00
IND,India,2016,Economics,GDP (current US$),2294796885663.16,current US$,World Bank Open Data,https://data.worldbank.org/indicator/NY.GDP.MKTP.CD,2026-08-02T04:09:09.383790+00:00
IND,India,2017,Demographics,Population,1359657400,people,World Bank Open Data,https://data.worldbank.org/indicator/SP.POP.TOTL,2026-08-02T04:09:08.531329+00:00
IND,India,2017,Economics,GDP (current US$),2651474262755.45,current US$,World Bank Open Data,https://data.worldbank.org/indicator/NY.GDP.MKTP.CD,2026-08-02T04:09:09.383790+00:00
IND,India,2018,Demographics,Population,1374659064,people,World Bank Open Data,https://data.worldbank.org/indicator/SP.POP.TOTL,2026-08-02T04:09:08.531329+00:00
IND,India,2018,Economics,GDP (current US$),2702929641648.74,current US$,World Bank Open Data,https://data.worldbank.org/indicator/NY.GDP.MKTP.CD,2026-08-02T04:09:09.383790+00:00
IND,India,2019,Demographics,Population,1389030312,people,World Bank Open Data,https://data.worldbank.org/indicator/SP.POP.TOTL,2026-08-02T04:09:08.531329+00:00
IND,India,2019,Economics,GDP (current US$),2835606256558.19,current US$,World Bank Open Data,https://data.worldbank.org/indicator/NY.GDP.MKTP.CD,2026-08-02T04:09:09.383790+00:00
IND,India,2020,Demographics,Population,1402617695,people,World Bank Open Data,https://data.worldbank.org/indicator/SP.POP.TOTL,2026-08-02T04:09:08.531329+00:00
IND,India,2020,Economics,GDP (current US$),2674851578587.27,current US$,World Bank Open Data,https://data.worldbank.org/indicator/NY.GDP.MKTP.CD,2026-08-02T04:09:09.383790+00:00
IND,India,2020,Indicator,Mean 2 m air temperature,25.10666666666667,degC,NASA POWER,"https://power.larc.nasa.gov/api/temporal/monthly/point?parameters=T2M,PRECTOTCORR&community=AG&longitude=77.2250&latitude=28.6353&format=JSON&start=2020&end=2024",2026-08-02T04:11:34.840767+00:00
IND,India,2020,Indicator,Mean corrected precipitation,1.6791666666666665,mm/day,NASA POWER,"https://power.larc.nasa.gov/api/temporal/monthly/point?parameters=T2M,PRECTOTCORR&community=AG&longitude=77.2250&latitude=28.6353&format=JSON&start=2020&end=2024",2026-08-02T04:11:34.840767+00:00
IND,India,2021,Demographics,Population,1414203896,people,World Bank Open Data,https://data.worldbank.org/indicator/SP.POP.TOTL,2026-08-02T04:09:08.531329+00:00
IND,India,2021,Economics,GDP (current US$),3167270623260.47,current US$,World Bank Open Data,https://data.worldbank.org/indicator/NY.GDP.MKTP.CD,2026-08-02T04:09:09.383790+00:00
IND,India,2021,Indicator,Mean 2 m air temperature,24.701666666666668,degC,NASA POWER,"https://power.larc.nasa.gov/api/temporal/monthly/point?parameters=T2M,PRECTOTCORR&community=AG&longitude=77.2250&latitude=28.6353&format=JSON&start=2020&end=2024",2026-08-02T04:11:34.840767+00:00
IND,India,2021,Indicator,Mean corrected precipitation,2.839166666666666,mm/day,NASA POWER,"https://power.larc.nasa.gov/api/temporal/monthly/point?parameters=T2M,PRECTOTCORR&community=AG&longitude=77.2250&latitude=28.6353&format=JSON&start=2020&end=2024",2026-08-02T04:11:34.840767+00:00
IND,India,2022,Demographics,Population,1425423212,people,World Bank Open Data,https://data.worldbank.org/indicator/SP.POP.TOTL,2026-08-02T04:09:08.531329+00:00
IND,India,2022,Economics,GDP (current US$),3249938492013.47,current US$,World Bank Open Data,https://data.worldbank.org/indicator/NY.GDP.MKTP.CD,2026-08-02T04:09:09.383790+00:00
IND,India,2022,Indicator,Mean 2 m air temperature,25.4425,degC,NASA POWER,"https://power.larc.nasa.gov/api/temporal/monthly/point?parameters=T2M,PRECTOTCORR&community=AG&longitude=77.2250&latitude=28.6353&format=JSON&start=2020&end=2024",2026-08-02T04:11:34.840767+00:00
IND,India,2022,Indicator,Mean corrected precipitation,2.163333333333333,mm/day,NASA POWER,"https://power.larc.nasa.gov/api/temporal/monthly/point?parameters=T2M,PRECTOTCORR&community=AG&longitude=77.2250&latitude=28.6353&format=JSON&start=2020&end=2024",2026-08-02T04:11:34.840767+00:00
IND,India,2023,Demographics,Population,1438069596,people,World Bank Open Data,https://data.worldbank.org/indicator/SP.POP.TOTL,2026-08-02T04:09:08.531329+00:00
IND,India,2023,Economics,GDP (current US$),3500906030644.76,current US$,World Bank Open Data,https://data.worldbank.org/indicator/NY.GDP.MKTP.CD,2026-08-02T04:09:09.383790+00:00
IND,India,2023,Indicator,Mean 2 m air temperature,24.708333333333332,degC,NASA POWER,"https://power.larc.nasa.gov/api/temporal/monthly/point?parameters=T2M,PRECTOTCORR&community=AG&longitude=77.2250&latitude=28.6353&format=JSON&start=2020&end=2024",2026-08-02T04:11:34.840767+00:00
IND,India,2023,Indicator,Mean corrected precipitation,2.4291666666666667,mm/day,NASA POWER,"https://power.larc.nasa.gov/api/temporal/monthly/point?parameters=T2M,PRECTOTCORR&community=AG&longitude=77.2250&latitude=28.6353&format=JSON&start=2020&end=2024",2026-08-02T04:11:34.840767+00:00
IND,India,2024,Demographics,Population,1450935791,people,World Bank Open Data,https://data.worldbank.org/indicator/SP.POP.TOTL,2026-08-02T04:09:08.531329+00:00
IND,India,2024,Economics,GDP (current US$),3760813470500.86,current US$,World Bank Open Data,https://data.worldbank.org/indicator/NY.GDP.MKTP.CD,2026-08-02T04:09:09.383790+00:00
IND,India,2024,Indicator,Mean 2 m air temperature,25.5025,degC,NASA POWER,"https://power.larc.nasa.gov/api/temporal/monthly/point?parameters=T2M,PRECTOTCORR&community=AG&longitude=77.2250&latitude=28.6353&format=JSON&start=2020&end=2024",2026-08-02T04:11:34.840767+00:00
IND,India,2024,Indicator,Mean corrected precipitation,2.2624999999999997,mm/day,NASA POWER,"https://power.larc.nasa.gov/api/temporal/monthly/point?parameters=T2M,PRECTOTCORR&community=AG&longitude=77.2250&latitude=28.6353&format=JSON&start=2020&end=2024",2026-08-02T04:11:34.840767+00:00
IND,India,2025,Demographics,Population,1463865525,people,World Bank Open Data,https://data.worldbank.org/indicator/SP.POP.TOTL,2026-08-02T04:09:08.531329+00:00
IND,India,2025,Economics,GDP (current US$),3956067115771.63,current US$,World Bank Open Data,https://data.worldbank.org/indicator/NY.GDP.MKTP.CD,2026-08-02T04:09:09.383790+00:00
IRL,Ireland,2016,Demographics,Population,4762722,people,World Bank Open Data,https://data.worldbank.org/indicator/SP.POP.TOTL,2026-08-02T04:09:08.531329+00:00
IRL,Ireland,2016,Economics,GDP (current US$),305431252708.748,current US$,World Bank Open Data,https://data.worldbank.org/indicator/NY.GDP.MKTP.CD,2026-08-02T04:09:09.383790+00:00
IRL,Ireland,2017,Demographics,Population,4827445,people,World Bank Open Data,https://data.worldbank.org/indicator/SP.POP.TOTL,2026-08-02T04:09:08.531329+00:00
IRL,Ireland,2017,Economics,GDP (current US$),348355212568.515,current US$,World Bank Open Data,https://data.worldbank.org/indicator/NY.GDP.MKTP.CD,2026-08-02T04:09:09.383790+00:00
IRL,Ireland,2018,Demographics,Population,4898022,people,World Bank Open Data,https://data.worldbank.org/indicator/SP.POP.TOTL,2026-08-02T04:09:08.531329+00:00
IRL,Ireland,2018,Economics,GDP (current US$),395780319816.603,current US$,World Bank Open Data,https://data.worldbank.org/indicator/NY.GDP.MKTP.CD,2026-08-02T04:09:09.383790+00:00
IRL,Ireland,2019,Demographics,Population,4976456,people,World Bank Open Data,https://data.worldbank.org/indicator/SP.POP.TOTL,2026-08-02T04:09:08.531329+00:00
IRL,Ireland,2019,Economics,GDP (current US$),407211793800.713,current US$,World Bank Open Data,https://data.worldbank.org/indicator/NY.GDP.MKTP.CD,2026-08-02T04:09:09.383790+00:00
IRL,Ireland,2020,Demographics,Population,5039747,people,World Bank Open Data,https://data.worldbank.org/indicator/SP.POP.TOTL,2026-08-02T04:09:08.531329+00:00
IRL,Ireland,2020,Economics,GDP (current US$),436009027818.948,current US$,World Bank Open Data,https://data.worldbank.org/indicator/NY.GDP.MKTP.CD,2026-08-02T04:09:09.383790+00:00
IRL,Ireland,2021,Demographics,Population,5110585,people,World Bank Open Data,https://data.worldbank.org/indicator/SP.POP.TOTL,2026-08-02T04:09:08.531329+00:00
IRL,Ireland,2021,Economics,GDP (current US$),530394123829.763,current US$,World Bank Open Data,https://data.worldbank.org/indicator/NY.GDP.MKTP.CD,2026-08-02T04:09:09.383790+00:00
IRL,Ireland,2022,Demographics,Population,5212836,people,World Bank Open Data,https://data.worldbank.org/indicator/SP.POP.TOTL,2026-08-02T04:09:08.531329+00:00
IRL,Ireland,2022,Economics,GDP (current US$),548341794599.09,current US$,World Bank Open Data,https://data.worldbank.org/indicator/NY.GDP.MKTP.CD,2026-08-02T04:09:09.383790+00:00
IRL,Ireland,2023,Demographics,Population,5311538,people,World Bank Open Data,https://data.worldbank.org/indicator/SP.POP.TOTL,2026-08-02T04:09:08.531329+00:00
IRL,Ireland,2023,Economics,GDP (current US$),567372737459.116,current US$,World Bank Open Data,https://data.worldbank.org/indicator/NY.GDP.MKTP.CD,2026-08-02T04:09:09.383790+00:00
IRL,Ireland,2024,Demographics,Population,5395790,people,World Bank Open Data,https://data.worldbank.org/indicator/SP.POP.TOTL,2026-08-02T04:09:08.531329+00:00
IRL,Ireland,2024,Economics,GDP (current US$),609157459747.205,current US$,World Bank Open Data,https://data.worldbank.org/indicator/NY.GDP.MKTP.CD,2026-08-02T04:09:09.383790+00:00
IRL,Ireland,2025,Demographics,Population,5484367,people,World Bank Open Data,https://data.worldbank.org/indicator/SP.POP.TOTL,2026-08-02T04:09:08.531329+00:00
IRL,Ireland,2025,Economics,GDP (current US$),721701359046.313,current US$,World Bank Open Data,https://data.worldbank.org/indicator/NY.GDP.MKTP.CD,2026-08-02T04:09:09.383790+00:00
IRN,"Iran, Islamic Rep.",2016,Demographics,Population,83812228,people,World Bank Open Data,https://data.worldbank.org/indicator/SP.POP.TOTL,2026-08-02T04:09:08.531329+00:00
IRN,"Iran, Islamic Rep.",2016,Economics,GDP (current US$),478618064870.999,current US$,World Bank Open Data,https://data.worldbank.org/indicator/NY.GDP.MKTP.CD,2026-08-02T04:09:09.383790+00:00
IRN,"Iran, Islamic Rep.",2017,Demographics,Population,85026754,people,World Bank Open Data,https://data.worldbank.org/indicator/SP.POP.TOTL,2026-08-02T04:09:08.531329+00:00
IRN,"Iran, Islamic Rep.",2017,Economics,GDP (current US$),510239893417.645,current US$,World Bank Open Data,https://data.worldbank.org/indicator/NY.GDP.MKTP.CD,2026-08-02T04:09:09.383790+00:00
IRN,"Iran, Islamic Rep.",2018,Demographics,Population,86117998,people,World Bank Open Data,https://data.worldbank.org/indicator/SP.POP.TOTL,2026-08-02T04:09:08.531329+00:00
IRN,"Iran, Islamic Rep.",2018,Economics,GDP (current US$),411903303606.044,current US$,World Bank Open Data,https://data.worldbank.org/indicator/NY.GDP.MKTP.CD,2026-08-02T04:09:09.383790+00:00
IRN,"Iran, Islamic Rep.",2019,Demographics,Population,87051648,people,World Bank Open Data,https://data.worldbank.org/indicator/SP.POP.TOTL,2026-08-02T04:09:08.531329+00:00
IRN,"Iran, Islamic Rep.",2019,Economics,GDP (current US$),347988400957.999,current US$,World Bank Open Data,https://data.worldbank.org/indicator/NY.GDP.MKTP.CD,2026-08-02T04:09:09.383790+00:00
IRN,"Iran, Islamic Rep.",2020,Demographics,Population,87723443,people,World Bank Open Data,https://data.worldbank.org/indicator/SP.POP.TOTL,2026-08-02T04:09:08.531329+00:00
IRN,"Iran, Islamic Rep.",2020,Economics,GDP (current US$),280934329279.723,current US$,World Bank Open Data,https://data.worldbank.org/indicator/NY.GDP.MKTP.CD,2026-08-02T04:09:09.383790+00:00
IRN,"Iran, Islamic Rep.",2021,Demographics,Population,88455488,people,World Bank Open Data,https://data.worldbank.org/indicator/SP.POP.TOTL,2026-08-02T04:09:08.531329+00:00
IRN,"Iran, Islamic Rep.",2021,Economics,GDP (current US$),407350685583.335,current US$,World Bank Open Data,https://data.worldbank.org/indicator/NY.GDP.MKTP.CD,2026-08-02T04:09:09.383790+00:00
IRN,"Iran, Islamic Rep.",2022,Demographics,Population,89524246,people,World Bank Open Data,https://data.worldbank.org/indicator/SP.POP.TOTL,2026-08-02T04:09:08.531329+00:00
IRN,"Iran, Islamic Rep.",2022,Economics,GDP (current US$),422662261525.665,current US$,World Bank Open Data,https://data.worldbank.org/indicator/NY.GDP.MKTP.CD,2026-08-02T04:09:09.383790+00:00
IRN,"Iran, Islamic Rep.",2023,Demographics,Population,90608707,people,World Bank Open Data,https://data.worldbank.org/indicator/SP.POP.TOTL,2026-08-02T04:09:08.531329+00:00
IRN,"Iran, Islamic Rep.",2023,Economics,GDP (current US$),457510482317.483,current US$,World Bank Open Data,https://data.worldbank.org/indicator/NY.GDP.MKTP.CD,2026-08-02T04:09:09.383790+00:00
IRN,"Iran, Islamic Rep.",2024,Demographics,Population,91567738,people,World Bank Open Data,https://data.worldbank.org/indicator/SP.POP.TOTL,2026-08-02T04:09:08.531329+00:00
IRN,"Iran, Islamic Rep.",2024,Economics,GDP (current US$),475252089215.416,current US$,World Bank Open Data,https://data.worldbank.org/indicator/NY.GDP.MKTP.CD,2026-08-02T04:09:09.383790+00:00
IRN,"Iran, Islamic Rep.",2025,Demographics,Population,92417681,people,World Bank Open Data,https://data.worldbank.org/indicator/SP.POP.TOTL,2026-08-02T04:09:08.531329+00:00
IRN,"Iran, Islamic Rep.",2025,Economics,GDP (current US$),362682115433.364,current US$,World Bank Open Data,https://data.worldbank.org/indicator/NY.GDP.MKTP.CD,2026-08-02T04:09:09.383790+00:00
IRQ,Iraq,2016,Demographics,Population,38469627,people,World Bank Open Data,https://data.worldbank.org/indicator/SP.POP.TOTL,2026-08-02T04:09:08.531329+00:00
IRQ,Iraq,2016,Economics,GDP (current US$),166743557747.671,current US$,World Bank Open Data,https://data.worldbank.org/indicator/NY.GDP.MKTP.CD,2026-08-02T04:09:09.383790+00:00
IRQ,Iraq,2017,Demographics,Population,39337353,people,World Bank Open Data,https://data.worldbank.org/indicator/SP.POP.TOTL,2026-08-02T04:09:08.531329+00:00
IRQ,Iraq,2017,Economics,GDP (current US$),187217660050.676,current US$,World Bank Open Data,https://data.worldbank.org/indicator/NY.GDP.MKTP.CD,2026-08-02T04:09:09.383790+00:00
IRQ,Iraq,2018,Demographics,Population,40265624,people,World Bank Open Data,https://data.worldbank.org/indicator/SP.POP.TOTL,2026-08-02T04:09:08.531329+00:00
IRQ,Iraq,2018,Economics,GDP (current US$),227367469034.031,current US$,World Bank Open Data,https://data.worldbank.org/indicator/NY.GDP.MKTP.CD,2026-08-02T04:09:09.383790+00:00
IRQ,Iraq,2019,Demographics,Population,41192171,people,World Bank Open Data,https://data.worldbank.org/indicator/SP.POP.TOTL,2026-08-02T04:09:08.531329+00:00
IRQ,Iraq,2019,Economics,GDP (current US$),233636097800.338,current US$,World Bank Open Data,https://data.worldbank.org/indicator/NY.GDP.MKTP.CD,2026-08-02T04:09:09.383790+00:00
IRQ,Iraq,2020,Demographics,Population,42116605,people,World Bank Open Data,https://data.worldbank.org/indicator/SP.POP.TOTL,2026-08-02T04:09:08.531329+00:00
IRQ,Iraq,2020,Economics,GDP (current US$),180898797516.874,current US$,World Bank Open Data,https://data.worldbank.org/indicator/NY.GDP.MKTP.CD,2026-08-02T04:09:09.383790+00:00
IRQ,Iraq,2021,Demographics,Population,43071211,people,World Bank Open Data,https://data.worldbank.org/indicator/SP.POP.TOTL,2026-08-02T04:09:08.531329+00:00
IRQ,Iraq,2021,Economics,GDP (current US$),209691945713.103,current US$,World Bank Open Data,https://data.worldbank.org/indicator/NY.GDP.MKTP.CD,2026-08-02T04:09:09.383790+00:00
IRQ,Iraq,2022,Demographics,Population,44070551,people,World Bank Open Data,https://data.worldbank.org/indicator/SP.POP.TOTL,2026-08-02T04:09:08.531329+00:00
IRQ,Iraq,2022,Economics,GDP (current US$),287372232137.931,current US$,World Bank Open Data,https://data.worldbank.org/indicator/NY.GDP.MKTP.CD,2026-08-02T04:09:09.383790+00:00
IRQ,Iraq,2023,Demographics,Population,45074049,people,World Bank Open Data,https://data.worldbank.org/indicator/SP.POP.TOTL,2026-08-02T04:09:08.531329+00:00
IRQ,Iraq,2023,Economics,GDP (current US$),268881051643.549,current US$,World Bank Open Data,https://data.worldbank.org/indicator/NY.GDP.MKTP.CD,2026-08-02T04:09:09.383790+00:00
IRQ,Iraq,2024,Demographics,Population,46042015,people,World Bank Open Data,https://data.worldbank.org/indicator/SP.POP.TOTL,2026-08-02T04:09:08.531329+00:00
IRQ,Iraq,2024,Economics,GDP (current US$),279641257615.385,current US$,World Bank Open Data,https://data.worldbank.org/indicator/NY.GDP.MKTP.CD,2026-08-02T04:09:09.383790+00:00
IRQ,Iraq,2025,Demographics,Population,47020774,people,World Bank Open Data,https://data.worldbank.org/indicator/SP.POP.TOTL,2026-08-02T04:09:08.531329+00:00
IRQ,Iraq,2025,Economics,GDP (current US$),254367293538.462,current US$,World Bank Open Data,https://data.worldbank.org/indicator/NY.GDP.MKTP.CD,2026-08-02T04:09:09.383790+00:00
ISL,Iceland,2016,Demographics,Population,335439,people,World Bank Open Data,https://data.worldbank.org/indicator/SP.POP.TOTL,2026-08-02T04:09:08.531329+00:00
ISL,Iceland,2016,Economics,GDP (current US$),21083713310.457,current US$,World Bank Open Data,https://data.worldbank.org/indicator/NY.GDP.MKTP.CD,2026-08-02T04:09:09.383790+00:00
ISL,Iceland,2017,Demographics,Population,343400,people,World Bank Open Data,https://data.worldbank.org/indicator/SP.POP.TOTL,2026-08-02T04:09:08.531329+00:00
ISL,Iceland,2017,Economics,GDP (current US$),25060086487.8901,current US$,World Bank Open Data,https://data.worldbank.org/indicator/NY.GDP.MKTP.CD,2026-08-02T04:09:09.383790+00:00
ISL,Iceland,2018,Demographics,Population,352721,people,World Bank Open Data,https://data.worldbank.org/indicator/SP.POP.TOTL,2026-08-02T04:09:08.531329+00:00
ISL,Iceland,2018,Economics,GDP (current US$),26677652544.3499,current US$,World Bank Open Data,https://data.worldbank.org/indicator/NY.GDP.MKTP.CD,2026-08-02T04:09:09.383790+00:00
ISL,Iceland,2019,Demographics,Population,360563,people,World Bank Open Data,https://data.worldbank.org/indicator/SP.POP.TOTL,2026-08-02T04:09:08.531329+00:00
ISL,Iceland,2019,Economics,GDP (current US$),24985687022.0452,current US$,World Bank Open Data,https://data.worldbank.org/indicator/NY.GDP.MKTP.CD,2026-08-02T04:09:09.383790+00:00
ISL,Iceland,2020,Demographics,Population,366463,people,World Bank Open Data,https://data.worldbank.org/indicator/SP.POP.TOTL,2026-08-02T04:09:08.531329+00:00
ISL,Iceland,2020,Economics,GDP (current US$),22034665040.7901,current US$,World Bank Open Data,https://data.worldbank.org/indicator/NY.GDP.MKTP.CD,2026-08-02T04:09:09.383790+00:00
ISL,Iceland,2021,Demographics,Population,372520,people,World Bank Open Data,https://data.worldbank.org/indicator/SP.POP.TOTL,2026-08-02T04:09:08.531329+00:00
ISL,Iceland,2021,Economics,GDP (current US$),26234872402.457,current US$,World Bank Open Data,https://data.worldbank.org/indicator/NY.GDP.MKTP.CD,2026-08-02T04:09:09.383790+00:00
ISL,Iceland,2022,Demographics,Population,382003,people,World Bank Open Data,https://data.worldbank.org/indicator/SP.POP.TOTL,2026-08-02T04:09:08.531329+00:00
ISL,Iceland,2022,Economics,GDP (current US$),29176227825.4736,current US$,World Bank Open Data,https://data.worldbank.org/indicator/NY.GDP.MKTP.CD,2026-08-02T04:09:09.383790+00:00
ISL,Iceland,2023,Demographics,Population,385663,people,World Bank Open Data,https://data.worldbank.org/indicator/SP.POP.TOTL,2026-08-02T04:09:08.531329+00:00
ISL,Iceland,2023,Economics,GDP (current US$),31701996433.7807,current US$,World Bank Open Data,https://data.worldbank.org/indicator/NY.GDP.MKTP.CD,2026-08-02T04:09:09.383790+00:00
ISL,Iceland,2024,Demographics,Population,386506,people,World Bank Open Data,https://data.worldbank.org/indicator/SP.POP.TOTL,2026-08-02T04:09:08.531329+00:00
ISL,Iceland,2024,Economics,GDP (current US$),33186621855.0053,current US$,World Bank Open Data,https://data.worldbank.org/indicator/NY.GDP.MKTP.CD,2026-08-02T04:09:09.383790+00:00
ISL,Iceland,2025,Demographics,Population,392404,people,World Bank Open Data,https://data.worldbank.org/indicator/SP.POP.TOTL,2026-08-02T04:09:08.531329+00:00
ISL,Iceland,2025,Economics,GDP (current US$),38582528789.0033,current US$,World Bank Open Data,https://data.worldbank.org/indicator/NY.GDP.MKTP.CD,2026-08-02T04:09:09.383790+00:00
ISR,Israel,2016,Demographics,Population,8546000,people,World Bank Open Data,https://data.worldbank.org/indicator/SP.POP.TOTL,2026-08-02T04:09:08.531329+00:00
ISR,Israel,2016,Economics,GDP (current US$),321083954798.337,current US$,World Bank Open Data,https://data.worldbank.org/indicator/NY.GDP.MKTP.CD,2026-08-02T04:09:09.383790+00:00
ISR,Israel,2017,Demographics,Population,8713300,people,World Bank Open Data,https://data.worldbank.org/indicator/SP.POP.TOTL,2026-08-02T04:09:08.531329+00:00
ISR,Israel,2017,Economics,GDP (current US$),357360816856.642,current US$,World Bank Open Data,https://data.worldbank.org/indicator/NY.GDP.MKTP.CD,2026-08-02T04:09:09.383790+00:00
ISR,Israel,2018,Demographics,Population,8882800,people,World Bank Open Data,https://data.worldbank.org/indicator/SP.POP.TOTL,2026-08-02T04:09:08.531329+00:00
ISR,Israel,2018,Economics,GDP (current US$),375470422244.408,current US$,World Bank Open Data,https://data.worldbank.org/indicator/NY.GDP.MKTP.CD,2026-08-02T04:09:09.383790+00:00
ISR,Israel,2019,Demographics,Population,9054000,people,World Bank Open Data,https://data.worldbank.org/indicator/SP.POP.TOTL,2026-08-02T04:09:08.531329+00:00
ISR,Israel,2019,Economics,GDP (current US$),399207771081.611,current US$,World Bank Open Data,https://data.worldbank.org/indicator/NY.GDP.MKTP.CD,2026-08-02T04:09:09.383790+00:00
ISR,Israel,2020,Demographics,Population,9215100,people,World Bank Open Data,https://data.worldbank.org/indicator/SP.POP.TOTL,2026-08-02T04:09:08.531329+00:00
ISR,Israel,2020,Economics,GDP (current US$),410908899711.272,current US$,World Bank Open Data,https://data.worldbank.org/indicator/NY.GDP.MKTP.CD,2026-08-02T04:09:09.383790+00:00
ISR,Israel,2021,Demographics,Population,9371400,people,World Bank Open Data,https://data.worldbank.org/indicator/SP.POP.TOTL,2026-08-02T04:09:08.531329+00:00
ISR,Israel,2021,Economics,GDP (current US$),489735019666.026,current US$,World Bank Open Data,https://data.worldbank.org/indicator/NY.GDP.MKTP.CD,2026-08-02T04:09:09.383790+00:00
ISR,Israel,2022,Demographics,Population,9557500,people,World Bank Open Data,https://data.worldbank.org/indicator/SP.POP.TOTL,2026-08-02T04:09:08.531329+00:00
ISR,Israel,2022,Economics,GDP (current US$),525157951212.871,current US$,World Bank Open Data,https://data.worldbank.org/indicator/NY.GDP.MKTP.CD,2026-08-02T04:09:09.383790+00:00
ISR,Israel,2023,Demographics,Population,9849000,people,World Bank Open Data,https://data.worldbank.org/indicator/SP.POP.TOTL,2026-08-02T04:09:08.531329+00:00
ISR,Israel,2023,Economics,GDP (current US$),513393395491.904,current US$,World Bank Open Data,https://data.worldbank.org/indicator/NY.GDP.MKTP.CD,2026-08-02T04:09:09.383790+00:00
ISR,Israel,2024,Demographics,Population,10002200,people,World Bank Open Data,https://data.worldbank.org/indicator/SP.POP.TOTL,2026-08-02T04:09:08.531329+00:00
ISR,Israel,2024,Economics,GDP (current US$),542284494490.778,current US$,World Bank Open Data,https://data.worldbank.org/indicator/NY.GDP.MKTP.CD,2026-08-02T04:09:09.383790+00:00
ISR,Israel,2025,Demographics,Population,10122800,people,World Bank Open Data,https://data.worldbank.org/indicator/SP.POP.TOTL,2026-08-02T04:09:08.531329+00:00
ISR,Israel,2025,Economics,GDP (current US$),610777842873.595,current US$,World Bank Open Data,https://data.worldbank.org/indicator/NY.GDP.MKTP.CD,2026-08-02T04:09:09.383790+00:00
ITA,Italy,2016,Demographics,Population,60115223,people,World Bank Open Data,https://data.worldbank.org/indicator/SP.POP.TOTL,2026-08-02T04:09:08.531329+00:00
ITA,Italy,2016,Economics,GDP (current US$),1887111188176.93,current US$,World Bank Open Data,https://data.worldbank.org/indicator/NY.GDP.MKTP.CD,2026-08-02T04:09:09.383790+00:00
ITA,Italy,2017,Demographics,Population,60002252,people,World Bank Open Data,https://data.worldbank.org/indicator/SP.POP.TOTL,2026-08-02T04:09:08.531329+00:00
ITA,Italy,2017,Economics,GDP (current US$),1970720904584.71,current US$,World Bank Open Data,https://data.worldbank.org/indicator/NY.GDP.MKTP.CD,2026-08-02T04:09:09.383790+00:00
ITA,Italy,2018,Demographics,Population,59877221,people,World Bank Open Data,https://data.worldbank.org/indicator/SP.POP.TOTL,2026-08-02T04:09:08.531329+00:00
ITA,Italy,2018,Economics,GDP (current US$),2099435266458.67,current US$,World Bank Open Data,https://data.worldbank.org/indicator/NY.GDP.MKTP.CD,2026-08-02T04:09:09.383790+00:00
ITA,Italy,2019,Demographics,Population,59729081,people,World Bank Open Data,https://data.worldbank.org/indicator/SP.POP.TOTL,2026-08-02T04:09:08.531329+00:00
ITA,Italy,2019,Economics,GDP (current US$),2019606796583.53,current US$,World Bank Open Data,https://data.worldbank.org/indicator/NY.GDP.MKTP.CD,2026-08-02T04:09:09.383790+00:00
ITA,Italy,2020,Demographics,Population,59438851,people,World Bank Open Data,https://data.worldbank.org/indicator/SP.POP.TOTL,2026-08-02T04:09:08.531329+00:00
ITA,Italy,2020,Economics,GDP (current US$),1907481094079.23,current US$,World Bank Open Data,https://data.worldbank.org/indicator/NY.GDP.MKTP.CD,2026-08-02T04:09:09.383790+00:00
ITA,Italy,2021,Demographics,Population,59133173,people,World Bank Open Data,https://data.worldbank.org/indicator/SP.POP.TOTL,2026-08-02T04:09:08.531329+00:00
ITA,Italy,2021,Economics,GDP (current US$),2179207773596.09,current US$,World Bank Open Data,https://data.worldbank.org/indicator/NY.GDP.MKTP.CD,2026-08-02T04:09:09.383790+00:00
ITA,Italy,2022,Demographics,Population,59013667,people,World Bank Open Data,https://data.worldbank.org/indicator/SP.POP.TOTL,2026-08-02T04:09:08.531329+00:00
ITA,Italy,2022,Economics,GDP (current US$),2104067630319.46,current US$,World Bank Open Data,https://data.worldbank.org/indicator/NY.GDP.MKTP.CD,2026-08-02T04:09:09.383790+00:00
ITA,Italy,2023,Demographics,Population,58984216,people,World Bank Open Data,https://data.worldbank.org/indicator/SP.POP.TOTL,2026-08-02T04:09:08.531329+00:00
ITA,Italy,2023,Economics,GDP (current US$),2316882296366.32,current US$,World Bank Open Data,https://data.worldbank.org/indicator/NY.GDP.MKTP.CD,2026-08-02T04:09:09.383790+00:00
ITA,Italy,2024,Demographics,Population,58952704,people,World Bank Open Data,https://data.worldbank.org/indicator/SP.POP.TOTL,2026-08-02T04:09:08.531329+00:00
ITA,Italy,2024,Economics,GDP (current US$),2383435562458.12,current US$,World Bank Open Data,https://data.worldbank.org/indicator/NY.GDP.MKTP.CD,2026-08-02T04:09:09.383790+00:00
ITA,Italy,2025,Demographics,Population,58915656,people,World Bank Open Data,https://data.worldbank.org/indicator/SP.POP.TOTL,2026-08-02T04:09:08.531329+00:00
ITA,Italy,2025,Economics,GDP (current US$),2551556954100.35,current US$,World Bank Open Data,https://data.worldbank.org/indicator/NY.GDP.MKTP.CD,2026-08-02T04:09:09.383790+00:00
JAM,Jamaica,2016,Demographics,Population,2809915,people,World Bank Open Data,https://data.worldbank.org/indicator/SP.POP.TOTL,2026-08-02T04:09:08.531329+00:00
JAM,Jamaica,2016,Economics,GDP (current US$),14898999754.1229,current US$,World Bank Open Data,https://data.worldbank.org/indicator/NY.GDP.MKTP.CD,2026-08-02T04:09:09.383790+00:00
JAM,Jamaica,2017,Demographics,Population,2815764,people,World Bank Open Data,https://data.worldbank.org/indicator/SP.POP.TOTL,2026-08-02T04:09:08.531329+00:00
JAM,Jamaica,2017,Economics,GDP (current US$),15783583236.675,current US$,World Bank Open Data,https://data.worldbank.org/indicator/NY.GDP.MKTP.CD,2026-08-02T04:09:09.383790+00:00
JAM,Jamaica,2018,Demographics,Population,2820097,people,World Bank Open Data,https://data.worldbank.org/indicator/SP.POP.TOTL,2026-08-02T04:09:08.531329+00:00
JAM,Jamaica,2018,Economics,GDP (current US$),16855447986.2221,current US$,World Bank Open Data,https://data.worldbank.org/indicator/NY.GDP.MKTP.CD,2026-08-02T04:09:09.383790+00:00
JAM,Jamaica,2019,Demographics,Population,2823271,people,World Bank Open Data,https://data.worldbank.org/indicator/SP.POP.TOTL,2026-08-02T04:09:08.531329+00:00
JAM,Jamaica,2019,Economics,GDP (current US$),17026269262.5307,current US$,World Bank Open Data,https://data.worldbank.org/indicator/NY.GDP.MKTP.CD,2026-08-02T04:09:09.383790+00:00
JAM,Jamaica,2020,Demographics,Population,2830739,people,World Bank Open Data,https://data.worldbank.org/indicator/SP.POP.TOTL,2026-08-02T04:09:08.531329+00:00
JAM,Jamaica,2020,Economics,GDP (current US$),15000214216.2439,current US$,World Bank Open Data,https://data.worldbank.org/indicator/NY.GDP.MKTP.CD,2026-08-02T04:09:09.383790+00:00
JAM,Jamaica,2021,Demographics,Population,2837682,people,World Bank Open Data,https://data.worldbank.org/indicator/SP.POP.TOTL,2026-08-02T04:09:08.531329+00:00
JAM,Jamaica,2021,Economics,GDP (current US$),15963885376.3537,current US$,World Bank Open Data,https://data.worldbank.org/indicator/NY.GDP.MKTP.CD,2026-08-02T04:09:09.383790+00:00
JAM,Jamaica,2022,Demographics,Population,2839144,people,World Bank Open Data,https://data.worldbank.org/indicator/SP.POP.TOTL,2026-08-02T04:09:08.531329+00:00
JAM,Jamaica,2022,Economics,GDP (current US$),18813516805.214,current US$,World Bank Open Data,https://data.worldbank.org/indicator/NY.GDP.MKTP.CD,2026-08-02T04:09:09.383790+00:00
JAM,Jamaica,2023,Demographics,Population,2839786,people,World Bank Open Data,https://data.worldbank.org/indicator/SP.POP.TOTL,2026-08-02T04:09:08.531329+00:00
JAM,Jamaica,2023,Economics,GDP (current US$),21418797832.8216,current US$,World Bank Open Data,https://data.worldbank.org/indicator/NY.GDP.MKTP.CD,2026-08-02T04:09:09.383790+00:00
JAM,Jamaica,2024,Demographics,Population,2839175,people,World Bank Open Data,https://data.worldbank.org/indicator/SP.POP.TOTL,2026-08-02T04:09:08.531329+00:00
JAM,Jamaica,2024,Economics,GDP (current US$),22014429050.9995,current US$,World Bank Open Data,https://data.worldbank.org/indicator/NY.GDP.MKTP.CD,2026-08-02T04:09:09.383790+00:00
JAM,Jamaica,2025,Demographics,Population,2837077,people,World Bank Open Data,https://data.worldbank.org/indicator/SP.POP.TOTL,2026-08-02T04:09:08.531329+00:00
JAM,Jamaica,2025,Economics,GDP (current US$),22704903217.5631,current US$,World Bank Open Data,https://data.worldbank.org/indicator/NY.GDP.MKTP.CD,2026-08-02T04:09:09.383790+00:00
JOR,Jordan,2016,Demographics,Population,10006367,people,World Bank Open Data,https://data.worldbank.org/indicator/SP.POP.TOTL,2026-08-02T04:09:08.531329+00:00
JOR,Jordan,2016,Economics,GDP (current US$),43688498732.3944,current US$,World Bank Open Data,https://data.worldbank.org/indicator/NY.GDP.MKTP.CD,2026-08-02T04:09:09.383790+00:00
JOR,Jordan,2017,Demographics,Population,10234226,people,World Bank Open Data,https://data.worldbank.org/indicator/SP.POP.TOTL,2026-08-02T04:09:08.531329+00:00
JOR,Jordan,2017,Economics,GDP (current US$),45535614366.1972,current US$,World Bank Open Data,https://data.worldbank.org/indicator/NY.GDP.MKTP.CD,2026-08-02T04:09:09.383790+00:00
JOR,Jordan,2018,Demographics,Population,10462306,people,World Bank Open Data,https://data.worldbank.org/indicator/SP.POP.TOTL,2026-08-02T04:09:08.531329+00:00
JOR,Jordan,2018,Economics,GDP (current US$),47435850422.5352,current US$,World Bank Open Data,https://data.worldbank.org/indicator/NY.GDP.MKTP.CD,2026-08-02T04:09:09.383790+00:00
JOR,Jordan,2019,Demographics,Population,10671891,people,World Bank Open Data,https://data.worldbank.org/indicator/SP.POP.TOTL,2026-08-02T04:09:08.531329+00:00
JOR,Jordan,2019,Economics,GDP (current US$),48640273802.8169,current US$,World Bank Open Data,https://data.worldbank.org/indicator/NY.GDP.MKTP.CD,2026-08-02T04:09:09.383790+00:00
JOR,Jordan,2020,Demographics,Population,10865228,people,World Bank Open Data,https://data.worldbank.org/indicator/SP.POP.TOTL,2026-08-02T04:09:08.531329+00:00
JOR,Jordan,2020,Economics,GDP (current US$),47931770985.9155,current US$,World Bank Open Data,https://data.worldbank.org/indicator/NY.GDP.MKTP.CD,2026-08-02T04:09:09.383790+00:00
JOR,Jordan,2021,Demographics,Population,11066356,people,World Bank Open Data,https://data.worldbank.org/indicator/SP.POP.TOTL,2026-08-02T04:09:08.531329+00:00
JOR,Jordan,2021,Economics,GDP (current US$),50702940985.9155,current US$,World Bank Open Data,https://data.worldbank.org/indicator/NY.GDP.MKTP.CD,2026-08-02T04:09:09.383790+00:00
JOR,Jordan,2022,Demographics,Population,11256263,people,World Bank Open Data,https://data.worldbank.org/indicator/SP.POP.TOTL,2026-08-02T04:09:08.531329+00:00
JOR,Jordan,2022,Economics,GDP (current US$),53516930140.8451,current US$,World Bank Open Data,https://data.worldbank.org/indicator/NY.GDP.MKTP.CD,2026-08-02T04:09:09.383790+00:00
JOR,Jordan,2023,Demographics,Population,11439213,people,World Bank Open Data,https://data.worldbank.org/indicator/SP.POP.TOTL,2026-08-02T04:09:08.531329+00:00
JOR,Jordan,2023,Economics,GDP (current US$),56123472112.6761,current US$,World Bank Open Data,https://data.worldbank.org/indicator/NY.GDP.MKTP.CD,2026-08-02T04:09:09.383790+00:00
JOR,Jordan,2024,Demographics,Population,11552876,people,World Bank Open Data,https://data.worldbank.org/indicator/SP.POP.TOTL,2026-08-02T04:09:08.531329+00:00
JOR,Jordan,2024,Economics,GDP (current US$),58618380563.3803,current US$,World Bank Open Data,https://data.worldbank.org/indicator/NY.GDP.MKTP.CD,2026-08-02T04:09:09.383790+00:00
JOR,Jordan,2025,Demographics,Population,11520684,people,World Bank Open Data,https://data.worldbank.org/indicator/SP.POP.TOTL,2026-08-02T04:09:08.531329+00:00
JOR,Jordan,2025,Economics,GDP (current US$),61610052535.2113,current US$,World Bank Open Data,https://data.worldbank.org/indicator/NY.GDP.MKTP.CD,2026-08-02T04:09:09.383790+00:00
JPN,Japan,2016,Demographics,Population,127076000,people,World Bank Open Data,https://data.worldbank.org/indicator/SP.POP.TOTL,2026-08-02T04:09:08.531329+00:00
JPN,Japan,2016,Economics,GDP (current US$),5110357383254.44,current US$,World Bank Open Data,https://data.worldbank.org/indicator/NY.GDP.MKTP.CD,2026-08-02T04:09:09.383790+00:00
JPN,Japan,2017,Demographics,Population,126972000,people,World Bank Open Data,https://data.worldbank.org/indicator/SP.POP.TOTL,2026-08-02T04:09:08.531329+00:00
JPN,Japan,2017,Economics,GDP (current US$),5038231631660.71,current US$,World Bank Open Data,https://data.worldbank.org/indicator/NY.GDP.MKTP.CD,2026-08-02T04:09:09.383790+00:00
JPN,Japan,2018,Demographics,Population,126811000,people,World Bank Open Data,https://data.worldbank.org/indicator/SP.POP.TOTL,2026-08-02T04:09:08.531329+00:00
JPN,Japan,2018,Economics,GDP (current US$),5154293721629.56,current US$,World Bank Open Data,https://data.worldbank.org/indicator/NY.GDP.MKTP.CD,2026-08-02T04:09:09.383790+00:00
JPN,Japan,2019,Demographics,Population,126633000,people,World Bank Open Data,https://data.worldbank.org/indicator/SP.POP.TOTL,2026-08-02T04:09:08.531329+00:00
JPN,Japan,2019,Economics,GDP (current US$),5245755000479.03,current US$,World Bank Open Data,https://data.worldbank.org/indicator/NY.GDP.MKTP.CD,2026-08-02T04:09:09.383790+00:00
JPN,Japan,2020,Demographics,Population,126261000,people,World Bank Open Data,https://data.worldbank.org/indicator/SP.POP.TOTL,2026-08-02T04:09:08.531329+00:00
JPN,Japan,2020,Economics,GDP (current US$),5189197543645.38,current US$,World Bank Open Data,https://data.worldbank.org/indicator/NY.GDP.MKTP.CD,2026-08-02T04:09:09.383790+00:00
JPN,Japan,2021,Demographics,Population,125681593,people,World Bank Open Data,https://data.worldbank.org/indicator/SP.POP.TOTL,2026-08-02T04:09:08.531329+00:00
JPN,Japan,2021,Economics,GDP (current US$),5225933520753.1,current US$,World Bank Open Data,https://data.worldbank.org/indicator/NY.GDP.MKTP.CD,2026-08-02T04:09:09.383790+00:00
JPN,Japan,2022,Demographics,Population,125124989,people,World Bank Open Data,https://data.worldbank.org/indicator/SP.POP.TOTL,2026-08-02T04:09:08.531329+00:00
JPN,Japan,2022,Economics,GDP (current US$),4447976207314.78,current US$,World Bank Open Data,https://data.worldbank.org/indicator/NY.GDP.MKTP.CD,2026-08-02T04:09:09.383790+00:00
JPN,Japan,2023,Demographics,Population,124516650,people,World Bank Open Data,https://data.worldbank.org/indicator/SP.POP.TOTL,2026-08-02T04:09:08.531329+00:00
JPN,Japan,2023,Economics,GDP (current US$),4384854269961.93,current US$,World Bank Open Data,https://data.worldbank.org/indicator/NY.GDP.MKTP.CD,2026-08-02T04:09:09.383790+00:00
JPN,Japan,2024,Demographics,Population,123975371,people,World Bank Open Data,https://data.worldbank.org/indicator/SP.POP.TOTL,2026-08-02T04:09:08.531329+00:00
JPN,Japan,2024,Economics,GDP (current US$),4190008188358.57,current US$,World Bank Open Data,https://data.worldbank.org/indicator/NY.GDP.MKTP.CD,2026-08-02T04:09:09.383790+00:00
JPN,Japan,2025,Demographics,Population,123366734,people,World Bank Open Data,https://data.worldbank.org/indicator/SP.POP.TOTL,2026-08-02T04:09:08.531329+00:00
JPN,Japan,2025,Economics,GDP (current US$),4435162999976.94,current US$,World Bank Open Data,https://data.worldbank.org/indicator/NY.GDP.MKTP.CD,2026-08-02T04:09:09.383790+00:00
KAZ,Kazakhstan,2016,Demographics,Population,18363600,people,World Bank Open Data,https://data.worldbank.org/indicator/SP.POP.TOTL,2026-08-02T04:09:08.531329+00:00
KAZ,Kazakhstan,2016,Economics,GDP (current US$),137278320084.171,current US$,World Bank Open Data,https://data.worldbank.org/indicator/NY.GDP.MKTP.CD,2026-08-02T04:09:09.383790+00:00
KAZ,Kazakhstan,2017,Demographics,Population,18651931,people,World Bank Open Data,https://data.worldbank.org/indicator/SP.POP.TOTL,2026-08-02T04:09:08.531329+00:00
KAZ,Kazakhstan,2017,Economics,GDP (current US$),166805788827.233,current US$,World Bank Open Data,https://data.worldbank.org/indicator/NY.GDP.MKTP.CD,2026-08-02T04:09:09.383790+00:00
KAZ,Kazakhstan,2018,Demographics,Population,18932727,people,World Bank Open Data,https://data.worldbank.org/indicator/SP.POP.TOTL,2026-08-02T04:09:08.531329+00:00
KAZ,Kazakhstan,2018,Economics,GDP (current US$),179339977690.485,current US$,World Bank Open Data,https://data.worldbank.org/indicator/NY.GDP.MKTP.CD,2026-08-02T04:09:09.383790+00:00
KAZ,Kazakhstan,2019,Demographics,Population,19209555,people,World Bank Open Data,https://data.worldbank.org/indicator/SP.POP.TOTL,2026-08-02T04:09:08.531329+00:00
KAZ,Kazakhstan,2019,Economics,GDP (current US$),181667184854.501,current US$,World Bank Open Data,https://data.worldbank.org/indicator/NY.GDP.MKTP.CD,2026-08-02T04:09:09.383790+00:00
KAZ,Kazakhstan,2020,Demographics,Population,19482117,people,World Bank Open Data,https://data.worldbank.org/indicator/SP.POP.TOTL,2026-08-02T04:09:08.531329+00:00
KAZ,Kazakhstan,2020,Economics,GDP (current US$),171082365861.423,current US$,World Bank Open Data,https://data.worldbank.org/indicator/NY.GDP.MKTP.CD,2026-08-02T04:09:09.383790+00:00
KAZ,Kazakhstan,2021,Demographics,Population,19743603,people,World Bank Open Data,https://data.worldbank.org/indicator/SP.POP.TOTL,2026-08-02T04:09:08.531329+00:00
KAZ,Kazakhstan,2021,Economics,GDP (current US$),197112255360.612,current US$,World Bank Open Data,https://data.worldbank.org/indicator/NY.GDP.MKTP.CD,2026-08-02T04:09:09.383790+00:00
KAZ,Kazakhstan,2022,Demographics,Population,20034609,people,World Bank Open Data,https://data.worldbank.org/indicator/SP.POP.TOTL,2026-08-02T04:09:08.531329+00:00
KAZ,Kazakhstan,2022,Economics,GDP (current US$),225496328925.494,current US$,World Bank Open Data,https://data.worldbank.org/indicator/NY.GDP.MKTP.CD,2026-08-02T04:09:09.383790+00:00
KAZ,Kazakhstan,2023,Demographics,Population,20330104,people,World Bank Open Data,https://data.worldbank.org/indicator/SP.POP.TOTL,2026-08-02T04:09:08.531329+00:00
KAZ,Kazakhstan,2023,Economics,GDP (current US$),261840101059.923,current US$,World Bank Open Data,https://data.worldbank.org/indicator/NY.GDP.MKTP.CD,2026-08-02T04:09:09.383790+00:00
KAZ,Kazakhstan,2024,Demographics,Population,20592571,people,World Bank Open Data,https://data.worldbank.org/indicator/SP.POP.TOTL,2026-08-02T04:09:08.531329+00:00
KAZ,Kazakhstan,2024,Economics,GDP (current US$),291480274648.826,current US$,World Bank Open Data,https://data.worldbank.org/indicator/NY.GDP.MKTP.CD,2026-08-02T04:09:09.383790+00:00
KAZ,Kazakhstan,2025,Demographics,Population,20843754,people,World Bank Open Data,https://data.worldbank.org/indicator/SP.POP.TOTL,2026-08-02T04:09:08.531329+00:00
KAZ,Kazakhstan,2025,Economics,GDP (current US$),306239209650.024,current US$,World Bank Open Data,https://data.worldbank.org/indicator/NY.GDP.MKTP.CD,2026-08-02T04:09:09.383790+00:00
KEN,Kenya,2016,Demographics,Population,48139687,people,World Bank Open Data,https://data.worldbank.org/indicator/SP.POP.TOTL,2026-08-02T04:09:08.531329+00:00
KEN,Kenya,2016,Economics,GDP (current US$),74815144163.8931,current US$,World Bank Open Data,https://data.worldbank.org/indicator/NY.GDP.MKTP.CD,2026-08-02T04:09:09.383790+00:00
KEN,Kenya,2017,Demographics,Population,49197766,people,World Bank Open Data,https://data.worldbank.org/indicator/SP.POP.TOTL,2026-08-02T04:09:08.531329+00:00
KEN,Kenya,2017,Economics,GDP (current US$),82036510877.2599,current US$,World Bank Open Data,https://data.worldbank.org/indicator/NY.GDP.MKTP.CD,2026-08-02T04:09:09.383790+00:00
KEN,Kenya,2018,Demographics,Population,50207107,people,World Bank Open Data,https://data.worldbank.org/indicator/SP.POP.TOTL,2026-08-02T04:09:08.531329+00:00
KEN,Kenya,2018,Economics,GDP (current US$),92202979985.2863,current US$,World Bank Open Data,https://data.worldbank.org/indicator/NY.GDP.MKTP.CD,2026-08-02T04:09:09.383790+00:00
KEN,Kenya,2019,Demographics,Population,51202827,people,World Bank Open Data,https://data.worldbank.org/indicator/SP.POP.TOTL,2026-08-02T04:09:08.531329+00:00
KEN,Kenya,2019,Economics,GDP (current US$),100378436207.371,current US$,World Bank Open Data,https://data.worldbank.org/indicator/NY.GDP.MKTP.CD,2026-08-02T04:09:09.383790+00:00
KEN,Kenya,2020,Demographics,Population,52217334,people,World Bank Open Data,https://data.worldbank.org/indicator/SP.POP.TOTL,2026-08-02T04:09:08.531329+00:00
KEN,Kenya,2020,Economics,GDP (current US$),100657505750.545,current US$,World Bank Open Data,https://data.worldbank.org/indicator/NY.GDP.MKTP.CD,2026-08-02T04:09:09.383790+00:00
KEN,Kenya,2021,Demographics,Population,53219166,people,World Bank Open Data,https://data.worldbank.org/indicator/SP.POP.TOTL,2026-08-02T04:09:08.531329+00:00
KEN,Kenya,2021,Economics,GDP (current US$),109703658904.994,current US$,World Bank Open Data,https://data.worldbank.org/indicator/NY.GDP.MKTP.CD,2026-08-02T04:09:09.383790+00:00
KEN,Kenya,2022,Demographics,Population,54252461,people,World Bank Open Data,https://data.worldbank.org/indicator/SP.POP.TOTL,2026-08-02T04:09:08.531329+00:00
KEN,Kenya,2022,Economics,GDP (current US$),114448978152.637,current US$,World Bank Open Data,https://data.worldbank.org/indicator/NY.GDP.MKTP.CD,2026-08-02T04:09:09.383790+00:00
KEN,Kenya,2023,Demographics,Population,55339003,people,World Bank Open Data,https://data.worldbank.org/indicator/SP.POP.TOTL,2026-08-02T04:09:08.531329+00:00
KEN,Kenya,2023,Economics,GDP (current US$),107500884685.013,current US$,World Bank Open Data,https://data.worldbank.org/indicator/NY.GDP.MKTP.CD,2026-08-02T04:09:09.383790+00:00
KEN,Kenya,2024,Demographics,Population,56432944,people,World Bank Open Data,https://data.worldbank.org/indicator/SP.POP.TOTL,2026-08-02T04:09:08.531329+00:00
KEN,Kenya,2024,Economics,GDP (current US$),120397537849.826,current US$,World Bank Open Data,https://data.worldbank.org/indicator/NY.GDP.MKTP.CD,2026-08-02T04:09:09.383790+00:00
KEN,Kenya,2025,Demographics,Population,57532493,people,World Bank Open Data,https://data.worldbank.org/indicator/SP.POP.TOTL,2026-08-02T04:09:08.531329+00:00
KEN,Kenya,2025,Economics,GDP (current US$),135941278878.815,current US$,World Bank Open Data,https://data.worldbank.org/indicator/NY.GDP.MKTP.CD,2026-08-02T04:09:09.383790+00:00
KGZ,Kyrgyz Republic,2016,Demographics,Population,6175338,people,World Bank Open Data,https://data.worldbank.org/indicator/SP.POP.TOTL,2026-08-02T04:09:08.531329+00:00
KGZ,Kyrgyz Republic,2016,Economics,GDP (current US$),6813095379.1187,current US$,World Bank Open Data,https://data.worldbank.org/indicator/NY.GDP.MKTP.CD,2026-08-02T04:09:09.383790+00:00
KGZ,Kyrgyz Republic,2017,Demographics,Population,6306696,people,World Bank Open Data,https://data.worldbank.org/indicator/SP.POP.TOTL,2026-08-02T04:09:08.531329+00:00
KGZ,Kyrgyz Republic,2017,Economics,GDP (current US$),7702938379.42036,current US$,World Bank Open Data,https://data.worldbank.org/indicator/NY.GDP.MKTP.CD,2026-08-02T04:09:09.383790+00:00
KGZ,Kyrgyz Republic,2018,Demographics,Population,6444079,people,World Bank Open Data,https://data.worldbank.org/indicator/SP.POP.TOTL,2026-08-02T04:09:08.531329+00:00
KGZ,Kyrgyz Republic,2018,Economics,GDP (current US$),8271106235.41552,current US$,World Bank Open Data,https://data.worldbank.org/indicator/NY.GDP.MKTP.CD,2026-08-02T04:09:09.383790+00:00
KGZ,Kyrgyz Republic,2019,Demographics,Population,6590211,people,World Bank Open Data,https://data.worldbank.org/indicator/SP.POP.TOTL,2026-08-02T04:09:08.531329+00:00
KGZ,Kyrgyz Republic,2019,Economics,GDP (current US$),9371275264.36735,current US$,World Bank Open Data,https://data.worldbank.org/indicator/NY.GDP.MKTP.CD,2026-08-02T04:09:09.383790+00:00
KGZ,Kyrgyz Republic,2020,Demographics,Population,6726596,people,World Bank Open Data,https://data.worldbank.org/indicator/SP.POP.TOTL,2026-08-02T04:09:08.531329+00:00
KGZ,Kyrgyz Republic,2020,Economics,GDP (current US$),8270468614.24051,current US$,World Bank Open Data,https://data.worldbank.org/indicator/NY.GDP.MKTP.CD,2026-08-02T04:09:09.383790+00:00
KGZ,Kyrgyz Republic,2021,Demographics,Population,6851224,people,World Bank Open Data,https://data.worldbank.org/indicator/SP.POP.TOTL,2026-08-02T04:09:08.531329+00:00
KGZ,Kyrgyz Republic,2021,Economics,GDP (current US$),9249133946.26531,current US$,World Bank Open Data,https://data.worldbank.org/indicator/NY.GDP.MKTP.CD,2026-08-02T04:09:09.383790+00:00
KGZ,Kyrgyz Republic,2022,Demographics,Population,6975220,people,World Bank Open Data,https://data.worldbank.org/indicator/SP.POP.TOTL,2026-08-02T04:09:08.531329+00:00
KGZ,Kyrgyz Republic,2022,Economics,GDP (current US$),12134931017.9465,current US$,World Bank Open Data,https://data.worldbank.org/indicator/NY.GDP.MKTP.CD,2026-08-02T04:09:09.383790+00:00
KGZ,Kyrgyz Republic,2023,Demographics,Population,7099750,people,World Bank Open Data,https://data.worldbank.org/indicator/SP.POP.TOTL,2026-08-02T04:09:08.531329+00:00
KGZ,Kyrgyz Republic,2023,Economics,GDP (current US$),15180842369.4894,current US$,World Bank Open Data,https://data.worldbank.org/indicator/NY.GDP.MKTP.CD,2026-08-02T04:09:09.383790+00:00
KGZ,Kyrgyz Republic,2024,Demographics,Population,7221868,people,World Bank Open Data,https://data.worldbank.org/indicator/SP.POP.TOTL,2026-08-02T04:09:08.531329+00:00
KGZ,Kyrgyz Republic,2024,Economics,GDP (current US$),18161630698.9052,current US$,World Bank Open Data,https://data.worldbank.org/indicator/NY.GDP.MKTP.CD,2026-08-02T04:09:09.383790+00:00
KGZ,Kyrgyz Republic,2025,Demographics,Population,7343064,people,World Bank Open Data,https://data.worldbank.org/indicator/SP.POP.TOTL,2026-08-02T04:09:08.531329+00:00
KGZ,Kyrgyz Republic,2025,Economics,GDP (current US$),22623752095.4613,current US$,World Bank Open Data,https://data.worldbank.org/indicator/NY.GDP.MKTP.CD,2026-08-02T04:09:09.383790+00:00
KHM,Cambodia,2016,Demographics,Population,15852803,people,World Bank Open Data,https://data.worldbank.org/indicator/SP.POP.TOTL,2026-08-02T04:09:08.531329+00:00
KHM,Cambodia,2016,Economics,GDP (current US$),26556545153.3573,current US$,World Bank Open Data,https://data.worldbank.org/indicator/NY.GDP.MKTP.CD,2026-08-02T04:09:09.383790+00:00
KHM,Cambodia,2017,Demographics,Population,16073372,people,World Bank Open Data,https://data.worldbank.org/indicator/SP.POP.TOTL,2026-08-02T04:09:08.531329+00:00
KHM,Cambodia,2017,Economics,GDP (current US$),29355665909.7905,current US$,World Bank Open Data,https://data.worldbank.org/indicator/NY.GDP.MKTP.CD,2026-08-02T04:09:09.383790+00:00
KHM,Cambodia,2018,Demographics,Population,16274522,people,World Bank Open Data,https://data.worldbank.org/indicator/SP.POP.TOTL,2026-08-02T04:09:08.531329+00:00
KHM,Cambodia,2018,Economics,GDP (current US$),33145892168.8958,current US$,World Bank Open Data,https://data.worldbank.org/indicator/NY.GDP.MKTP.CD,2026-08-02T04:09:09.383790+00:00
KHM,Cambodia,2019,Demographics,Population,16481304,people,World Bank Open Data,https://data.worldbank.org/indicator/SP.POP.TOTL,2026-08-02T04:09:08.531329+00:00
KHM,Cambodia,2019,Economics,GDP (current US$),36685356407.7206,current US$,World Bank Open Data,https://data.worldbank.org/indicator/NY.GDP.MKTP.CD,2026-08-02T04:09:09.383790+00:00
KHM,Cambodia,2020,Demographics,Population,16725474,people,World Bank Open Data,https://data.worldbank.org/indicator/SP.POP.TOTL,2026-08-02T04:09:08.531329+00:00
KHM,Cambodia,2020,Economics,GDP (current US$),34818073901.4851,current US$,World Bank Open Data,https://data.worldbank.org/indicator/NY.GDP.MKTP.CD,2026-08-02T04:09:09.383790+00:00
KHM,Cambodia,2021,Demographics,Population,16974305,people,World Bank Open Data,https://data.worldbank.org/indicator/SP.POP.TOTL,2026-08-02T04:09:08.531329+00:00
KHM,Cambodia,2021,Economics,GDP (current US$),36790163687.4421,current US$,World Bank Open Data,https://data.worldbank.org/indicator/NY.GDP.MKTP.CD,2026-08-02T04:09:09.383790+00:00
KHM,Cambodia,2022,Demographics,Population,17201724,people,World Bank Open Data,https://data.worldbank.org/indicator/SP.POP.TOTL,2026-08-02T04:09:08.531329+00:00
KHM,Cambodia,2022,Economics,GDP (current US$),39994532959.6074,current US$,World Bank Open Data,https://data.worldbank.org/indicator/NY.GDP.MKTP.CD,2026-08-02T04:09:09.383790+00:00
KHM,Cambodia,2023,Demographics,Population,17423880,people,World Bank Open Data,https://data.worldbank.org/indicator/SP.POP.TOTL,2026-08-02T04:09:08.531329+00:00
KHM,Cambodia,2023,Economics,GDP (current US$),42335646895.7984,current US$,World Bank Open Data,https://data.worldbank.org/indicator/NY.GDP.MKTP.CD,2026-08-02T04:09:09.383790+00:00
KHM,Cambodia,2024,Demographics,Population,17638801,people,World Bank Open Data,https://data.worldbank.org/indicator/SP.POP.TOTL,2026-08-02T04:09:08.531329+00:00
KHM,Cambodia,2024,Economics,GDP (current US$),46352647037.2406,current US$,World Bank Open Data,https://data.worldbank.org/indicator/NY.GDP.MKTP.CD,2026-08-02T04:09:09.383790+00:00
KHM,Cambodia,2025,Demographics,Population,17847982,people,World Bank Open Data,https://data.worldbank.org/indicator/SP.POP.TOTL,2026-08-02T04:09:08.531329+00:00
KHM,Cambodia,2025,Economics,GDP (current US$),51267065842.9641,current US$,World Bank Open Data,https://data.worldbank.org/indicator/NY.GDP.MKTP.CD,2026-08-02T04:09:09.383790+00:00
KIR,Kiribati,2016,Demographics,Population,118478,people,World Bank Open Data,https://data.worldbank.org/indicator/SP.POP.TOTL,2026-08-02T04:09:08.531329+00:00
KIR,Kiribati,2016,Economics,GDP (current US$),206467818.503227,current US$,World Bank Open Data,https://data.worldbank.org/indicator/NY.GDP.MKTP.CD,2026-08-02T04:09:09.383790+00:00
KIR,Kiribati,2017,Demographics,Population,120275,people,World Bank Open Data,https://data.worldbank.org/indicator/SP.POP.TOTL,2026-08-02T04:09:08.531329+00:00
KIR,Kiribati,2017,Economics,GDP (current US$),223029864.54193,current US$,World Bank Open Data,https://data.worldbank.org/indicator/NY.GDP.MKTP.CD,2026-08-02T04:09:09.383790+00:00
KIR,Kiribati,2018,Demographics,Population,122084,people,World Bank Open Data,https://data.worldbank.org/indicator/SP.POP.TOTL,2026-08-02T04:09:08.531329+00:00
KIR,Kiribati,2018,Economics,GDP (current US$),233859230.192198,current US$,World Bank Open Data,https://data.worldbank.org/indicator/NY.GDP.MKTP.CD,2026-08-02T04:09:09.383790+00:00
KIR,Kiribati,2019,Demographics,Population,123921,people,World Bank Open Data,https://data.worldbank.org/indicator/SP.POP.TOTL,2026-08-02T04:09:08.531329+00:00
KIR,Kiribati,2019,Economics,GDP (current US$),216891541.021351,current US$,World Bank Open Data,https://data.worldbank.org/indicator/NY.GDP.MKTP.CD,2026-08-02T04:09:09.383790+00:00
KIR,Kiribati,2020,Demographics,Population,126099,people,World Bank Open Data,https://data.worldbank.org/indicator/SP.POP.TOTL,2026-08-02T04:09:08.531329+00:00
KIR,Kiribati,2020,Economics,GDP (current US$),220909306.750809,current US$,World Bank Open Data,https://data.worldbank.org/indicator/NY.GDP.MKTP.CD,2026-08-02T04:09:09.383790+00:00
KIR,Kiribati,2021,Demographics,Population,128377,people,World Bank Open Data,https://data.worldbank.org/indicator/SP.POP.TOTL,2026-08-02T04:09:08.531329+00:00
KIR,Kiribati,2021,Economics,GDP (current US$),285451584.406531,current US$,World Bank Open Data,https://data.worldbank.org/indicator/NY.GDP.MKTP.CD,2026-08-02T04:09:09.383790+00:00
KIR,Kiribati,2022,Demographics,Population,130469,people,World Bank Open Data,https://data.worldbank.org/indicator/SP.POP.TOTL,2026-08-02T04:09:08.531329+00:00
KIR,Kiribati,2022,Economics,GDP (current US$),271214374.500577,current US$,World Bank Open Data,https://data.worldbank.org/indicator/NY.GDP.MKTP.CD,2026-08-02T04:09:09.383790+00:00
KIR,Kiribati,2023,Demographics,Population,132530,people,World Bank Open Data,https://data.worldbank.org/indicator/SP.POP.TOTL,2026-08-02T04:09:08.531329+00:00
KIR,Kiribati,2023,Economics,GDP (current US$),291657337.839517,current US$,World Bank Open Data,https://data.worldbank.org/indicator/NY.GDP.MKTP.CD,2026-08-02T04:09:09.383790+00:00
KIR,Kiribati,2024,Demographics,Population,134518,people,World Bank Open Data,https://data.worldbank.org/indicator/SP.POP.TOTL,2026-08-02T04:09:08.531329+00:00
KIR,Kiribati,2024,Economics,GDP (current US$),343153235.077124,current US$,World Bank Open Data,https://data.worldbank.org/indicator/NY.GDP.MKTP.CD,2026-08-02T04:09:09.383790+00:00
KIR,Kiribati,2025,Demographics,Population,136488,people,World Bank Open Data,https://data.worldbank.org/indicator/SP.POP.TOTL,2026-08-02T04:09:08.531329+00:00
KIR,Kiribati,2025,Economics,GDP (current US$),349227254.158833,current US$,World Bank Open Data,https://data.worldbank.org/indicator/NY.GDP.MKTP.CD,2026-08-02T04:09:09.383790+00:00
KNA,St. Kitts and Nevis,2016,Demographics,Population,47075,people,World Bank Open Data,https://data.worldbank.org/indicator/SP.POP.TOTL,2026-08-02T04:09:08.531329+00:00
KNA,St. Kitts and Nevis,2016,Economics,GDP (current US$),1006818518.51852,current US$,World Bank Open Data,https://data.worldbank.org/indicator/NY.GDP.MKTP.CD,2026-08-02T04:09:09.383790+00:00
KNA,St. Kitts and Nevis,2017,Demographics,Population,47050,people,World Bank Open Data,https://data.worldbank.org/indicator/SP.POP.TOTL,2026-08-02T04:09:08.531329+00:00
KNA,St. Kitts and Nevis,2017,Economics,GDP (current US$),1056977777.77778,current US$,World Bank Open Data,https://data.worldbank.org/indicator/NY.GDP.MKTP.CD,2026-08-02T04:09:09.383790+00:00
KNA,St. Kitts and Nevis,2018,Demographics,Population,47008,people,World Bank Open Data,https://data.worldbank.org/indicator/SP.POP.TOTL,2026-08-02T04:09:08.531329+00:00
KNA,St. Kitts and Nevis,2018,Economics,GDP (current US$),1076548148.14815,current US$,World Bank Open Data,https://data.worldbank.org/indicator/NY.GDP.MKTP.CD,2026-08-02T04:09:09.383790+00:00
KNA,St. Kitts and Nevis,2019,Demographics,Population,46952,people,World Bank Open Data,https://data.worldbank.org/indicator/SP.POP.TOTL,2026-08-02T04:09:08.531329+00:00
KNA,St. Kitts and Nevis,2019,Economics,GDP (current US$),1107855555.55556,current US$,World Bank Open Data,https://data.worldbank.org/indicator/NY.GDP.MKTP.CD,2026-08-02T04:09:09.383790+00:00
KNA,St. Kitts and Nevis,2020,Demographics,Population,46870,people,World Bank Open Data,https://data.worldbank.org/indicator/SP.POP.TOTL,2026-08-02T04:09:08.531329+00:00
KNA,St. Kitts and Nevis,2020,Economics,GDP (current US$),883922222.222222,current US$,World Bank Open Data,https://data.worldbank.org/indicator/NY.GDP.MKTP.CD,2026-08-02T04:09:09.383790+00:00
KNA,St. Kitts and Nevis,2021,Demographics,Population,46763,people,World Bank Open Data,https://data.worldbank.org/indicator/SP.POP.TOTL,2026-08-02T04:09:08.531329+00:00
KNA,St. Kitts and Nevis,2021,Economics,GDP (current US$),858622222.222222,current US$,World Bank Open Data,https://data.worldbank.org/indicator/NY.GDP.MKTP.CD,2026-08-02T04:09:09.383790+00:00
KNA,St. Kitts and Nevis,2022,Demographics,Population,46709,people,World Bank Open Data,https://data.worldbank.org/indicator/SP.POP.TOTL,2026-08-02T04:09:08.531329+00:00
KNA,St. Kitts and Nevis,2022,Economics,GDP (current US$),981429629.62963,current US$,World Bank Open Data,https://data.worldbank.org/indicator/NY.GDP.MKTP.CD,2026-08-02T04:09:09.383790+00:00
KNA,St. Kitts and Nevis,2023,Demographics,Population,46758,people,World Bank Open Data,https://data.worldbank.org/indicator/SP.POP.TOTL,2026-08-02T04:09:08.531329+00:00
KNA,St. Kitts and Nevis,2023,Economics,GDP (current US$),1055651851.85185,current US$,World Bank Open Data,https://data.worldbank.org/indicator/NY.GDP.MKTP.CD,2026-08-02T04:09:09.383790+00:00
KNA,St. Kitts and Nevis,2024,Demographics,Population,46843,people,World Bank Open Data,https://data.worldbank.org/indicator/SP.POP.TOTL,2026-08-02T04:09:08.531329+00:00
KNA,St. Kitts and Nevis,2024,Economics,GDP (current US$),1122388888.88889,current US$,World Bank Open Data,https://data.worldbank.org/indicator/NY.GDP.MKTP.CD,2026-08-02T04:09:09.383790+00:00
KNA,St. Kitts and Nevis,2025,Demographics,Population,46922,people,World Bank Open Data,https://data.worldbank.org/indicator/SP.POP.TOTL,2026-08-02T04:09:08.531329+00:00
KNA,St. Kitts and Nevis,2025,Economics,GDP (current US$),1183514814.81481,current US$,World Bank Open Data,https://data.worldbank.org/indicator/NY.GDP.MKTP.CD,2026-08-02T04:09:09.383790+00:00
KOR,"Korea, Rep.",2016,Demographics,Population,51217803,people,World Bank Open Data,https://data.worldbank.org/indicator/SP.POP.TOTL,2026-08-02T04:09:08.531329+00:00
KOR,"Korea, Rep.",2016,Economics,GDP (current US$),1579150518945.44,current US$,World Bank Open Data,https://data.worldbank.org/indicator/NY.GDP.MKTP.CD,2026-08-02T04:09:09.383790+00:00
KOR,"Korea, Rep.",2017,Demographics,Population,51361911,people,World Bank Open Data,https://data.worldbank.org/indicator/SP.POP.TOTL,2026-08-02T04:09:08.531329+00:00
KOR,"Korea, Rep.",2017,Economics,GDP (current US$),1710196756713.17,current US$,World Bank Open Data,https://data.worldbank.org/indicator/NY.GDP.MKTP.CD,2026-08-02T04:09:09.383790+00:00
KOR,"Korea, Rep.",2018,Demographics,Population,51585058,people,World Bank Open Data,https://data.worldbank.org/indicator/SP.POP.TOTL,2026-08-02T04:09:08.531329+00:00
KOR,"Korea, Rep.",2018,Economics,GDP (current US$),1824251454306.83,current US$,World Bank Open Data,https://data.worldbank.org/indicator/NY.GDP.MKTP.CD,2026-08-02T04:09:09.383790+00:00
KOR,"Korea, Rep.",2019,Demographics,Population,51764822,people,World Bank Open Data,https://data.worldbank.org/indicator/SP.POP.TOTL,2026-08-02T04:09:08.531329+00:00
KOR,"Korea, Rep.",2019,Economics,GDP (current US$),1751045752054.63,current US$,World Bank Open Data,https://data.worldbank.org/indicator/NY.GDP.MKTP.CD,2026-08-02T04:09:09.383790+00:00
KOR,"Korea, Rep.",2020,Demographics,Population,51836239,people,World Bank Open Data,https://data.worldbank.org/indicator/SP.POP.TOTL,2026-08-02T04:09:08.531329+00:00
KOR,"Korea, Rep.",2020,Economics,GDP (current US$),1744070276373.34,current US$,World Bank Open Data,https://data.worldbank.org/indicator/NY.GDP.MKTP.CD,2026-08-02T04:09:09.383790+00:00
KOR,"Korea, Rep.",2021,Demographics,Population,51769539,people,World Bank Open Data,https://data.worldbank.org/indicator/SP.POP.TOTL,2026-08-02T04:09:08.531329+00:00
KOR,"Korea, Rep.",2021,Economics,GDP (current US$),1942313560965.9,current US$,World Bank Open Data,https://data.worldbank.org/indicator/NY.GDP.MKTP.CD,2026-08-02T04:09:09.383790+00:00
KOR,"Korea, Rep.",2022,Demographics,Population,51672569,people,World Bank Open Data,https://data.worldbank.org/indicator/SP.POP.TOTL,2026-08-02T04:09:08.531329+00:00
KOR,"Korea, Rep.",2022,Economics,GDP (current US$),1799363116866.52,current US$,World Bank Open Data,https://data.worldbank.org/indicator/NY.GDP.MKTP.CD,2026-08-02T04:09:09.383790+00:00
KOR,"Korea, Rep.",2023,Demographics,Population,51712619,people,World Bank Open Data,https://data.worldbank.org/indicator/SP.POP.TOTL,2026-08-02T04:09:08.531329+00:00
KOR,"Korea, Rep.",2023,Economics,GDP (current US$),1844800934391.54,current US$,World Bank Open Data,https://data.worldbank.org/indicator/NY.GDP.MKTP.CD,2026-08-02T04:09:09.383790+00:00
KOR,"Korea, Rep.",2024,Demographics,Population,51751065,people,World Bank Open Data,https://data.worldbank.org/indicator/SP.POP.TOTL,2026-08-02T04:09:08.531329+00:00
KOR,"Korea, Rep.",2024,Economics,GDP (current US$),1875388209406.8,current US$,World Bank Open Data,https://data.worldbank.org/indicator/NY.GDP.MKTP.CD,2026-08-02T04:09:09.383790+00:00
KOR,"Korea, Rep.",2025,Demographics,Population,51684564,people,World Bank Open Data,https://data.worldbank.org/indicator/SP.POP.TOTL,2026-08-02T04:09:08.531329+00:00
KOR,"Korea, Rep.",2025,Economics,GDP (current US$),1872374961553.15,current US$,World Bank Open Data,https://data.worldbank.org/indicator/NY.GDP.MKTP.CD,2026-08-02T04:09:09.383790+00:00
KWT,Kuwait,2016,Demographics,Population,4004096,people,World Bank Open Data,https://data.worldbank.org/indicator/SP.POP.TOTL,2026-08-02T04:09:08.531329+00:00
KWT,Kuwait,2016,Economics,GDP (current US$),109406674124.652,current US$,World Bank Open Data,https://data.worldbank.org/indicator/NY.GDP.MKTP.CD,2026-08-02T04:09:09.383790+00:00
KWT,Kuwait,2017,Demographics,Population,4154812,people,World Bank Open Data,https://data.worldbank.org/indicator/SP.POP.TOTL,2026-08-02T04:09:08.531329+00:00
KWT,Kuwait,2017,Economics,GDP (current US$),120687539805.505,current US$,World Bank Open Data,https://data.worldbank.org/indicator/NY.GDP.MKTP.CD,2026-08-02T04:09:09.383790+00:00
KWT,Kuwait,2018,Demographics,Population,4323515,people,World Bank Open Data,https://data.worldbank.org/indicator/SP.POP.TOTL,2026-08-02T04:09:08.531329+00:00
KWT,Kuwait,2018,Economics,GDP (current US$),138646316350.727,current US$,World Bank Open Data,https://data.worldbank.org/indicator/NY.GDP.MKTP.CD,2026-08-02T04:09:09.383790+00:00
KWT,Kuwait,2019,Demographics,Population,4442316,people,World Bank Open Data,https://data.worldbank.org/indicator/SP.POP.TOTL,2026-08-02T04:09:08.531329+00:00
KWT,Kuwait,2019,Economics,GDP (current US$),140856394860.529,current US$,World Bank Open Data,https://data.worldbank.org/indicator/NY.GDP.MKTP.CD,2026-08-02T04:09:09.383790+00:00
KWT,Kuwait,2020,Demographics,Population,4400267,people,World Bank Open Data,https://data.worldbank.org/indicator/SP.POP.TOTL,2026-08-02T04:09:08.531329+00:00
KWT,Kuwait,2020,Economics,GDP (current US$),111045470605.715,current US$,World Bank Open Data,https://data.worldbank.org/indicator/NY.GDP.MKTP.CD,2026-08-02T04:09:09.383790+00:00
KWT,Kuwait,2021,Demographics,Population,4360865,people,World Bank Open Data,https://data.worldbank.org/indicator/SP.POP.TOTL,2026-08-02T04:09:08.531329+00:00
KWT,Kuwait,2021,Economics,GDP (current US$),148350671489.144,current US$,World Bank Open Data,https://data.worldbank.org/indicator/NY.GDP.MKTP.CD,2026-08-02T04:09:09.383790+00:00
KWT,Kuwait,2022,Demographics,Population,4589643,people,World Bank Open Data,https://data.worldbank.org/indicator/SP.POP.TOTL,2026-08-02T04:09:08.531329+00:00
KWT,Kuwait,2022,Economics,GDP (current US$),183502046693.878,current US$,World Bank Open Data,https://data.worldbank.org/indicator/NY.GDP.MKTP.CD,2026-08-02T04:09:09.383790+00:00
KWT,Kuwait,2023,Demographics,Population,4853420,people,World Bank Open Data,https://data.worldbank.org/indicator/SP.POP.TOTL,2026-08-02T04:09:08.531329+00:00
KWT,Kuwait,2023,Economics,GDP (current US$),165462656226.772,current US$,World Bank Open Data,https://data.worldbank.org/indicator/NY.GDP.MKTP.CD,2026-08-02T04:09:09.383790+00:00
KWT,Kuwait,2024,Demographics,Population,4897263,people,World Bank Open Data,https://data.worldbank.org/indicator/SP.POP.TOTL,2026-08-02T04:09:08.531329+00:00
KWT,Kuwait,2024,Economics,GDP (current US$),160903106639.233,current US$,World Bank Open Data,https://data.worldbank.org/indicator/NY.GDP.MKTP.CD,2026-08-02T04:09:09.383790+00:00
KWT,Kuwait,2025,Demographics,Population,4865298,people,World Bank Open Data,https://data.worldbank.org/indicator/SP.POP.TOTL,2026-08-02T04:09:08.531329+00:00
KWT,Kuwait,2025,Economics,GDP (current US$),157209026926.418,current US$,World Bank Open Data,https://data.worldbank.org/indicator/NY.GDP.MKTP.CD,2026-08-02T04:09:09.383790+00:00
LAO,Lao PDR,2016,Demographics,Population,6908802,people,World Bank Open Data,https://data.worldbank.org/indicator/SP.POP.TOTL,2026-08-02T04:09:08.531329+00:00
LAO,Lao PDR,2016,Economics,GDP (current US$),15912501722.6143,current US$,World Bank Open Data,https://data.worldbank.org/indicator/NY.GDP.MKTP.CD,2026-08-02T04:09:09.383790+00:00
LAO,Lao PDR,2017,Demographics,Population,7018147,people,World Bank Open Data,https://data.worldbank.org/indicator/SP.POP.TOTL,2026-08-02T04:09:08.531329+00:00
LAO,Lao PDR,2017,Economics,GDP (current US$),17071155481.4994,current US$,World Bank Open Data,https://data.worldbank.org/indicator/NY.GDP.MKTP.CD,2026-08-02T04:09:09.383790+00:00
LAO,Lao PDR,2018,Demographics,Population,7128045,people,World Bank Open Data,https://data.worldbank.org/indicator/SP.POP.TOTL,2026-08-02T04:09:08.531329+00:00
LAO,Lao PDR,2018,Economics,GDP (current US$),18141641089.7963,current US$,World Bank Open Data,https://data.worldbank.org/indicator/NY.GDP.MKTP.CD,2026-08-02T04:09:09.383790+00:00
LAO,Lao PDR,2019,Demographics,Population,7237636,people,World Bank Open Data,https://data.worldbank.org/indicator/SP.POP.TOTL,2026-08-02T04:09:08.531329+00:00
LAO,Lao PDR,2019,Economics,GDP (current US$),18740561512.5555,current US$,World Bank Open Data,https://data.worldbank.org/indicator/NY.GDP.MKTP.CD,2026-08-02T04:09:09.383790+00:00
LAO,Lao PDR,2020,Demographics,Population,7346533,people,World Bank Open Data,https://data.worldbank.org/indicator/SP.POP.TOTL,2026-08-02T04:09:08.531329+00:00
LAO,Lao PDR,2020,Economics,GDP (current US$),18981805250.2424,current US$,World Bank Open Data,https://data.worldbank.org/indicator/NY.GDP.MKTP.CD,2026-08-02T04:09:09.383790+00:00
LAO,Lao PDR,2021,Demographics,Population,7453194,people,World Bank Open Data,https://data.worldbank.org/indicator/SP.POP.TOTL,2026-08-02T04:09:08.531329+00:00
LAO,Lao PDR,2021,Economics,GDP (current US$),18827148530.9347,current US$,World Bank Open Data,https://data.worldbank.org/indicator/NY.GDP.MKTP.CD,2026-08-02T04:09:09.383790+00:00
LAO,Lao PDR,2022,Demographics,Population,7559007,people,World Bank Open Data,https://data.worldbank.org/indicator/SP.POP.TOTL,2026-08-02T04:09:08.531329+00:00
LAO,Lao PDR,2022,Economics,GDP (current US$),15468785203.7532,current US$,World Bank Open Data,https://data.worldbank.org/indicator/NY.GDP.MKTP.CD,2026-08-02T04:09:09.383790+00:00
LAO,Lao PDR,2023,Demographics,Population,7664993,people,World Bank Open Data,https://data.worldbank.org/indicator/SP.POP.TOTL,2026-08-02T04:09:08.531329+00:00
LAO,Lao PDR,2023,Economics,GDP (current US$),15843155731.2552,current US$,World Bank Open Data,https://data.worldbank.org/indicator/NY.GDP.MKTP.CD,2026-08-02T04:09:09.383790+00:00
LAO,Lao PDR,2024,Demographics,Population,7769819,people,World Bank Open Data,https://data.worldbank.org/indicator/SP.POP.TOTL,2026-08-02T04:09:08.531329+00:00
LAO,Lao PDR,2024,Economics,GDP (current US$),16502933121.3379,current US$,World Bank Open Data,https://data.worldbank.org/indicator/NY.GDP.MKTP.CD,2026-08-02T04:09:09.383790+00:00
LAO,Lao PDR,2025,Demographics,Population,7873046,people,World Bank Open Data,https://data.worldbank.org/indicator/SP.POP.TOTL,2026-08-02T04:09:08.531329+00:00
LAO,Lao PDR,2025,Economics,GDP (current US$),18302970218.5902,current US$,World Bank Open Data,https://data.worldbank.org/indicator/NY.GDP.MKTP.CD,2026-08-02T04:09:09.383790+00:00
LBN,Lebanon,2016,Demographics,Population,6323060,people,World Bank Open Data,https://data.worldbank.org/indicator/SP.POP.TOTL,2026-08-02T04:09:08.531329+00:00
LBN,Lebanon,2016,Economics,GDP (current US$),51147308774.1294,current US$,World Bank Open Data,https://data.worldbank.org/indicator/NY.GDP.MKTP.CD,2026-08-02T04:09:09.383790+00:00
LBN,Lebanon,2017,Demographics,Population,6160128,people,World Bank Open Data,https://data.worldbank.org/indicator/SP.POP.TOTL,2026-08-02T04:09:08.531329+00:00
LBN,Lebanon,2017,Economics,GDP (current US$),53027680685.9038,current US$,World Bank Open Data,https://data.worldbank.org/indicator/NY.GDP.MKTP.CD,2026-08-02T04:09:09.383790+00:00
LBN,Lebanon,2018,Demographics,Population,5984119,people,World Bank Open Data,https://data.worldbank.org/indicator/SP.POP.TOTL,2026-08-02T04:09:08.531329+00:00
LBN,Lebanon,2018,Economics,GDP (current US$),54901519155.5556,current US$,World Bank Open Data,https://data.worldbank.org/indicator/NY.GDP.MKTP.CD,2026-08-02T04:09:09.383790+00:00
LBN,Lebanon,2019,Demographics,Population,5794594,people,World Bank Open Data,https://data.worldbank.org/indicator/SP.POP.TOTL,2026-08-02T04:09:08.531329+00:00
LBN,Lebanon,2019,Economics,GDP (current US$),51605959131.2741,current US$,World Bank Open Data,https://data.worldbank.org/indicator/NY.GDP.MKTP.CD,2026-08-02T04:09:09.383790+00:00
LBN,Lebanon,2020,Demographics,Population,5702398,people,World Bank Open Data,https://data.worldbank.org/indicator/SP.POP.TOTL,2026-08-02T04:09:08.531329+00:00
LBN,Lebanon,2020,Economics,GDP (current US$),31712128253.7961,current US$,World Bank Open Data,https://data.worldbank.org/indicator/NY.GDP.MKTP.CD,2026-08-02T04:09:09.383790+00:00
LBN,Lebanon,2021,Demographics,Population,5718122,people,World Bank Open Data,https://data.worldbank.org/indicator/SP.POP.TOTL,2026-08-02T04:09:08.531329+00:00
LBN,Lebanon,2021,Economics,GDP (current US$),23131941556.7843,current US$,World Bank Open Data,https://data.worldbank.org/indicator/NY.GDP.MKTP.CD,2026-08-02T04:09:09.383790+00:00
LBN,Lebanon,2022,Demographics,Population,5744489,people,World Bank Open Data,https://data.worldbank.org/indicator/SP.POP.TOTL,2026-08-02T04:09:08.531329+00:00
LBN,Lebanon,2022,Economics,GDP (current US$),20992421948.8081,current US$,World Bank Open Data,https://data.worldbank.org/indicator/NY.GDP.MKTP.CD,2026-08-02T04:09:09.383790+00:00
LBN,Lebanon,2023,Demographics,Population,5773493,people,World Bank Open Data,https://data.worldbank.org/indicator/SP.POP.TOTL,2026-08-02T04:09:08.531329+00:00
LBN,Lebanon,2023,Economics,GDP (current US$),20078620356.9931,current US$,World Bank Open Data,https://data.worldbank.org/indicator/NY.GDP.MKTP.CD,2026-08-02T04:09:09.383790+00:00
LBN,Lebanon,2024,Demographics,Population,5805962,people,World Bank Open Data,https://data.worldbank.org/indicator/SP.POP.TOTL,2026-08-02T04:09:08.531329+00:00
LBN,Lebanon,2024,Economics,GDP (current US$),25971643441.3408,current US$,World Bank Open Data,https://data.worldbank.org/indicator/NY.GDP.MKTP.CD,2026-08-02T04:09:09.383790+00:00
LBN,Lebanon,2025,Demographics,Population,5849421,people,World Bank Open Data,https://data.worldbank.org/indicator/SP.POP.TOTL,2026-08-02T04:09:08.531329+00:00
LBR,Liberia,2016,Demographics,Population,4755608,people,World Bank Open Data,https://data.worldbank.org/indicator/SP.POP.TOTL,2026-08-02T04:09:08.531329+00:00
LBR,Liberia,2016,Economics,GDP (current US$),3398419600.0,current US$,World Bank Open Data,https://data.worldbank.org/indicator/NY.GDP.MKTP.CD,2026-08-02T04:09:09.383790+00:00
LBR,Liberia,2017,Demographics,Population,4848925,people,World Bank Open Data,https://data.worldbank.org/indicator/SP.POP.TOTL,2026-08-02T04:09:08.531329+00:00
LBR,Liberia,2017,Economics,GDP (current US$),3390703400.0,current US$,World Bank Open Data,https://data.worldbank.org/indicator/NY.GDP.MKTP.CD,2026-08-02T04:09:09.383790+00:00
LBR,Liberia,2018,Demographics,Population,4944726,people,World Bank Open Data,https://data.worldbank.org/indicator/SP.POP.TOTL,2026-08-02T04:09:08.531329+00:00
LBR,Liberia,2018,Economics,GDP (current US$),3422754800.0,current US$,World Bank Open Data,https://data.worldbank.org/indicator/NY.GDP.MKTP.CD,2026-08-02T04:09:09.383790+00:00
LBR,Liberia,2019,Demographics,Population,5043721,people,World Bank Open Data,https://data.worldbank.org/indicator/SP.POP.TOTL,2026-08-02T04:09:08.531329+00:00
LBR,Liberia,2019,Economics,GDP (current US$),3319596500.0,current US$,World Bank Open Data,https://data.worldbank.org/indicator/NY.GDP.MKTP.CD,2026-08-02T04:09:09.383790+00:00
LBR,Liberia,2020,Demographics,Population,5149463,people,World Bank Open Data,https://data.worldbank.org/indicator/SP.POP.TOTL,2026-08-02T04:09:08.531329+00:00
LBR,Liberia,2020,Economics,GDP (current US$),3176126300.0,current US$,World Bank Open Data,https://data.worldbank.org/indicator/NY.GDP.MKTP.CD,2026-08-02T04:09:09.383790+00:00
LBR,Liberia,2021,Demographics,Population,5259323,people,World Bank Open Data,https://data.worldbank.org/indicator/SP.POP.TOTL,2026-08-02T04:09:08.531329+00:00
LBR,Liberia,2021,Economics,GDP (current US$),3513049500.0,current US$,World Bank Open Data,https://data.worldbank.org/indicator/NY.GDP.MKTP.CD,2026-08-02T04:09:09.383790+00:00
LBR,Liberia,2022,Demographics,Population,5373294,people,World Bank Open Data,https://data.worldbank.org/indicator/SP.POP.TOTL,2026-08-02T04:09:08.531329+00:00
LBR,Liberia,2022,Economics,GDP (current US$),4001047000.0,current US$,World Bank Open Data,https://data.worldbank.org/indicator/NY.GDP.MKTP.CD,2026-08-02T04:09:09.383790+00:00
LBR,Liberia,2023,Demographics,Population,5493031,people,World Bank Open Data,https://data.worldbank.org/indicator/SP.POP.TOTL,2026-08-02T04:09:08.531329+00:00
LBR,Liberia,2023,Economics,GDP (current US$),4390000000.0,current US$,World Bank Open Data,https://data.worldbank.org/indicator/NY.GDP.MKTP.CD,2026-08-02T04:09:09.383790+00:00
LBR,Liberia,2024,Demographics,Population,5612817,people,World Bank Open Data,https://data.worldbank.org/indicator/SP.POP.TOTL,2026-08-02T04:09:08.531329+00:00
LBR,Liberia,2024,Economics,GDP (current US$),4779300900.0,current US$,World Bank Open Data,https://data.worldbank.org/indicator/NY.GDP.MKTP.CD,2026-08-02T04:09:09.383790+00:00
LBR,Liberia,2025,Demographics,Population,5731206,people,World Bank Open Data,https://data.worldbank.org/indicator/SP.POP.TOTL,2026-08-02T04:09:08.531329+00:00
LBR,Liberia,2025,Economics,GDP (current US$),5245938900.0,current US$,World Bank Open Data,https://data.worldbank.org/indicator/NY.GDP.MKTP.CD,2026-08-02T04:09:09.383790+00:00
LBY,Libya,2016,Demographics,Population,6632126,people,World Bank Open Data,https://data.worldbank.org/indicator/SP.POP.TOTL,2026-08-02T04:09:08.531329+00:00
LBY,Libya,2016,Economics,GDP (current US$),49912073701.298,current US$,World Bank Open Data,https://data.worldbank.org/indicator/NY.GDP.MKTP.CD,2026-08-02T04:09:09.383790+00:00
LBY,Libya,2017,Demographics,Population,6738770,people,World Bank Open Data,https://data.worldbank.org/indicator/SP.POP.TOTL,2026-08-02T04:09:08.531329+00:00
LBY,Libya,2017,Economics,GDP (current US$),67157452181.7738,current US$,World Bank Open Data,https://data.worldbank.org/indicator/NY.GDP.MKTP.CD,2026-08-02T04:09:09.383790+00:00
LBY,Libya,2018,Demographics,Population,6849055,people,World Bank Open Data,https://data.worldbank.org/indicator/SP.POP.TOTL,2026-08-02T04:09:08.531329+00:00
LBY,Libya,2018,Economics,GDP (current US$),76686029772.1483,current US$,World Bank Open Data,https://data.worldbank.org/indicator/NY.GDP.MKTP.CD,2026-08-02T04:09:09.383790+00:00
LBY,Libya,2019,Demographics,Population,6951033,people,World Bank Open Data,https://data.worldbank.org/indicator/SP.POP.TOTL,2026-08-02T04:09:08.531329+00:00
LBY,Libya,2019,Economics,GDP (current US$),69254496471.6938,current US$,World Bank Open Data,https://data.worldbank.org/indicator/NY.GDP.MKTP.CD,2026-08-02T04:09:09.383790+00:00
LBY,Libya,2020,Demographics,Population,7045399,people,World Bank Open Data,https://data.worldbank.org/indicator/SP.POP.TOTL,2026-08-02T04:09:08.531329+00:00
LBY,Libya,2020,Economics,GDP (current US$),46854285440.642,current US$,World Bank Open Data,https://data.worldbank.org/indicator/NY.GDP.MKTP.CD,2026-08-02T04:09:09.383790+00:00
LBY,Libya,2021,Demographics,Population,7135175,people,World Bank Open Data,https://data.worldbank.org/indicator/SP.POP.TOTL,2026-08-02T04:09:08.531329+00:00
LBY,Libya,2021,Economics,GDP (current US$),35217995647.2862,current US$,World Bank Open Data,https://data.worldbank.org/indicator/NY.GDP.MKTP.CD,2026-08-02T04:09:09.383790+00:00
LBY,Libya,2022,Demographics,Population,7223805,people,World Bank Open Data,https://data.worldbank.org/indicator/SP.POP.TOTL,2026-08-02T04:09:08.531329+00:00
LBY,Libya,2022,Economics,GDP (current US$),43246297921.8499,current US$,World Bank Open Data,https://data.worldbank.org/indicator/NY.GDP.MKTP.CD,2026-08-02T04:09:09.383790+00:00
LBY,Libya,2023,Demographics,Population,7305659,people,World Bank Open Data,https://data.worldbank.org/indicator/SP.POP.TOTL,2026-08-02T04:09:08.531329+00:00
LBY,Libya,2023,Economics,GDP (current US$),44027664915.187,current US$,World Bank Open Data,https://data.worldbank.org/indicator/NY.GDP.MKTP.CD,2026-08-02T04:09:09.383790+00:00
LBY,Libya,2024,Demographics,Population,7381023,people,World Bank Open Data,https://data.worldbank.org/indicator/SP.POP.TOTL,2026-08-02T04:09:08.531329+00:00
LBY,Libya,2024,Economics,GDP (current US$),48487151215.345,current US$,World Bank Open Data,https://data.worldbank.org/indicator/NY.GDP.MKTP.CD,2026-08-02T04:09:09.383790+00:00
LBY,Libya,2025,Demographics,Population,7458555,people,World Bank Open Data,https://data.worldbank.org/indicator/SP.POP.TOTL,2026-08-02T04:09:08.531329+00:00
LBY,Libya,2025,Economics,GDP (current US$),48098909613.6316,current US$,World Bank Open Data,https://data.worldbank.org/indicator/NY.GDP.MKTP.CD,2026-08-02T04:09:09.383790+00:00
LCA,St. Lucia,2016,Demographics,Population,175646,people,World Bank Open Data,https://data.worldbank.org/indicator/SP.POP.TOTL,2026-08-02T04:09:08.531329+00:00
LCA,St. Lucia,2016,Economics,GDP (current US$),1868544444.44444,current US$,World Bank Open Data,https://data.worldbank.org/indicator/NY.GDP.MKTP.CD,2026-08-02T04:09:09.383790+00:00
LCA,St. Lucia,2017,Demographics,Population,176342,people,World Bank Open Data,https://data.worldbank.org/indicator/SP.POP.TOTL,2026-08-02T04:09:08.531329+00:00
LCA,St. Lucia,2017,Economics,GDP (current US$),1998503703.7037,current US$,World Bank Open Data,https://data.worldbank.org/indicator/NY.GDP.MKTP.CD,2026-08-02T04:09:09.383790+00:00
LCA,St. Lucia,2018,Demographics,Population,177017,people,World Bank Open Data,https://data.worldbank.org/indicator/SP.POP.TOTL,2026-08-02T04:09:08.531329+00:00
LCA,St. Lucia,2018,Economics,GDP (current US$),2060955555.55556,current US$,World Bank Open Data,https://data.worldbank.org/indicator/NY.GDP.MKTP.CD,2026-08-02T04:09:09.383790+00:00
LCA,St. Lucia,2019,Demographics,Population,177661,people,World Bank Open Data,https://data.worldbank.org/indicator/SP.POP.TOTL,2026-08-02T04:09:08.531329+00:00
LCA,St. Lucia,2019,Economics,GDP (current US$),2090074074.07407,current US$,World Bank Open Data,https://data.worldbank.org/indicator/NY.GDP.MKTP.CD,2026-08-02T04:09:09.383790+00:00
LCA,St. Lucia,2020,Demographics,Population,178250,people,World Bank Open Data,https://data.worldbank.org/indicator/SP.POP.TOTL,2026-08-02T04:09:08.531329+00:00
LCA,St. Lucia,2020,Economics,GDP (current US$),1521740740.74074,current US$,World Bank Open Data,https://data.worldbank.org/indicator/NY.GDP.MKTP.CD,2026-08-02T04:09:09.383790+00:00
LCA,St. Lucia,2021,Demographics,Population,178522,people,World Bank Open Data,https://data.worldbank.org/indicator/SP.POP.TOTL,2026-08-02T04:09:08.531329+00:00
LCA,St. Lucia,2021,Economics,GDP (current US$),1871111111.11111,current US$,World Bank Open Data,https://data.worldbank.org/indicator/NY.GDP.MKTP.CD,2026-08-02T04:09:09.383790+00:00
LCA,St. Lucia,2022,Demographics,Population,178781,people,World Bank Open Data,https://data.worldbank.org/indicator/SP.POP.TOTL,2026-08-02T04:09:08.531329+00:00
LCA,St. Lucia,2022,Economics,GDP (current US$),2319888888.88889,current US$,World Bank Open Data,https://data.worldbank.org/indicator/NY.GDP.MKTP.CD,2026-08-02T04:09:09.383790+00:00
LCA,St. Lucia,2023,Demographics,Population,179285,people,World Bank Open Data,https://data.worldbank.org/indicator/SP.POP.TOTL,2026-08-02T04:09:08.531329+00:00
LCA,St. Lucia,2023,Economics,GDP (current US$),2441259259.25926,current US$,World Bank Open Data,https://data.worldbank.org/indicator/NY.GDP.MKTP.CD,2026-08-02T04:09:09.383790+00:00
LCA,St. Lucia,2024,Demographics,Population,179744,people,World Bank Open Data,https://data.worldbank.org/indicator/SP.POP.TOTL,2026-08-02T04:09:08.531329+00:00
LCA,St. Lucia,2024,Economics,GDP (current US$),2605148148.14815,current US$,World Bank Open Data,https://data.worldbank.org/indicator/NY.GDP.MKTP.CD,2026-08-02T04:09:09.383790+00:00
LCA,St. Lucia,2025,Demographics,Population,180149,people,World Bank Open Data,https://data.worldbank.org/indicator/SP.POP.TOTL,2026-08-02T04:09:08.531329+00:00
LCA,St. Lucia,2025,Economics,GDP (current US$),2656444444.44444,current US$,World Bank Open Data,https://data.worldbank.org/indicator/NY.GDP.MKTP.CD,2026-08-02T04:09:09.383790+00:00
LIE,Liechtenstein,2016,Demographics,Population,37716,people,World Bank Open Data,https://data.worldbank.org/indicator/SP.POP.TOTL,2026-08-02T04:09:08.531329+00:00
LIE,Liechtenstein,2016,Economics,GDP (current US$),6237302033.50132,current US$,World Bank Open Data,https://data.worldbank.org/indicator/NY.GDP.MKTP.CD,2026-08-02T04:09:09.383790+00:00
LIE,Liechtenstein,2017,Demographics,Population,37962,people,World Bank Open Data,https://data.worldbank.org/indicator/SP.POP.TOTL,2026-08-02T04:09:08.531329+00:00
LIE,Liechtenstein,2017,Economics,GDP (current US$),6474308717.85289,current US$,World Bank Open Data,https://data.worldbank.org/indicator/NY.GDP.MKTP.CD,2026-08-02T04:09:09.383790+00:00
LIE,Liechtenstein,2018,Demographics,Population,38246,people,World Bank Open Data,https://data.worldbank.org/indicator/SP.POP.TOTL,2026-08-02T04:09:08.531329+00:00
LIE,Liechtenstein,2018,Economics,GDP (current US$),6692620691.84146,current US$,World Bank Open Data,https://data.worldbank.org/indicator/NY.GDP.MKTP.CD,2026-08-02T04:09:09.383790+00:00
LIE,Liechtenstein,2019,Demographics,Population,38563,people,World Bank Open Data,https://data.worldbank.org/indicator/SP.POP.TOTL,2026-08-02T04:09:08.531329+00:00
LIE,Liechtenstein,2019,Economics,GDP (current US$),6436467007.11932,current US$,World Bank Open Data,https://data.worldbank.org/indicator/NY.GDP.MKTP.CD,2026-08-02T04:09:09.383790+00:00
LIE,Liechtenstein,2020,Demographics,Population,38901,people,World Bank Open Data,https://data.worldbank.org/indicator/SP.POP.TOTL,2026-08-02T04:09:08.531329+00:00
LIE,Liechtenstein,2020,Economics,GDP (current US$),6405870210.32293,current US$,World Bank Open Data,https://data.worldbank.org/indicator/NY.GDP.MKTP.CD,2026-08-02T04:09:09.383790+00:00
LIE,Liechtenstein,2021,Demographics,Population,39182,people,World Bank Open Data,https://data.worldbank.org/indicator/SP.POP.TOTL,2026-08-02T04:09:08.531329+00:00
LIE,Liechtenstein,2021,Economics,GDP (current US$),7912602342.18895,current US$,World Bank Open Data,https://data.worldbank.org/indicator/NY.GDP.MKTP.CD,2026-08-02T04:09:09.383790+00:00
LIE,Liechtenstein,2022,Demographics,Population,39493,people,World Bank Open Data,https://data.worldbank.org/indicator/SP.POP.TOTL,2026-08-02T04:09:08.531329+00:00
LIE,Liechtenstein,2022,Economics,GDP (current US$),7426856242.7736,current US$,World Bank Open Data,https://data.worldbank.org/indicator/NY.GDP.MKTP.CD,2026-08-02T04:09:09.383790+00:00
LIE,Liechtenstein,2023,Demographics,Population,39846,people,World Bank Open Data,https://data.worldbank.org/indicator/SP.POP.TOTL,2026-08-02T04:09:08.531329+00:00
LIE,Liechtenstein,2023,Economics,GDP (current US$),8239379403.22096,current US$,World Bank Open Data,https://data.worldbank.org/indicator/NY.GDP.MKTP.CD,2026-08-02T04:09:09.383790+00:00
LIE,Liechtenstein,2024,Demographics,Population,40450,people,World Bank Open Data,https://data.worldbank.org/indicator/SP.POP.TOTL,2026-08-02T04:09:08.531329+00:00
LIE,Liechtenstein,2024,Economics,GDP (current US$),8905764270.4054,current US$,World Bank Open Data,https://data.worldbank.org/indicator/NY.GDP.MKTP.CD,2026-08-02T04:09:09.383790+00:00
LIE,Liechtenstein,2025,Demographics,Population,41024,people,World Bank Open Data,https://data.worldbank.org/indicator/SP.POP.TOTL,2026-08-02T04:09:08.531329+00:00
LKA,Sri Lanka,2016,Demographics,Population,21209000,people,World Bank Open Data,https://data.worldbank.org/indicator/SP.POP.TOTL,2026-08-02T04:09:08.531329+00:00
LKA,Sri Lanka,2016,Economics,GDP (current US$),88000210878.1236,current US$,World Bank Open Data,https://data.worldbank.org/indicator/NY.GDP.MKTP.CD,2026-08-02T04:09:09.383790+00:00
LKA,Sri Lanka,2017,Demographics,Population,21453000,people,World Bank Open Data,https://data.worldbank.org/indicator/SP.POP.TOTL,2026-08-02T04:09:08.531329+00:00
LKA,Sri Lanka,2017,Economics,GDP (current US$),94369350439.4732,current US$,World Bank Open Data,https://data.worldbank.org/indicator/NY.GDP.MKTP.CD,2026-08-02T04:09:09.383790+00:00
LKA,Sri Lanka,2018,Demographics,Population,21670000,people,World Bank Open Data,https://data.worldbank.org/indicator/SP.POP.TOTL,2026-08-02T04:09:08.531329+00:00
LKA,Sri Lanka,2018,Economics,GDP (current US$),94450015982.806,current US$,World Bank Open Data,https://data.worldbank.org/indicator/NY.GDP.MKTP.CD,2026-08-02T04:09:09.383790+00:00
LKA,Sri Lanka,2019,Demographics,Population,21803000,people,World Bank Open Data,https://data.worldbank.org/indicator/SP.POP.TOTL,2026-08-02T04:09:08.531329+00:00
LKA,Sri Lanka,2019,Economics,GDP (current US$),88998706177.9986,current US$,World Bank Open Data,https://data.worldbank.org/indicator/NY.GDP.MKTP.CD,2026-08-02T04:09:09.383790+00:00
LKA,Sri Lanka,2020,Demographics,Population,21919000,people,World Bank Open Data,https://data.worldbank.org/indicator/SP.POP.TOTL,2026-08-02T04:09:08.531329+00:00
LKA,Sri Lanka,2020,Economics,GDP (current US$),84335574372.2997,current US$,World Bank Open Data,https://data.worldbank.org/indicator/NY.GDP.MKTP.CD,2026-08-02T04:09:09.383790+00:00
LKA,Sri Lanka,2021,Demographics,Population,22156000,people,World Bank Open Data,https://data.worldbank.org/indicator/SP.POP.TOTL,2026-08-02T04:09:08.531329+00:00
LKA,Sri Lanka,2021,Economics,GDP (current US$),88556699052.2008,current US$,World Bank Open Data,https://data.worldbank.org/indicator/NY.GDP.MKTP.CD,2026-08-02T04:09:09.383790+00:00
LKA,Sri Lanka,2022,Demographics,Population,22181000,people,World Bank Open Data,https://data.worldbank.org/indicator/SP.POP.TOTL,2026-08-02T04:09:08.531329+00:00
LKA,Sri Lanka,2022,Economics,GDP (current US$),74143020303.663,current US$,World Bank Open Data,https://data.worldbank.org/indicator/NY.GDP.MKTP.CD,2026-08-02T04:09:09.383790+00:00
LKA,Sri Lanka,2023,Demographics,Population,22037000,people,World Bank Open Data,https://data.worldbank.org/indicator/SP.POP.TOTL,2026-08-02T04:09:08.531329+00:00
LKA,Sri Lanka,2023,Economics,GDP (current US$),84080307355.5983,current US$,World Bank Open Data,https://data.worldbank.org/indicator/NY.GDP.MKTP.CD,2026-08-02T04:09:09.383790+00:00
LKA,Sri Lanka,2024,Demographics,Population,21916000,people,World Bank Open Data,https://data.worldbank.org/indicator/SP.POP.TOTL,2026-08-02T04:09:08.531329+00:00
LKA,Sri Lanka,2024,Economics,GDP (current US$),99616111265.7633,current US$,World Bank Open Data,https://data.worldbank.org/indicator/NY.GDP.MKTP.CD,2026-08-02T04:09:09.383790+00:00
LKA,Sri Lanka,2025,Demographics,Population,21756000,people,World Bank Open Data,https://data.worldbank.org/indicator/SP.POP.TOTL,2026-08-02T04:09:08.531329+00:00
LKA,Sri Lanka,2025,Economics,GDP (current US$),108825231671.196,current US$,World Bank Open Data,https://data.worldbank.org/indicator/NY.GDP.MKTP.CD,2026-08-02T04:09:09.383790+00:00
LSO,Lesotho,2016,Demographics,Population,2130422,people,World Bank Open Data,https://data.worldbank.org/indicator/SP.POP.TOTL,2026-08-02T04:09:08.531329+00:00
LSO,Lesotho,2016,Economics,GDP (current US$),2114426452.2019,current US$,World Bank Open Data,https://data.worldbank.org/indicator/NY.GDP.MKTP.CD,2026-08-02T04:09:09.383790+00:00
LSO,Lesotho,2017,Demographics,Population,2157110,people,World Bank Open Data,https://data.worldbank.org/indicator/SP.POP.TOTL,2026-08-02T04:09:08.531329+00:00
LSO,Lesotho,2017,Economics,GDP (current US$),2306741672.29006,current US$,World Bank Open Data,https://data.worldbank.org/indicator/NY.GDP.MKTP.CD,2026-08-02T04:09:09.383790+00:00
LSO,Lesotho,2018,Demographics,Population,2183603,people,World Bank Open Data,https://data.worldbank.org/indicator/SP.POP.TOTL,2026-08-02T04:09:08.531329+00:00
LSO,Lesotho,2018,Economics,GDP (current US$),2556247291.99785,current US$,World Bank Open Data,https://data.worldbank.org/indicator/NY.GDP.MKTP.CD,2026-08-02T04:09:09.383790+00:00
LSO,Lesotho,2019,Demographics,Population,2209405,people,World Bank Open Data,https://data.worldbank.org/indicator/SP.POP.TOTL,2026-08-02T04:09:08.531329+00:00
LSO,Lesotho,2019,Economics,GDP (current US$),2390702295.82777,current US$,World Bank Open Data,https://data.worldbank.org/indicator/NY.GDP.MKTP.CD,2026-08-02T04:09:09.383790+00:00
LSO,Lesotho,2020,Demographics,Population,2235727,people,World Bank Open Data,https://data.worldbank.org/indicator/SP.POP.TOTL,2026-08-02T04:09:08.531329+00:00
LSO,Lesotho,2020,Economics,GDP (current US$),2053699863.99625,current US$,World Bank Open Data,https://data.worldbank.org/indicator/NY.GDP.MKTP.CD,2026-08-02T04:09:09.383790+00:00
LSO,Lesotho,2021,Demographics,Population,2261542,people,World Bank Open Data,https://data.worldbank.org/indicator/SP.POP.TOTL,2026-08-02T04:09:08.531329+00:00
LSO,Lesotho,2021,Economics,GDP (current US$),2412130056.55851,current US$,World Bank Open Data,https://data.worldbank.org/indicator/NY.GDP.MKTP.CD,2026-08-02T04:09:09.383790+00:00
LSO,Lesotho,2022,Demographics,Population,2286110,people,World Bank Open Data,https://data.worldbank.org/indicator/SP.POP.TOTL,2026-08-02T04:09:08.531329+00:00
LSO,Lesotho,2022,Economics,GDP (current US$),2354980960.02697,current US$,World Bank Open Data,https://data.worldbank.org/indicator/NY.GDP.MKTP.CD,2026-08-02T04:09:09.383790+00:00
LSO,Lesotho,2023,Demographics,Population,2311472,people,World Bank Open Data,https://data.worldbank.org/indicator/SP.POP.TOTL,2026-08-02T04:09:08.531329+00:00
LSO,Lesotho,2023,Economics,GDP (current US$),2129871529.52517,current US$,World Bank Open Data,https://data.worldbank.org/indicator/NY.GDP.MKTP.CD,2026-08-02T04:09:09.383790+00:00
LSO,Lesotho,2024,Demographics,Population,2337423,people,World Bank Open Data,https://data.worldbank.org/indicator/SP.POP.TOTL,2026-08-02T04:09:08.531329+00:00
LSO,Lesotho,2024,Economics,GDP (current US$),2391282547.80028,current US$,World Bank Open Data,https://data.worldbank.org/indicator/NY.GDP.MKTP.CD,2026-08-02T04:09:09.383790+00:00
LSO,Lesotho,2025,Demographics,Population,2363325,people,World Bank Open Data,https://data.worldbank.org/indicator/SP.POP.TOTL,2026-08-02T04:09:08.531329+00:00
LSO,Lesotho,2025,Economics,GDP (current US$),2573572920.05159,current US$,World Bank Open Data,https://data.worldbank.org/indicator/NY.GDP.MKTP.CD,2026-08-02T04:09:09.383790+00:00
LTU,Lithuania,2016,Demographics,Population,2877325,people,World Bank Open Data,https://data.worldbank.org/indicator/SP.POP.TOTL,2026-08-02T04:09:08.531329+00:00
LTU,Lithuania,2016,Economics,GDP (current US$),42970749245.0336,current US$,World Bank Open Data,https://data.worldbank.org/indicator/NY.GDP.MKTP.CD,2026-08-02T04:09:09.383790+00:00
LTU,Lithuania,2017,Demographics,Population,2842639,people,World Bank Open Data,https://data.worldbank.org/indicator/SP.POP.TOTL,2026-08-02T04:09:08.531329+00:00
LTU,Lithuania,2017,Economics,GDP (current US$),47756764508.446,current US$,World Bank Open Data,https://data.worldbank.org/indicator/NY.GDP.MKTP.CD,2026-08-02T04:09:09.383790+00:00
LTU,Lithuania,2018,Demographics,Population,2819200,people,World Bank Open Data,https://data.worldbank.org/indicator/SP.POP.TOTL,2026-08-02T04:09:08.531329+00:00
LTU,Lithuania,2018,Economics,GDP (current US$),54261795148.5372,current US$,World Bank Open Data,https://data.worldbank.org/indicator/NY.GDP.MKTP.CD,2026-08-02T04:09:09.383790+00:00
LTU,Lithuania,2019,Demographics,Population,2811089,people,World Bank Open Data,https://data.worldbank.org/indicator/SP.POP.TOTL,2026-08-02T04:09:08.531329+00:00
LTU,Lithuania,2019,Economics,GDP (current US$),55122066225.796,current US$,World Bank Open Data,https://data.worldbank.org/indicator/NY.GDP.MKTP.CD,2026-08-02T04:09:09.383790+00:00
LTU,Lithuania,2020,Demographics,Population,2810369,people,World Bank Open Data,https://data.worldbank.org/indicator/SP.POP.TOTL,2026-08-02T04:09:08.531329+00:00
LTU,Lithuania,2020,Economics,GDP (current US$),57412038533.2718,current US$,World Bank Open Data,https://data.worldbank.org/indicator/NY.GDP.MKTP.CD,2026-08-02T04:09:09.383790+00:00
LTU,Lithuania,2021,Demographics,Population,2808380,people,World Bank Open Data,https://data.worldbank.org/indicator/SP.POP.TOTL,2026-08-02T04:09:08.531329+00:00
LTU,Lithuania,2021,Economics,GDP (current US$),67072165721.2431,current US$,World Bank Open Data,https://data.worldbank.org/indicator/NY.GDP.MKTP.CD,2026-08-02T04:09:09.383790+00:00
LTU,Lithuania,2022,Demographics,Population,2831639,people,World Bank Open Data,https://data.worldbank.org/indicator/SP.POP.TOTL,2026-08-02T04:09:08.531329+00:00
LTU,Lithuania,2022,Economics,GDP (current US$),70639687325.6326,current US$,World Bank Open Data,https://data.worldbank.org/indicator/NY.GDP.MKTP.CD,2026-08-02T04:09:09.383790+00:00
LTU,Lithuania,2023,Demographics,Population,2871585,people,World Bank Open Data,https://data.worldbank.org/indicator/SP.POP.TOTL,2026-08-02T04:09:08.531329+00:00
LTU,Lithuania,2023,Economics,GDP (current US$),80356613554.5602,current US$,World Bank Open Data,https://data.worldbank.org/indicator/NY.GDP.MKTP.CD,2026-08-02T04:09:09.383790+00:00
LTU,Lithuania,2024,Demographics,Population,2888278,people,World Bank Open Data,https://data.worldbank.org/indicator/SP.POP.TOTL,2026-08-02T04:09:08.531329+00:00
LTU,Lithuania,2024,Economics,GDP (current US$),85503938573.5664,current US$,World Bank Open Data,https://data.worldbank.org/indicator/NY.GDP.MKTP.CD,2026-08-02T04:09:09.383790+00:00
LTU,Lithuania,2025,Demographics,Population,2888774,people,World Bank Open Data,https://data.worldbank.org/indicator/SP.POP.TOTL,2026-08-02T04:09:08.531329+00:00
LTU,Lithuania,2025,Economics,GDP (current US$),95210150818.3512,current US$,World Bank Open Data,https://data.worldbank.org/indicator/NY.GDP.MKTP.CD,2026-08-02T04:09:09.383790+00:00
LUX,Luxembourg,2016,Demographics,Population,582014,people,World Bank Open Data,https://data.worldbank.org/indicator/SP.POP.TOTL,2026-08-02T04:09:08.531329+00:00
LUX,Luxembourg,2016,Economics,GDP (current US$),62216885435.9488,current US$,World Bank Open Data,https://data.worldbank.org/indicator/NY.GDP.MKTP.CD,2026-08-02T04:09:09.383790+00:00
LUX,Luxembourg,2017,Demographics,Population,596336,people,World Bank Open Data,https://data.worldbank.org/indicator/SP.POP.TOTL,2026-08-02T04:09:08.531329+00:00
LUX,Luxembourg,2017,Economics,GDP (current US$),65712180342.9836,current US$,World Bank Open Data,https://data.worldbank.org/indicator/NY.GDP.MKTP.CD,2026-08-02T04:09:09.383790+00:00
LUX,Luxembourg,2018,Demographics,Population,607950,people,World Bank Open Data,https://data.worldbank.org/indicator/SP.POP.TOTL,2026-08-02T04:09:08.531329+00:00
LUX,Luxembourg,2018,Economics,GDP (current US$),71085623495.1145,current US$,World Bank Open Data,https://data.worldbank.org/indicator/NY.GDP.MKTP.CD,2026-08-02T04:09:09.383790+00:00
LUX,Luxembourg,2019,Demographics,Population,620001,people,World Bank Open Data,https://data.worldbank.org/indicator/SP.POP.TOTL,2026-08-02T04:09:08.531329+00:00
LUX,Luxembourg,2019,Economics,GDP (current US$),69872035113.6469,current US$,World Bank Open Data,https://data.worldbank.org/indicator/NY.GDP.MKTP.CD,2026-08-02T04:09:09.383790+00:00
LUX,Luxembourg,2020,Demographics,Population,630419,people,World Bank Open Data,https://data.worldbank.org/indicator/SP.POP.TOTL,2026-08-02T04:09:08.531329+00:00
LUX,Luxembourg,2020,Economics,GDP (current US$),73670782100.3909,current US$,World Bank Open Data,https://data.worldbank.org/indicator/NY.GDP.MKTP.CD,2026-08-02T04:09:09.383790+00:00
LUX,Luxembourg,2021,Demographics,Population,640064,people,World Bank Open Data,https://data.worldbank.org/indicator/SP.POP.TOTL,2026-08-02T04:09:08.531329+00:00
LUX,Luxembourg,2021,Economics,GDP (current US$),86386759695.1653,current US$,World Bank Open Data,https://data.worldbank.org/indicator/NY.GDP.MKTP.CD,2026-08-02T04:09:09.383790+00:00
LUX,Luxembourg,2022,Demographics,Population,653103,people,World Bank Open Data,https://data.worldbank.org/indicator/SP.POP.TOTL,2026-08-02T04:09:08.531329+00:00
LUX,Luxembourg,2022,Economics,GDP (current US$),80801680397.0139,current US$,World Bank Open Data,https://data.worldbank.org/indicator/NY.GDP.MKTP.CD,2026-08-02T04:09:09.383790+00:00
LUX,Luxembourg,2023,Demographics,Population,666430,people,World Bank Open Data,https://data.worldbank.org/indicator/SP.POP.TOTL,2026-08-02T04:09:08.531329+00:00
LUX,Luxembourg,2023,Economics,GDP (current US$),88788881539.3937,current US$,World Bank Open Data,https://data.worldbank.org/indicator/NY.GDP.MKTP.CD,2026-08-02T04:09:09.383790+00:00
LUX,Luxembourg,2024,Demographics,Population,677012,people,World Bank Open Data,https://data.worldbank.org/indicator/SP.POP.TOTL,2026-08-02T04:09:08.531329+00:00
LUX,Luxembourg,2024,Economics,GDP (current US$),93279851863.4062,current US$,World Bank Open Data,https://data.worldbank.org/indicator/NY.GDP.MKTP.CD,2026-08-02T04:09:09.383790+00:00
LUX,Luxembourg,2025,Demographics,Population,686970,people,World Bank Open Data,https://data.worldbank.org/indicator/SP.POP.TOTL,2026-08-02T04:09:08.531329+00:00
LUX,Luxembourg,2025,Economics,GDP (current US$),101157829491.107,current US$,World Bank Open Data,https://data.worldbank.org/indicator/NY.GDP.MKTP.CD,2026-08-02T04:09:09.383790+00:00
LVA,Latvia,2016,Demographics,Population,1959537,people,World Bank Open Data,https://data.worldbank.org/indicator/SP.POP.TOTL,2026-08-02T04:09:08.531329+00:00
LVA,Latvia,2016,Economics,GDP (current US$),27117105059.5075,current US$,World Bank Open Data,https://data.worldbank.org/indicator/NY.GDP.MKTP.CD,2026-08-02T04:09:09.383790+00:00
LVA,Latvia,2017,Demographics,Population,1942248,people,World Bank Open Data,https://data.worldbank.org/indicator/SP.POP.TOTL,2026-08-02T04:09:08.531329+00:00
LVA,Latvia,2017,Economics,GDP (current US$),29391059767.4259,current US$,World Bank Open Data,https://data.worldbank.org/indicator/NY.GDP.MKTP.CD,2026-08-02T04:09:09.383790+00:00
LVA,Latvia,2018,Demographics,Population,1927174,people,World Bank Open Data,https://data.worldbank.org/indicator/SP.POP.TOTL,2026-08-02T04:09:08.531329+00:00
LVA,Latvia,2018,Economics,GDP (current US$),33247935477.3576,current US$,World Bank Open Data,https://data.worldbank.org/indicator/NY.GDP.MKTP.CD,2026-08-02T04:09:09.383790+00:00
LVA,Latvia,2019,Demographics,Population,1913822,people,World Bank Open Data,https://data.worldbank.org/indicator/SP.POP.TOTL,2026-08-02T04:09:08.531329+00:00
LVA,Latvia,2019,Economics,GDP (current US$),33099503950.847,current US$,World Bank Open Data,https://data.worldbank.org/indicator/NY.GDP.MKTP.CD,2026-08-02T04:09:09.383790+00:00
LVA,Latvia,2020,Demographics,Population,1900449,people,World Bank Open Data,https://data.worldbank.org/indicator/SP.POP.TOTL,2026-08-02T04:09:08.531329+00:00
LVA,Latvia,2020,Economics,GDP (current US$),33379927434.6149,current US$,World Bank Open Data,https://data.worldbank.org/indicator/NY.GDP.MKTP.CD,2026-08-02T04:09:09.383790+00:00
LVA,Latvia,2021,Demographics,Population,1884490,people,World Bank Open Data,https://data.worldbank.org/indicator/SP.POP.TOTL,2026-08-02T04:09:08.531329+00:00
LVA,Latvia,2021,Economics,GDP (current US$),38183326784.9335,current US$,World Bank Open Data,https://data.worldbank.org/indicator/NY.GDP.MKTP.CD,2026-08-02T04:09:09.383790+00:00
LVA,Latvia,2022,Demographics,Population,1879383,people,World Bank Open Data,https://data.worldbank.org/indicator/SP.POP.TOTL,2026-08-02T04:09:08.531329+00:00
LVA,Latvia,2022,Economics,GDP (current US$),38003198508.9107,current US$,World Bank Open Data,https://data.worldbank.org/indicator/NY.GDP.MKTP.CD,2026-08-02T04:09:09.383790+00:00
LVA,Latvia,2023,Demographics,Population,1883710,people,World Bank Open Data,https://data.worldbank.org/indicator/SP.POP.TOTL,2026-08-02T04:09:08.531329+00:00
LVA,Latvia,2023,Economics,GDP (current US$),42779550936.838,current US$,World Bank Open Data,https://data.worldbank.org/indicator/NY.GDP.MKTP.CD,2026-08-02T04:09:09.383790+00:00
LVA,Latvia,2024,Demographics,Population,1866124,people,World Bank Open Data,https://data.worldbank.org/indicator/SP.POP.TOTL,2026-08-02T04:09:08.531329+00:00
LVA,Latvia,2024,Economics,GDP (current US$),44001275012.6141,current US$,World Bank Open Data,https://data.worldbank.org/indicator/NY.GDP.MKTP.CD,2026-08-02T04:09:09.383790+00:00
LVA,Latvia,2025,Demographics,Population,1847785,people,World Bank Open Data,https://data.worldbank.org/indicator/SP.POP.TOTL,2026-08-02T04:09:08.531329+00:00
LVA,Latvia,2025,Economics,GDP (current US$),48618869160.3254,current US$,World Bank Open Data,https://data.worldbank.org/indicator/NY.GDP.MKTP.CD,2026-08-02T04:09:09.383790+00:00
MAC,"Macao SAR, China",2016,Demographics,Population,652500,people,World Bank Open Data,https://data.worldbank.org/indicator/SP.POP.TOTL,2026-08-02T04:09:08.531329+00:00
MAC,"Macao SAR, China",2016,Economics,GDP (current US$),44964868323.7558,current US$,World Bank Open Data,https://data.worldbank.org/indicator/NY.GDP.MKTP.CD,2026-08-02T04:09:09.383790+00:00
MAC,"Macao SAR, China",2017,Demographics,Population,648400,people,World Bank Open Data,https://data.worldbank.org/indicator/SP.POP.TOTL,2026-08-02T04:09:08.531329+00:00
MAC,"Macao SAR, China",2017,Economics,GDP (current US$),50297028370.6668,current US$,World Bank Open Data,https://data.worldbank.org/indicator/NY.GDP.MKTP.CD,2026-08-02T04:09:09.383790+00:00
MAC,"Macao SAR, China",2018,Demographics,Population,658900,people,World Bank Open Data,https://data.worldbank.org/indicator/SP.POP.TOTL,2026-08-02T04:09:08.531329+00:00
MAC,"Macao SAR, China",2018,Economics,GDP (current US$),55076322634.344,current US$,World Bank Open Data,https://data.worldbank.org/indicator/NY.GDP.MKTP.CD,2026-08-02T04:09:09.383790+00:00
MAC,"Macao SAR, China",2019,Demographics,Population,672000,people,World Bank Open Data,https://data.worldbank.org/indicator/SP.POP.TOTL,2026-08-02T04:09:08.531329+00:00
MAC,"Macao SAR, China",2019,Economics,GDP (current US$),55025172016.004,current US$,World Bank Open Data,https://data.worldbank.org/indicator/NY.GDP.MKTP.CD,2026-08-02T04:09:09.383790+00:00
MAC,"Macao SAR, China",2020,Demographics,Population,685400,people,World Bank Open Data,https://data.worldbank.org/indicator/SP.POP.TOTL,2026-08-02T04:09:08.531329+00:00
MAC,"Macao SAR, China",2020,Economics,GDP (current US$),25280064167.7333,current US$,World Bank Open Data,https://data.worldbank.org/indicator/NY.GDP.MKTP.CD,2026-08-02T04:09:09.383790+00:00
MAC,"Macao SAR, China",2021,Demographics,Population,682500,people,World Bank Open Data,https://data.worldbank.org/indicator/SP.POP.TOTL,2026-08-02T04:09:08.531329+00:00
MAC,"Macao SAR, China",2021,Economics,GDP (current US$),30633941629.3633,current US$,World Bank Open Data,https://data.worldbank.org/indicator/NY.GDP.MKTP.CD,2026-08-02T04:09:09.383790+00:00
MAC,"Macao SAR, China",2022,Demographics,Population,677300,people,World Bank Open Data,https://data.worldbank.org/indicator/SP.POP.TOTL,2026-08-02T04:09:08.531329+00:00
MAC,"Macao SAR, China",2022,Economics,GDP (current US$),24929307447.3237,current US$,World Bank Open Data,https://data.worldbank.org/indicator/NY.GDP.MKTP.CD,2026-08-02T04:09:09.383790+00:00
MAC,"Macao SAR, China",2023,Demographics,Population,678800,people,World Bank Open Data,https://data.worldbank.org/indicator/SP.POP.TOTL,2026-08-02T04:09:08.531329+00:00
MAC,"Macao SAR, China",2023,Economics,GDP (current US$),45626467279.891,current US$,World Bank Open Data,https://data.worldbank.org/indicator/NY.GDP.MKTP.CD,2026-08-02T04:09:09.383790+00:00
MAC,"Macao SAR, China",2024,Demographics,Population,687000,people,World Bank Open Data,https://data.worldbank.org/indicator/SP.POP.TOTL,2026-08-02T04:09:08.531329+00:00
MAC,"Macao SAR, China",2024,Economics,GDP (current US$),49467258923.3244,current US$,World Bank Open Data,https://data.worldbank.org/indicator/NY.GDP.MKTP.CD,2026-08-02T04:09:09.383790+00:00
MAC,"Macao SAR, China",2025,Demographics,Population,685900,people,World Bank Open Data,https://data.worldbank.org/indicator/SP.POP.TOTL,2026-08-02T04:09:08.531329+00:00
MAC,"Macao SAR, China",2025,Economics,GDP (current US$),52061007670.169,current US$,World Bank Open Data,https://data.worldbank.org/indicator/NY.GDP.MKTP.CD,2026-08-02T04:09:09.383790+00:00
MAF,St. Martin (French part),2016,Demographics,Population,37175,people,World Bank Open Data,https://data.worldbank.org/indicator/SP.POP.TOTL,2026-08-02T04:09:08.531329+00:00
MAF,St. Martin (French part),2017,Demographics,Population,36837,people,World Bank Open Data,https://data.worldbank.org/indicator/SP.POP.TOTL,2026-08-02T04:09:08.531329+00:00
MAF,St. Martin (French part),2018,Demographics,Population,36012,people,World Bank Open Data,https://data.worldbank.org/indicator/SP.POP.TOTL,2026-08-02T04:09:08.531329+00:00
MAF,St. Martin (French part),2019,Demographics,Population,34267,people,World Bank Open Data,https://data.worldbank.org/indicator/SP.POP.TOTL,2026-08-02T04:09:08.531329+00:00
MAF,St. Martin (French part),2019,Economics,GDP (current US$),652206037.103874,current US$,World Bank Open Data,https://data.worldbank.org/indicator/NY.GDP.MKTP.CD,2026-08-02T04:09:09.383790+00:00
MAF,St. Martin (French part),2020,Demographics,Population,31786,people,World Bank Open Data,https://data.worldbank.org/indicator/SP.POP.TOTL,2026-08-02T04:09:08.531329+00:00
MAF,St. Martin (French part),2021,Demographics,Population,29961,people,World Bank Open Data,https://data.worldbank.org/indicator/SP.POP.TOTL,2026-08-02T04:09:08.531329+00:00
MAF,St. Martin (French part),2021,Economics,GDP (current US$),649206262.847519,current US$,World Bank Open Data,https://data.worldbank.org/indicator/NY.GDP.MKTP.CD,2026-08-02T04:09:09.383790+00:00
MAF,St. Martin (French part),2022,Demographics,Population,28870,people,World Bank Open Data,https://data.worldbank.org/indicator/SP.POP.TOTL,2026-08-02T04:09:08.531329+00:00
MAF,St. Martin (French part),2023,Demographics,Population,27515,people,World Bank Open Data,https://data.worldbank.org/indicator/SP.POP.TOTL,2026-08-02T04:09:08.531329+00:00
MAF,St. Martin (French part),2024,Demographics,Population,26129,people,World Bank Open Data,https://data.worldbank.org/indicator/SP.POP.TOTL,2026-08-02T04:09:08.531329+00:00
MAF,St. Martin (French part),2025,Demographics,Population,24941,people,World Bank Open Data,https://data.worldbank.org/indicator/SP.POP.TOTL,2026-08-02T04:09:08.531329+00:00
MAR,Morocco,2016,Demographics,Population,35023457,people,World Bank Open Data,https://data.worldbank.org/indicator/SP.POP.TOTL,2026-08-02T04:09:08.531329+00:00
MAR,Morocco,2016,Economics,GDP (current US$),111572947004.917,current US$,World Bank Open Data,https://data.worldbank.org/indicator/NY.GDP.MKTP.CD,2026-08-02T04:09:09.383790+00:00
MAR,Morocco,2017,Demographics,Population,35446392,people,World Bank Open Data,https://data.worldbank.org/indicator/SP.POP.TOTL,2026-08-02T04:09:08.531329+00:00
MAR,Morocco,2017,Economics,GDP (current US$),118540573367.844,current US$,World Bank Open Data,https://data.worldbank.org/indicator/NY.GDP.MKTP.CD,2026-08-02T04:09:09.383790+00:00
MAR,Morocco,2018,Demographics,Population,35839760,people,World Bank Open Data,https://data.worldbank.org/indicator/SP.POP.TOTL,2026-08-02T04:09:08.531329+00:00
MAR,Morocco,2018,Economics,GDP (current US$),127341147581.818,current US$,World Bank Open Data,https://data.worldbank.org/indicator/NY.GDP.MKTP.CD,2026-08-02T04:09:09.383790+00:00
MAR,Morocco,2019,Demographics,Population,36210898,people,World Bank Open Data,https://data.worldbank.org/indicator/SP.POP.TOTL,2026-08-02T04:09:08.531329+00:00
MAR,Morocco,2019,Economics,GDP (current US$),128920266409.458,current US$,World Bank Open Data,https://data.worldbank.org/indicator/NY.GDP.MKTP.CD,2026-08-02T04:09:09.383790+00:00
MAR,Morocco,2020,Demographics,Population,36584208,people,World Bank Open Data,https://data.worldbank.org/indicator/SP.POP.TOTL,2026-08-02T04:09:08.531329+00:00
MAR,Morocco,2020,Economics,GDP (current US$),121353645057.144,current US$,World Bank Open Data,https://data.worldbank.org/indicator/NY.GDP.MKTP.CD,2026-08-02T04:09:09.383790+00:00
MAR,Morocco,2020,Indicator,Mean 2 m air temperature,19.311666666666664,degC,NASA POWER,"https://power.larc.nasa.gov/api/temporal/monthly/point?parameters=T2M,PRECTOTCORR&community=AG&longitude=-6.8704&latitude=33.9905&format=JSON&start=2020&end=2024",2026-08-02T04:11:34.840767+00:00
MAR,Morocco,2020,Indicator,Mean corrected precipitation,1.8083333333333333,mm/day,NASA POWER,"https://power.larc.nasa.gov/api/temporal/monthly/point?parameters=T2M,PRECTOTCORR&community=AG&longitude=-6.8704&latitude=33.9905&format=JSON&start=2020&end=2024",2026-08-02T04:11:34.840767+00:00
MAR,Morocco,2021,Demographics,Population,36954442,people,World Bank Open Data,https://data.worldbank.org/indicator/SP.POP.TOTL,2026-08-02T04:09:08.531329+00:00
MAR,Morocco,2021,Economics,GDP (current US$),142022058447.231,current US$,World Bank Open Data,https://data.worldbank.org/indicator/NY.GDP.MKTP.CD,2026-08-02T04:09:09.383790+00:00
MAR,Morocco,2021,Indicator,Mean 2 m air temperature,18.826666666666664,degC,NASA POWER,"https://power.larc.nasa.gov/api/temporal/monthly/point?parameters=T2M,PRECTOTCORR&community=AG&longitude=-6.8704&latitude=33.9905&format=JSON&start=2020&end=2024",2026-08-02T04:11:34.840767+00:00
MAR,Morocco,2021,Indicator,Mean corrected precipitation,1.1900000000000002,mm/day,NASA POWER,"https://power.larc.nasa.gov/api/temporal/monthly/point?parameters=T2M,PRECTOTCORR&community=AG&longitude=-6.8704&latitude=33.9905&format=JSON&start=2020&end=2024",2026-08-02T04:11:34.840767+00:00
MAR,Morocco,2022,Demographics,Population,37329064,people,World Bank Open Data,https://data.worldbank.org/indicator/SP.POP.TOTL,2026-08-02T04:09:08.531329+00:00
MAR,Morocco,2022,Economics,GDP (current US$),131245312804.483,current US$,World Bank Open Data,https://data.worldbank.org/indicator/NY.GDP.MKTP.CD,2026-08-02T04:09:09.383790+00:00
MAR,Morocco,2022,Indicator,Mean 2 m air temperature,19.93916666666667,degC,NASA POWER,"https://power.larc.nasa.gov/api/temporal/monthly/point?parameters=T2M,PRECTOTCORR&community=AG&longitude=-6.8704&latitude=33.9905&format=JSON&start=2020&end=2024",2026-08-02T04:11:34.840767+00:00
MAR,Morocco,2022,Indicator,Mean corrected precipitation,0.7491666666666666,mm/day,NASA POWER,"https://power.larc.nasa.gov/api/temporal/monthly/point?parameters=T2M,PRECTOTCORR&community=AG&longitude=-6.8704&latitude=33.9905&format=JSON&start=2020&end=2024",2026-08-02T04:11:34.840767+00:00
MAR,Morocco,2023,Demographics,Population,37712505,people,World Bank Open Data,https://data.worldbank.org/indicator/SP.POP.TOTL,2026-08-02T04:09:08.531329+00:00
MAR,Morocco,2023,Economics,GDP (current US$),146036093666.762,current US$,World Bank Open Data,https://data.worldbank.org/indicator/NY.GDP.MKTP.CD,2026-08-02T04:09:09.383790+00:00
MAR,Morocco,2023,Indicator,Mean 2 m air temperature,20.128333333333334,degC,NASA POWER,"https://power.larc.nasa.gov/api/temporal/monthly/point?parameters=T2M,PRECTOTCORR&community=AG&longitude=-6.8704&latitude=33.9905&format=JSON&start=2020&end=2024",2026-08-02T04:11:34.840767+00:00
MAR,Morocco,2023,Indicator,Mean corrected precipitation,0.5741666666666667,mm/day,NASA POWER,"https://power.larc.nasa.gov/api/temporal/monthly/point?parameters=T2M,PRECTOTCORR&community=AG&longitude=-6.8704&latitude=33.9905&format=JSON&start=2020&end=2024",2026-08-02T04:11:34.840767+00:00
MAR,Morocco,2024,Demographics,Population,38081173,people,World Bank Open Data,https://data.worldbank.org/indicator/SP.POP.TOTL,2026-08-02T04:09:08.531329+00:00
MAR,Morocco,2024,Economics,GDP (current US$),160610994054.734,current US$,World Bank Open Data,https://data.worldbank.org/indicator/NY.GDP.MKTP.CD,2026-08-02T04:09:09.383790+00:00
MAR,Morocco,2024,Indicator,Mean 2 m air temperature,19.88,degC,NASA POWER,"https://power.larc.nasa.gov/api/temporal/monthly/point?parameters=T2M,PRECTOTCORR&community=AG&longitude=-6.8704&latitude=33.9905&format=JSON&start=2020&end=2024",2026-08-02T04:11:34.840767+00:00
MAR,Morocco,2024,Indicator,Mean corrected precipitation,0.7591666666666667,mm/day,NASA POWER,"https://power.larc.nasa.gov/api/temporal/monthly/point?parameters=T2M,PRECTOTCORR&community=AG&longitude=-6.8704&latitude=33.9905&format=JSON&start=2020&end=2024",2026-08-02T04:11:34.840767+00:00
MAR,Morocco,2025,Demographics,Population,38430770,people,World Bank Open Data,https://data.worldbank.org/indicator/SP.POP.TOTL,2026-08-02T04:09:08.531329+00:00
MAR,Morocco,2025,Economics,GDP (current US$),182374250612.28,current US$,World Bank Open Data,https://data.worldbank.org/indicator/NY.GDP.MKTP.CD,2026-08-02T04:09:09.383790+00:00
MCO,Monaco,2016,Demographics,Population,37276,people,World Bank Open Data,https://data.worldbank.org/indicator/SP.POP.TOTL,2026-08-02T04:09:08.531329+00:00
MCO,Monaco,2016,Economics,GDP (current US$),6471287668.59924,current US$,World Bank Open Data,https://data.worldbank.org/indicator/NY.GDP.MKTP.CD,2026-08-02T04:09:09.383790+00:00
MCO,Monaco,2017,Demographics,Population,37678,people,World Bank Open Data,https://data.worldbank.org/indicator/SP.POP.TOTL,2026-08-02T04:09:08.531329+00:00
MCO,Monaco,2017,Economics,GDP (current US$),6430258224.58825,current US$,World Bank Open Data,https://data.worldbank.org/indicator/NY.GDP.MKTP.CD,2026-08-02T04:09:09.383790+00:00
MCO,Monaco,2018,Demographics,Population,38154,people,World Bank Open Data,https://data.worldbank.org/indicator/SP.POP.TOTL,2026-08-02T04:09:08.531329+00:00
MCO,Monaco,2018,Economics,GDP (current US$),7184336760.39215,current US$,World Bank Open Data,https://data.worldbank.org/indicator/NY.GDP.MKTP.CD,2026-08-02T04:09:09.383790+00:00
MCO,Monaco,2019,Demographics,Population,38109,people,World Bank Open Data,https://data.worldbank.org/indicator/SP.POP.TOTL,2026-08-02T04:09:08.531329+00:00
MCO,Monaco,2019,Economics,GDP (current US$),7383494129.41175,current US$,World Bank Open Data,https://data.worldbank.org/indicator/NY.GDP.MKTP.CD,2026-08-02T04:09:09.383790+00:00
MCO,Monaco,2020,Demographics,Population,38050,people,World Bank Open Data,https://data.worldbank.org/indicator/SP.POP.TOTL,2026-08-02T04:09:08.531329+00:00
MCO,Monaco,2020,Economics,GDP (current US$),6730733230.81714,current US$,World Bank Open Data,https://data.worldbank.org/indicator/NY.GDP.MKTP.CD,2026-08-02T04:09:09.383790+00:00
MCO,Monaco,2021,Demographics,Population,38527,people,World Bank Open Data,https://data.worldbank.org/indicator/SP.POP.TOTL,2026-08-02T04:09:08.531329+00:00
MCO,Monaco,2021,Economics,GDP (current US$),8623241326.74405,current US$,World Bank Open Data,https://data.worldbank.org/indicator/NY.GDP.MKTP.CD,2026-08-02T04:09:09.383790+00:00
MCO,Monaco,2022,Demographics,Population,38931,people,World Bank Open Data,https://data.worldbank.org/indicator/SP.POP.TOTL,2026-08-02T04:09:08.531329+00:00
MCO,Monaco,2022,Economics,GDP (current US$),8800432773.73544,current US$,World Bank Open Data,https://data.worldbank.org/indicator/NY.GDP.MKTP.CD,2026-08-02T04:09:09.383790+00:00
MCO,Monaco,2023,Demographics,Population,38956,people,World Bank Open Data,https://data.worldbank.org/indicator/SP.POP.TOTL,2026-08-02T04:09:08.531329+00:00
MCO,Monaco,2023,Economics,GDP (current US$),10003897341.1766,current US$,World Bank Open Data,https://data.worldbank.org/indicator/NY.GDP.MKTP.CD,2026-08-02T04:09:09.383790+00:00
MCO,Monaco,2024,Demographics,Population,38631,people,World Bank Open Data,https://data.worldbank.org/indicator/SP.POP.TOTL,2026-08-02T04:09:08.531329+00:00
MCO,Monaco,2024,Economics,GDP (current US$),11125788838.2812,current US$,World Bank Open Data,https://data.worldbank.org/indicator/NY.GDP.MKTP.CD,2026-08-02T04:09:09.383790+00:00
MCO,Monaco,2025,Demographics,Population,38341,people,World Bank Open Data,https://data.worldbank.org/indicator/SP.POP.TOTL,2026-08-02T04:09:08.531329+00:00
MDA,Moldova,2016,Demographics,Population,2803186,people,World Bank Open Data,https://data.worldbank.org/indicator/SP.POP.TOTL,2026-08-02T04:09:08.531329+00:00
MDA,Moldova,2016,Economics,GDP (current US$),7980917075.7748,current US$,World Bank Open Data,https://data.worldbank.org/indicator/NY.GDP.MKTP.CD,2026-08-02T04:09:09.383790+00:00
MDA,Moldova,2017,Demographics,Population,2755189,people,World Bank Open Data,https://data.worldbank.org/indicator/SP.POP.TOTL,2026-08-02T04:09:08.531329+00:00
MDA,Moldova,2017,Economics,GDP (current US$),9514404016.20949,current US$,World Bank Open Data,https://data.worldbank.org/indicator/NY.GDP.MKTP.CD,2026-08-02T04:09:09.383790+00:00
MDA,Moldova,2018,Demographics,Population,2707203,people,World Bank Open Data,https://data.worldbank.org/indicator/SP.POP.TOTL,2026-08-02T04:09:08.531329+00:00
MDA,Moldova,2018,Economics,GDP (current US$),11252353420.8798,current US$,World Bank Open Data,https://data.worldbank.org/indicator/NY.GDP.MKTP.CD,2026-08-02T04:09:09.383790+00:00
MDA,Moldova,2019,Demographics,Population,2664224,people,World Bank Open Data,https://data.worldbank.org/indicator/SP.POP.TOTL,2026-08-02T04:09:08.531329+00:00
MDA,Moldova,2019,Economics,GDP (current US$),11736797054.6965,current US$,World Bank Open Data,https://data.worldbank.org/indicator/NY.GDP.MKTP.CD,2026-08-02T04:09:09.383790+00:00
MDA,Moldova,2020,Demographics,Population,2635130,people,World Bank Open Data,https://data.worldbank.org/indicator/SP.POP.TOTL,2026-08-02T04:09:08.531329+00:00
MDA,Moldova,2020,Economics,GDP (current US$),11530746234.4492,current US$,World Bank Open Data,https://data.worldbank.org/indicator/NY.GDP.MKTP.CD,2026-08-02T04:09:09.383790+00:00
MDA,Moldova,2021,Demographics,Population,2595809,people,World Bank Open Data,https://data.worldbank.org/indicator/SP.POP.TOTL,2026-08-02T04:09:08.531329+00:00
MDA,Moldova,2021,Economics,GDP (current US$),13691869264.0794,current US$,World Bank Open Data,https://data.worldbank.org/indicator/NY.GDP.MKTP.CD,2026-08-02T04:09:09.383790+00:00
MDA,Moldova,2022,Demographics,Population,2528654,people,World Bank Open Data,https://data.worldbank.org/indicator/SP.POP.TOTL,2026-08-02T04:09:08.531329+00:00
MDA,Moldova,2022,Economics,GDP (current US$),14525337523.7271,current US$,World Bank Open Data,https://data.worldbank.org/indicator/NY.GDP.MKTP.CD,2026-08-02T04:09:09.383790+00:00
MDA,Moldova,2023,Demographics,Population,2457783,people,World Bank Open Data,https://data.worldbank.org/indicator/SP.POP.TOTL,2026-08-02T04:09:08.531329+00:00
MDA,Moldova,2023,Economics,GDP (current US$),16711906746.2133,current US$,World Bank Open Data,https://data.worldbank.org/indicator/NY.GDP.MKTP.CD,2026-08-02T04:09:09.383790+00:00
MDA,Moldova,2024,Demographics,Population,2402306,people,World Bank Open Data,https://data.worldbank.org/indicator/SP.POP.TOTL,2026-08-02T04:09:08.531329+00:00
MDA,Moldova,2024,Economics,GDP (current US$),18206842140.7615,current US$,World Bank Open Data,https://data.worldbank.org/indicator/NY.GDP.MKTP.CD,2026-08-02T04:09:09.383790+00:00
MDA,Moldova,2025,Demographics,Population,2360527,people,World Bank Open Data,https://data.worldbank.org/indicator/SP.POP.TOTL,2026-08-02T04:09:08.531329+00:00
MDA,Moldova,2025,Economics,GDP (current US$),20351796275.2943,current US$,World Bank Open Data,https://data.worldbank.org/indicator/NY.GDP.MKTP.CD,2026-08-02T04:09:09.383790+00:00
MDG,Madagascar,2016,Demographics,Population,26099952,people,World Bank Open Data,https://data.worldbank.org/indicator/SP.POP.TOTL,2026-08-02T04:09:08.531329+00:00
MDG,Madagascar,2016,Economics,GDP (current US$),11848613858.442,current US$,World Bank Open Data,https://data.worldbank.org/indicator/NY.GDP.MKTP.CD,2026-08-02T04:09:09.383790+00:00
MDG,Madagascar,2017,Demographics,Population,26788375,people,World Bank Open Data,https://data.worldbank.org/indicator/SP.POP.TOTL,2026-08-02T04:09:08.531329+00:00
MDG,Madagascar,2017,Economics,GDP (current US$),13176313593.5509,current US$,World Bank Open Data,https://data.worldbank.org/indicator/NY.GDP.MKTP.CD,2026-08-02T04:09:09.383790+00:00
MDG,Madagascar,2018,Demographics,Population,27494926,people,World Bank Open Data,https://data.worldbank.org/indicator/SP.POP.TOTL,2026-08-02T04:09:08.531329+00:00
MDG,Madagascar,2018,Economics,GDP (current US$),13760033282.2925,current US$,World Bank Open Data,https://data.worldbank.org/indicator/NY.GDP.MKTP.CD,2026-08-02T04:09:09.383790+00:00
MDG,Madagascar,2019,Demographics,Population,28219554,people,World Bank Open Data,https://data.worldbank.org/indicator/SP.POP.TOTL,2026-08-02T04:09:08.531329+00:00
MDG,Madagascar,2019,Economics,GDP (current US$),14104664678.5063,current US$,World Bank Open Data,https://data.worldbank.org/indicator/NY.GDP.MKTP.CD,2026-08-02T04:09:09.383790+00:00
MDG,Madagascar,2020,Demographics,Population,28953556,people,World Bank Open Data,https://data.worldbank.org/indicator/SP.POP.TOTL,2026-08-02T04:09:08.531329+00:00
MDG,Madagascar,2020,Economics,GDP (current US$),13051441204.053,current US$,World Bank Open Data,https://data.worldbank.org/indicator/NY.GDP.MKTP.CD,2026-08-02T04:09:09.383790+00:00
MDG,Madagascar,2021,Demographics,Population,29691083,people,World Bank Open Data,https://data.worldbank.org/indicator/SP.POP.TOTL,2026-08-02T04:09:08.531329+00:00
MDG,Madagascar,2021,Economics,GDP (current US$),14354731964.3258,current US$,World Bank Open Data,https://data.worldbank.org/indicator/NY.GDP.MKTP.CD,2026-08-02T04:09:09.383790+00:00
MDG,Madagascar,2022,Demographics,Population,30437261,people,World Bank Open Data,https://data.worldbank.org/indicator/SP.POP.TOTL,2026-08-02T04:09:08.531329+00:00
MDG,Madagascar,2022,Economics,GDP (current US$),15342178598.2475,current US$,World Bank Open Data,https://data.worldbank.org/indicator/NY.GDP.MKTP.CD,2026-08-02T04:09:09.383790+00:00
MDG,Madagascar,2023,Demographics,Population,31195932,people,World Bank Open Data,https://data.worldbank.org/indicator/SP.POP.TOTL,2026-08-02T04:09:08.531329+00:00
MDG,Madagascar,2023,Economics,GDP (current US$),16036707975.7567,current US$,World Bank Open Data,https://data.worldbank.org/indicator/NY.GDP.MKTP.CD,2026-08-02T04:09:09.383790+00:00
MDG,Madagascar,2024,Demographics,Population,31964956,people,World Bank Open Data,https://data.worldbank.org/indicator/SP.POP.TOTL,2026-08-02T04:09:08.531329+00:00
MDG,Madagascar,2024,Economics,GDP (current US$),17592832696.1336,current US$,World Bank Open Data,https://data.worldbank.org/indicator/NY.GDP.MKTP.CD,2026-08-02T04:09:09.383790+00:00
MDG,Madagascar,2025,Demographics,Population,32740678,people,World Bank Open Data,https://data.worldbank.org/indicator/SP.POP.TOTL,2026-08-02T04:09:08.531329+00:00
MDG,Madagascar,2025,Economics,GDP (current US$),19620352035.7899,current US$,World Bank Open Data,https://data.worldbank.org/indicator/NY.GDP.MKTP.CD,2026-08-02T04:09:09.383790+00:00
MDV,Maldives,2016,Demographics,Population,443308,people,World Bank Open Data,https://data.worldbank.org/indicator/SP.POP.TOTL,2026-08-02T04:09:08.531329+00:00
MDV,Maldives,2016,Economics,GDP (current US$),4409942623.85538,current US$,World Bank Open Data,https://data.worldbank.org/indicator/NY.GDP.MKTP.CD,2026-08-02T04:09:09.383790+00:00
MDV,Maldives,2017,Demographics,Population,458287,people,World Bank Open Data,https://data.worldbank.org/indicator/SP.POP.TOTL,2026-08-02T04:09:08.531329+00:00
MDV,Maldives,2017,Economics,GDP (current US$),4816426256.52914,current US$,World Bank Open Data,https://data.worldbank.org/indicator/NY.GDP.MKTP.CD,2026-08-02T04:09:09.383790+00:00
MDV,Maldives,2018,Demographics,Population,473099,people,World Bank Open Data,https://data.worldbank.org/indicator/SP.POP.TOTL,2026-08-02T04:09:08.531329+00:00
MDV,Maldives,2018,Economics,GDP (current US$),5404344162.69888,current US$,World Bank Open Data,https://data.worldbank.org/indicator/NY.GDP.MKTP.CD,2026-08-02T04:09:09.383790+00:00
MDV,Maldives,2019,Demographics,Population,487731,people,World Bank Open Data,https://data.worldbank.org/indicator/SP.POP.TOTL,2026-08-02T04:09:08.531329+00:00
MDV,Maldives,2019,Economics,GDP (current US$),5726094799.37709,current US$,World Bank Open Data,https://data.worldbank.org/indicator/NY.GDP.MKTP.CD,2026-08-02T04:09:09.383790+00:00
MDV,Maldives,2020,Demographics,Population,502118,people,World Bank Open Data,https://data.worldbank.org/indicator/SP.POP.TOTL,2026-08-02T04:09:08.531329+00:00
MDV,Maldives,2020,Economics,GDP (current US$),3712604583.36665,current US$,World Bank Open Data,https://data.worldbank.org/indicator/NY.GDP.MKTP.CD,2026-08-02T04:09:09.383790+00:00
MDV,Maldives,2021,Demographics,Population,516154,people,World Bank Open Data,https://data.worldbank.org/indicator/SP.POP.TOTL,2026-08-02T04:09:08.531329+00:00
MDV,Maldives,2021,Economics,GDP (current US$),5252457369.55218,current US$,World Bank Open Data,https://data.worldbank.org/indicator/NY.GDP.MKTP.CD,2026-08-02T04:09:09.383790+00:00
MDV,Maldives,2022,Demographics,Population,524106,people,World Bank Open Data,https://data.worldbank.org/indicator/SP.POP.TOTL,2026-08-02T04:09:08.531329+00:00
MDV,Maldives,2022,Economics,GDP (current US$),6177123352.26211,current US$,World Bank Open Data,https://data.worldbank.org/indicator/NY.GDP.MKTP.CD,2026-08-02T04:09:09.383790+00:00
MDV,Maldives,2023,Demographics,Population,525994,people,World Bank Open Data,https://data.worldbank.org/indicator/SP.POP.TOTL,2026-08-02T04:09:08.531329+00:00
MDV,Maldives,2023,Economics,GDP (current US$),6621008703.95743,current US$,World Bank Open Data,https://data.worldbank.org/indicator/NY.GDP.MKTP.CD,2026-08-02T04:09:09.383790+00:00
MDV,Maldives,2024,Demographics,Population,527799,people,World Bank Open Data,https://data.worldbank.org/indicator/SP.POP.TOTL,2026-08-02T04:09:08.531329+00:00
MDV,Maldives,2024,Economics,GDP (current US$),7061608267.25451,current US$,World Bank Open Data,https://data.worldbank.org/indicator/NY.GDP.MKTP.CD,2026-08-02T04:09:09.383790+00:00
MDV,Maldives,2025,Demographics,Population,529676,people,World Bank Open Data,https://data.worldbank.org/indicator/SP.POP.TOTL,2026-08-02T04:09:08.531329+00:00
MDV,Maldives,2025,Economics,GDP (current US$),7741066860.6337,current US$,World Bank Open Data,https://data.worldbank.org/indicator/NY.GDP.MKTP.CD,2026-08-02T04:09:09.383790+00:00
MEX,Mexico,2016,Demographics,Population,122251351,people,World Bank Open Data,https://data.worldbank.org/indicator/SP.POP.TOTL,2026-08-02T04:09:08.531329+00:00
MEX,Mexico,2016,Economics,GDP (current US$),1112233497452.7,current US$,World Bank Open Data,https://data.worldbank.org/indicator/NY.GDP.MKTP.CD,2026-08-02T04:09:09.383790+00:00
MEX,Mexico,2017,Demographics,Population,123400057,people,World Bank Open Data,https://data.worldbank.org/indicator/SP.POP.TOTL,2026-08-02T04:09:08.531329+00:00
MEX,Mexico,2017,Economics,GDP (current US$),1190721475853.16,current US$,World Bank Open Data,https://data.worldbank.org/indicator/NY.GDP.MKTP.CD,2026-08-02T04:09:09.383790+00:00
MEX,Mexico,2018,Demographics,Population,124573711,people,World Bank Open Data,https://data.worldbank.org/indicator/SP.POP.TOTL,2026-08-02T04:09:08.531329+00:00
MEX,Mexico,2018,Economics,GDP (current US$),1256300182983.65,current US$,World Bank Open Data,https://data.worldbank.org/indicator/NY.GDP.MKTP.CD,2026-08-02T04:09:09.383790+00:00
MEX,Mexico,2019,Demographics,Population,125762982,people,World Bank Open Data,https://data.worldbank.org/indicator/SP.POP.TOTL,2026-08-02T04:09:08.531329+00:00
MEX,Mexico,2019,Economics,GDP (current US$),1304106204006.27,current US$,World Bank Open Data,https://data.worldbank.org/indicator/NY.GDP.MKTP.CD,2026-08-02T04:09:09.383790+00:00
MEX,Mexico,2020,Demographics,Population,126799054,people,World Bank Open Data,https://data.worldbank.org/indicator/SP.POP.TOTL,2026-08-02T04:09:08.531329+00:00
MEX,Mexico,2020,Economics,GDP (current US$),1121064767168.8,current US$,World Bank Open Data,https://data.worldbank.org/indicator/NY.GDP.MKTP.CD,2026-08-02T04:09:09.383790+00:00
MEX,Mexico,2021,Demographics,Population,127648148,people,World Bank Open Data,https://data.worldbank.org/indicator/SP.POP.TOTL,2026-08-02T04:09:08.531329+00:00
MEX,Mexico,2021,Economics,GDP (current US$),1316569466833.94,current US$,World Bank Open Data,https://data.worldbank.org/indicator/NY.GDP.MKTP.CD,2026-08-02T04:09:09.383790+00:00
MEX,Mexico,2022,Demographics,Population,128613117,people,World Bank Open Data,https://data.worldbank.org/indicator/SP.POP.TOTL,2026-08-02T04:09:08.531329+00:00
MEX,Mexico,2022,Economics,GDP (current US$),1466934724243.38,current US$,World Bank Open Data,https://data.worldbank.org/indicator/NY.GDP.MKTP.CD,2026-08-02T04:09:09.383790+00:00
MEX,Mexico,2023,Demographics,Population,129739759,people,World Bank Open Data,https://data.worldbank.org/indicator/SP.POP.TOTL,2026-08-02T04:09:08.531329+00:00
MEX,Mexico,2023,Economics,GDP (current US$),1794410347718.25,current US$,World Bank Open Data,https://data.worldbank.org/indicator/NY.GDP.MKTP.CD,2026-08-02T04:09:09.383790+00:00
MEX,Mexico,2024,Demographics,Population,130861007,people,World Bank Open Data,https://data.worldbank.org/indicator/SP.POP.TOTL,2026-08-02T04:09:08.531329+00:00
MEX,Mexico,2024,Economics,GDP (current US$),1830489311088.89,current US$,World Bank Open Data,https://data.worldbank.org/indicator/NY.GDP.MKTP.CD,2026-08-02T04:09:09.383790+00:00
MEX,Mexico,2025,Demographics,Population,131946900,people,World Bank Open Data,https://data.worldbank.org/indicator/SP.POP.TOTL,2026-08-02T04:09:08.531329+00:00
MEX,Mexico,2025,Economics,GDP (current US$),1832641364775.52,current US$,World Bank Open Data,https://data.worldbank.org/indicator/NY.GDP.MKTP.CD,2026-08-02T04:09:09.383790+00:00
MHL,Marshall Islands,2016,Demographics,Population,47709,people,World Bank Open Data,https://data.worldbank.org/indicator/SP.POP.TOTL,2026-08-02T04:09:08.531329+00:00
MHL,Marshall Islands,2016,Economics,GDP (current US$),201800000.0,current US$,World Bank Open Data,https://data.worldbank.org/indicator/NY.GDP.MKTP.CD,2026-08-02T04:09:09.383790+00:00
MHL,Marshall Islands,2017,Demographics,Population,46529,people,World Bank Open Data,https://data.worldbank.org/indicator/SP.POP.TOTL,2026-08-02T04:09:08.531329+00:00
MHL,Marshall Islands,2017,Economics,GDP (current US$),213700000.0,current US$,World Bank Open Data,https://data.worldbank.org/indicator/NY.GDP.MKTP.CD,2026-08-02T04:09:09.383790+00:00
MHL,Marshall Islands,2018,Demographics,Population,45285,people,World Bank Open Data,https://data.worldbank.org/indicator/SP.POP.TOTL,2026-08-02T04:09:08.531329+00:00
MHL,Marshall Islands,2018,Economics,GDP (current US$),220000000.0,current US$,World Bank Open Data,https://data.worldbank.org/indicator/NY.GDP.MKTP.CD,2026-08-02T04:09:09.383790+00:00
MHL,Marshall Islands,2019,Demographics,Population,44007,people,World Bank Open Data,https://data.worldbank.org/indicator/SP.POP.TOTL,2026-08-02T04:09:08.531329+00:00
MHL,Marshall Islands,2019,Economics,GDP (current US$),232900000.0,current US$,World Bank Open Data,https://data.worldbank.org/indicator/NY.GDP.MKTP.CD,2026-08-02T04:09:09.383790+00:00
MHL,Marshall Islands,2020,Demographics,Population,42706,people,World Bank Open Data,https://data.worldbank.org/indicator/SP.POP.TOTL,2026-08-02T04:09:08.531329+00:00
MHL,Marshall Islands,2020,Economics,GDP (current US$),241800000.0,current US$,World Bank Open Data,https://data.worldbank.org/indicator/NY.GDP.MKTP.CD,2026-08-02T04:09:09.383790+00:00
MHL,Marshall Islands,2021,Demographics,Population,41367,people,World Bank Open Data,https://data.worldbank.org/indicator/SP.POP.TOTL,2026-08-02T04:09:08.531329+00:00
MHL,Marshall Islands,2021,Economics,GDP (current US$),261245500.0,current US$,World Bank Open Data,https://data.worldbank.org/indicator/NY.GDP.MKTP.CD,2026-08-02T04:09:09.383790+00:00
MHL,Marshall Islands,2022,Demographics,Population,40077,people,World Bank Open Data,https://data.worldbank.org/indicator/SP.POP.TOTL,2026-08-02T04:09:08.531329+00:00
MHL,Marshall Islands,2022,Economics,GDP (current US$),258723500.0,current US$,World Bank Open Data,https://data.worldbank.org/indicator/NY.GDP.MKTP.CD,2026-08-02T04:09:09.383790+00:00
MHL,Marshall Islands,2023,Demographics,Population,38827,people,World Bank Open Data,https://data.worldbank.org/indicator/SP.POP.TOTL,2026-08-02T04:09:08.531329+00:00
MHL,Marshall Islands,2023,Economics,GDP (current US$),264000000.0,current US$,World Bank Open Data,https://data.worldbank.org/indicator/NY.GDP.MKTP.CD,2026-08-02T04:09:09.383790+00:00
MHL,Marshall Islands,2024,Demographics,Population,37548,people,World Bank Open Data,https://data.worldbank.org/indicator/SP.POP.TOTL,2026-08-02T04:09:08.531329+00:00
MHL,Marshall Islands,2024,Economics,GDP (current US$),285000000.0,current US$,World Bank Open Data,https://data.worldbank.org/indicator/NY.GDP.MKTP.CD,2026-08-02T04:09:09.383790+00:00
MHL,Marshall Islands,2025,Demographics,Population,36282,people,World Bank Open Data,https://data.worldbank.org/indicator/SP.POP.TOTL,2026-08-02T04:09:08.531329+00:00
MHL,Marshall Islands,2025,Economics,GDP (current US$),308000000.0,current US$,World Bank Open Data,https://data.worldbank.org/indicator/NY.GDP.MKTP.CD,2026-08-02T04:09:09.383790+00:00
MKD,North Macedonia,2016,Demographics,Population,1906313,people,World Bank Open Data,https://data.worldbank.org/indicator/SP.POP.TOTL,2026-08-02T04:09:08.531329+00:00
MKD,North Macedonia,2016,Economics,GDP (current US$),10672467073.2873,current US$,World Bank Open Data,https://data.worldbank.org/indicator/NY.GDP.MKTP.CD,2026-08-02T04:09:09.383790+00:00
MKD,North Macedonia,2017,Demographics,Population,1898657,people,World Bank Open Data,https://data.worldbank.org/indicator/SP.POP.TOTL,2026-08-02T04:09:08.531329+00:00
MKD,North Macedonia,2017,Economics,GDP (current US$),11307067069.6658,current US$,World Bank Open Data,https://data.worldbank.org/indicator/NY.GDP.MKTP.CD,2026-08-02T04:09:09.383790+00:00
MKD,North Macedonia,2018,Demographics,Population,1889051,people,World Bank Open Data,https://data.worldbank.org/indicator/SP.POP.TOTL,2026-08-02T04:09:08.531329+00:00
MKD,North Macedonia,2018,Economics,GDP (current US$),12683068114.2388,current US$,World Bank Open Data,https://data.worldbank.org/indicator/NY.GDP.MKTP.CD,2026-08-02T04:09:09.383790+00:00
MKD,North Macedonia,2019,Demographics,Population,1876262,people,World Bank Open Data,https://data.worldbank.org/indicator/SP.POP.TOTL,2026-08-02T04:09:08.531329+00:00
MKD,North Macedonia,2019,Economics,GDP (current US$),12606338448.547,current US$,World Bank Open Data,https://data.worldbank.org/indicator/NY.GDP.MKTP.CD,2026-08-02T04:09:09.383790+00:00
MKD,North Macedonia,2020,Demographics,Population,1856124,people,World Bank Open Data,https://data.worldbank.org/indicator/SP.POP.TOTL,2026-08-02T04:09:08.531329+00:00
MKD,North Macedonia,2020,Economics,GDP (current US$),12361036913.8409,current US$,World Bank Open Data,https://data.worldbank.org/indicator/NY.GDP.MKTP.CD,2026-08-02T04:09:09.383790+00:00
MKD,North Macedonia,2021,Demographics,Population,1837114,people,World Bank Open Data,https://data.worldbank.org/indicator/SP.POP.TOTL,2026-08-02T04:09:08.531329+00:00
MKD,North Macedonia,2021,Economics,GDP (current US$),14000283827.0154,current US$,World Bank Open Data,https://data.worldbank.org/indicator/NY.GDP.MKTP.CD,2026-08-02T04:09:09.383790+00:00
MKD,North Macedonia,2022,Demographics,Population,1831712,people,World Bank Open Data,https://data.worldbank.org/indicator/SP.POP.TOTL,2026-08-02T04:09:08.531329+00:00
MKD,North Macedonia,2022,Economics,GDP (current US$),13932436550.0883,current US$,World Bank Open Data,https://data.worldbank.org/indicator/NY.GDP.MKTP.CD,2026-08-02T04:09:09.383790+00:00
MKD,North Macedonia,2023,Demographics,Population,1827816,people,World Bank Open Data,https://data.worldbank.org/indicator/SP.POP.TOTL,2026-08-02T04:09:08.531329+00:00
MKD,North Macedonia,2023,Economics,GDP (current US$),15855131188.9092,current US$,World Bank Open Data,https://data.worldbank.org/indicator/NY.GDP.MKTP.CD,2026-08-02T04:09:09.383790+00:00
MKD,North Macedonia,2024,Demographics,Population,1824359,people,World Bank Open Data,https://data.worldbank.org/indicator/SP.POP.TOTL,2026-08-02T04:09:08.531329+00:00
MKD,North Macedonia,2024,Economics,GDP (current US$),16951682221.3962,current US$,World Bank Open Data,https://data.worldbank.org/indicator/NY.GDP.MKTP.CD,2026-08-02T04:09:09.383790+00:00
MKD,North Macedonia,2025,Demographics,Population,1820909,people,World Bank Open Data,https://data.worldbank.org/indicator/SP.POP.TOTL,2026-08-02T04:09:08.531329+00:00
MKD,North Macedonia,2025,Economics,GDP (current US$),19101199817.0174,current US$,World Bank Open Data,https://data.worldbank.org/indicator/NY.GDP.MKTP.CD,2026-08-02T04:09:09.383790+00:00
MLI,Mali,2016,Demographics,Population,19191289,people,World Bank Open Data,https://data.worldbank.org/indicator/SP.POP.TOTL,2026-08-02T04:09:08.531329+00:00
MLI,Mali,2016,Economics,GDP (current US$),16743796799.8329,current US$,World Bank Open Data,https://data.worldbank.org/indicator/NY.GDP.MKTP.CD,2026-08-02T04:09:09.383790+00:00
MLI,Mali,2017,Demographics,Population,19813011,people,World Bank Open Data,https://data.worldbank.org/indicator/SP.POP.TOTL,2026-08-02T04:09:08.531329+00:00
MLI,Mali,2017,Economics,GDP (current US$),18308362040.0521,current US$,World Bank Open Data,https://data.worldbank.org/indicator/NY.GDP.MKTP.CD,2026-08-02T04:09:09.383790+00:00
MLI,Mali,2018,Demographics,Population,20442030,people,World Bank Open Data,https://data.worldbank.org/indicator/SP.POP.TOTL,2026-08-02T04:09:08.531329+00:00
MLI,Mali,2018,Economics,GDP (current US$),20368015381.2413,current US$,World Bank Open Data,https://data.worldbank.org/indicator/NY.GDP.MKTP.CD,2026-08-02T04:09:09.383790+00:00
MLI,Mali,2019,Demographics,Population,21068405,people,World Bank Open Data,https://data.worldbank.org/indicator/SP.POP.TOTL,2026-08-02T04:09:08.531329+00:00
MLI,Mali,2019,Economics,GDP (current US$),20477421884.5414,current US$,World Bank Open Data,https://data.worldbank.org/indicator/NY.GDP.MKTP.CD,2026-08-02T04:09:09.383790+00:00
MLI,Mali,2020,Demographics,Population,21713836,people,World Bank Open Data,https://data.worldbank.org/indicator/SP.POP.TOTL,2026-08-02T04:09:08.531329+00:00
MLI,Mali,2020,Economics,GDP (current US$),20698560938.7775,current US$,World Bank Open Data,https://data.worldbank.org/indicator/NY.GDP.MKTP.CD,2026-08-02T04:09:09.383790+00:00
MLI,Mali,2021,Demographics,Population,22388630,people,World Bank Open Data,https://data.worldbank.org/indicator/SP.POP.TOTL,2026-08-02T04:09:08.531329+00:00
MLI,Mali,2021,Economics,GDP (current US$),22999245262.6719,current US$,World Bank Open Data,https://data.worldbank.org/indicator/NY.GDP.MKTP.CD,2026-08-02T04:09:09.383790+00:00
MLI,Mali,2022,Demographics,Population,23072640,people,World Bank Open Data,https://data.worldbank.org/indicator/SP.POP.TOTL,2026-08-02T04:09:08.531329+00:00
MLI,Mali,2022,Economics,GDP (current US$),22539987718.7642,current US$,World Bank Open Data,https://data.worldbank.org/indicator/NY.GDP.MKTP.CD,2026-08-02T04:09:09.383790+00:00
MLI,Mali,2023,Demographics,Population,23769127,people,World Bank Open Data,https://data.worldbank.org/indicator/SP.POP.TOTL,2026-08-02T04:09:08.531329+00:00
MLI,Mali,2023,Economics,GDP (current US$),24777941860.767,current US$,World Bank Open Data,https://data.worldbank.org/indicator/NY.GDP.MKTP.CD,2026-08-02T04:09:09.383790+00:00
MLI,Mali,2024,Demographics,Population,24478595,people,World Bank Open Data,https://data.worldbank.org/indicator/SP.POP.TOTL,2026-08-02T04:09:08.531329+00:00
MLI,Mali,2024,Economics,GDP (current US$),26761281076.7658,current US$,World Bank Open Data,https://data.worldbank.org/indicator/NY.GDP.MKTP.CD,2026-08-02T04:09:09.383790+00:00
MLI,Mali,2025,Demographics,Population,25198821,people,World Bank Open Data,https://data.worldbank.org/indicator/SP.POP.TOTL,2026-08-02T04:09:08.531329+00:00
MLI,Mali,2025,Economics,GDP (current US$),30069148580.7688,current US$,World Bank Open Data,https://data.worldbank.org/indicator/NY.GDP.MKTP.CD,2026-08-02T04:09:09.383790+00:00
MLT,Malta,2016,Demographics,Population,454505,people,World Bank Open Data,https://data.worldbank.org/indicator/SP.POP.TOTL,2026-08-02T04:09:08.531329+00:00
MLT,Malta,2016,Economics,GDP (current US$),12025777078.0922,current US$,World Bank Open Data,https://data.worldbank.org/indicator/NY.GDP.MKTP.CD,2026-08-02T04:09:09.383790+00:00
MLT,Malta,2017,Demographics,Population,467106,people,World Bank Open Data,https://data.worldbank.org/indicator/SP.POP.TOTL,2026-08-02T04:09:08.531329+00:00
MLT,Malta,2017,Economics,GDP (current US$),14161374599.3379,current US$,World Bank Open Data,https://data.worldbank.org/indicator/NY.GDP.MKTP.CD,2026-08-02T04:09:09.383790+00:00
MLT,Malta,2018,Demographics,Population,483903,people,World Bank Open Data,https://data.worldbank.org/indicator/SP.POP.TOTL,2026-08-02T04:09:08.531329+00:00
MLT,Malta,2018,Economics,GDP (current US$),16153785816.8181,current US$,World Bank Open Data,https://data.worldbank.org/indicator/NY.GDP.MKTP.CD,2026-08-02T04:09:09.383790+00:00
MLT,Malta,2019,Demographics,Population,503912,people,World Bank Open Data,https://data.worldbank.org/indicator/SP.POP.TOTL,2026-08-02T04:09:08.531329+00:00
MLT,Malta,2019,Economics,GDP (current US$),16337788880.578,current US$,World Bank Open Data,https://data.worldbank.org/indicator/NY.GDP.MKTP.CD,2026-08-02T04:09:09.383790+00:00
MLT,Malta,2020,Demographics,Population,515490,people,World Bank Open Data,https://data.worldbank.org/indicator/SP.POP.TOTL,2026-08-02T04:09:08.531329+00:00
MLT,Malta,2020,Economics,GDP (current US$),16404655807.6687,current US$,World Bank Open Data,https://data.worldbank.org/indicator/NY.GDP.MKTP.CD,2026-08-02T04:09:09.383790+00:00
MLT,Malta,2021,Demographics,Population,518150,people,World Bank Open Data,https://data.worldbank.org/indicator/SP.POP.TOTL,2026-08-02T04:09:08.531329+00:00
MLT,Malta,2021,Economics,GDP (current US$),19730119030.6198,current US$,World Bank Open Data,https://data.worldbank.org/indicator/NY.GDP.MKTP.CD,2026-08-02T04:09:09.383790+00:00
MLT,Malta,2022,Demographics,Population,531113,people,World Bank Open Data,https://data.worldbank.org/indicator/SP.POP.TOTL,2026-08-02T04:09:08.531329+00:00
MLT,Malta,2022,Economics,GDP (current US$),18938869147.0818,current US$,World Bank Open Data,https://data.worldbank.org/indicator/NY.GDP.MKTP.CD,2026-08-02T04:09:09.383790+00:00
MLT,Malta,2023,Demographics,Population,552747,people,World Bank Open Data,https://data.worldbank.org/indicator/SP.POP.TOTL,2026-08-02T04:09:08.531329+00:00
MLT,Malta,2023,Economics,GDP (current US$),22625329775.6867,current US$,World Bank Open Data,https://data.worldbank.org/indicator/NY.GDP.MKTP.CD,2026-08-02T04:09:09.383790+00:00
MLT,Malta,2024,Demographics,Population,568847,people,World Bank Open Data,https://data.worldbank.org/indicator/SP.POP.TOTL,2026-08-02T04:09:08.531329+00:00
MLT,Malta,2024,Economics,GDP (current US$),25042712191.3281,current US$,World Bank Open Data,https://data.worldbank.org/indicator/NY.GDP.MKTP.CD,2026-08-02T04:09:09.383790+00:00
MLT,Malta,2025,Demographics,Population,579704,people,World Bank Open Data,https://data.worldbank.org/indicator/SP.POP.TOTL,2026-08-02T04:09:08.531329+00:00
MLT,Malta,2025,Economics,GDP (current US$),27771821560.9411,current US$,World Bank Open Data,https://data.worldbank.org/indicator/NY.GDP.MKTP.CD,2026-08-02T04:09:09.383790+00:00
MMR,Myanmar,2016,Demographics,Population,51495696,people,World Bank Open Data,https://data.worldbank.org/indicator/SP.POP.TOTL,2026-08-02T04:09:08.531329+00:00
MMR,Myanmar,2016,Economics,GDP (current US$),63298361996.2153,current US$,World Bank Open Data,https://data.worldbank.org/indicator/NY.GDP.MKTP.CD,2026-08-02T04:09:09.383790+00:00
MMR,Myanmar,2017,Demographics,Population,51894938,people,World Bank Open Data,https://data.worldbank.org/indicator/SP.POP.TOTL,2026-08-02T04:09:08.531329+00:00
MMR,Myanmar,2017,Economics,GDP (current US$),66053040483.0016,current US$,World Bank Open Data,https://data.worldbank.org/indicator/NY.GDP.MKTP.CD,2026-08-02T04:09:09.383790+00:00
MMR,Myanmar,2018,Demographics,Population,52272247,people,World Bank Open Data,https://data.worldbank.org/indicator/SP.POP.TOTL,2026-08-02T04:09:08.531329+00:00
MMR,Myanmar,2018,Economics,GDP (current US$),67860515989.517,current US$,World Bank Open Data,https://data.worldbank.org/indicator/NY.GDP.MKTP.CD,2026-08-02T04:09:09.383790+00:00
MMR,Myanmar,2019,Demographics,Population,52640713,people,World Bank Open Data,https://data.worldbank.org/indicator/SP.POP.TOTL,2026-08-02T04:09:08.531329+00:00
MMR,Myanmar,2019,Economics,GDP (current US$),75065106227.6892,current US$,World Bank Open Data,https://data.worldbank.org/indicator/NY.GDP.MKTP.CD,2026-08-02T04:09:09.383790+00:00
MMR,Myanmar,2020,Demographics,Population,53016522,people,World Bank Open Data,https://data.worldbank.org/indicator/SP.POP.TOTL,2026-08-02T04:09:08.531329+00:00
MMR,Myanmar,2020,Economics,GDP (current US$),79006113643.1906,current US$,World Bank Open Data,https://data.worldbank.org/indicator/NY.GDP.MKTP.CD,2026-08-02T04:09:09.383790+00:00
MMR,Myanmar,2021,Demographics,Population,53387102,people,World Bank Open Data,https://data.worldbank.org/indicator/SP.POP.TOTL,2026-08-02T04:09:08.531329+00:00
MMR,Myanmar,2021,Economics,GDP (current US$),66345291160.1683,current US$,World Bank Open Data,https://data.worldbank.org/indicator/NY.GDP.MKTP.CD,2026-08-02T04:09:09.383790+00:00
MMR,Myanmar,2022,Demographics,Population,53756787,people,World Bank Open Data,https://data.worldbank.org/indicator/SP.POP.TOTL,2026-08-02T04:09:08.531329+00:00
MMR,Myanmar,2022,Economics,GDP (current US$),62253049891.6449,current US$,World Bank Open Data,https://data.worldbank.org/indicator/NY.GDP.MKTP.CD,2026-08-02T04:09:09.383790+00:00
MMR,Myanmar,2023,Demographics,Population,54133798,people,World Bank Open Data,https://data.worldbank.org/indicator/SP.POP.TOTL,2026-08-02T04:09:08.531329+00:00
MMR,Myanmar,2023,Economics,GDP (current US$),66757619000.0,current US$,World Bank Open Data,https://data.worldbank.org/indicator/NY.GDP.MKTP.CD,2026-08-02T04:09:09.383790+00:00
MMR,Myanmar,2024,Demographics,Population,54500091,people,World Bank Open Data,https://data.worldbank.org/indicator/SP.POP.TOTL,2026-08-02T04:09:08.531329+00:00
MMR,Myanmar,2024,Economics,GDP (current US$),74068349523.8095,current US$,World Bank Open Data,https://data.worldbank.org/indicator/NY.GDP.MKTP.CD,2026-08-02T04:09:09.383790+00:00
MMR,Myanmar,2025,Demographics,Population,54850648,people,World Bank Open Data,https://data.worldbank.org/indicator/SP.POP.TOTL,2026-08-02T04:09:08.531329+00:00
MMR,Myanmar,2025,Economics,GDP (current US$),81665773809.5238,current US$,World Bank Open Data,https://data.worldbank.org/indicator/NY.GDP.MKTP.CD,2026-08-02T04:09:09.383790+00:00
MNE,Montenegro,2016,Demographics,Population,625353,people,World Bank Open Data,https://data.worldbank.org/indicator/SP.POP.TOTL,2026-08-02T04:09:08.531329+00:00
MNE,Montenegro,2016,Economics,GDP (current US$),4357467226.269,current US$,World Bank Open Data,https://data.worldbank.org/indicator/NY.GDP.MKTP.CD,2026-08-02T04:09:09.383790+00:00
MNE,Montenegro,2017,Demographics,Population,625982,people,World Bank Open Data,https://data.worldbank.org/indicator/SP.POP.TOTL,2026-08-02T04:09:08.531329+00:00
MNE,Montenegro,2017,Economics,GDP (current US$),4803964684.21648,current US$,World Bank Open Data,https://data.worldbank.org/indicator/NY.GDP.MKTP.CD,2026-08-02T04:09:09.383790+00:00
MNE,Montenegro,2018,Demographics,Population,626438,people,World Bank Open Data,https://data.worldbank.org/indicator/SP.POP.TOTL,2026-08-02T04:09:08.531329+00:00
MNE,Montenegro,2018,Economics,GDP (current US$),5433469310.85184,current US$,World Bank Open Data,https://data.worldbank.org/indicator/NY.GDP.MKTP.CD,2026-08-02T04:09:09.383790+00:00
MNE,Montenegro,2019,Demographics,Population,626753,people,World Bank Open Data,https://data.worldbank.org/indicator/SP.POP.TOTL,2026-08-02T04:09:08.531329+00:00
MNE,Montenegro,2019,Economics,GDP (current US$),5483622632.13097,current US$,World Bank Open Data,https://data.worldbank.org/indicator/NY.GDP.MKTP.CD,2026-08-02T04:09:09.383790+00:00
MNE,Montenegro,2020,Demographics,Population,626590,people,World Bank Open Data,https://data.worldbank.org/indicator/SP.POP.TOTL,2026-08-02T04:09:08.531329+00:00
MNE,Montenegro,2020,Economics,GDP (current US$),4734192593.29169,current US$,World Bank Open Data,https://data.worldbank.org/indicator/NY.GDP.MKTP.CD,2026-08-02T04:09:09.383790+00:00
MNE,Montenegro,2021,Demographics,Population,625053,people,World Bank Open Data,https://data.worldbank.org/indicator/SP.POP.TOTL,2026-08-02T04:09:08.531329+00:00
MNE,Montenegro,2021,Economics,GDP (current US$),5822908963.58053,current US$,World Bank Open Data,https://data.worldbank.org/indicator/NY.GDP.MKTP.CD,2026-08-02T04:09:09.383790+00:00
MNE,Montenegro,2022,Demographics,Population,623591,people,World Bank Open Data,https://data.worldbank.org/indicator/SP.POP.TOTL,2026-08-02T04:09:08.531329+00:00
MNE,Montenegro,2022,Economics,GDP (current US$),6259721790.0652,current US$,World Bank Open Data,https://data.worldbank.org/indicator/NY.GDP.MKTP.CD,2026-08-02T04:09:09.383790+00:00
MNE,Montenegro,2023,Demographics,Population,623529,people,World Bank Open Data,https://data.worldbank.org/indicator/SP.POP.TOTL,2026-08-02T04:09:08.531329+00:00
MNE,Montenegro,2023,Economics,GDP (current US$),7643318276.40347,current US$,World Bank Open Data,https://data.worldbank.org/indicator/NY.GDP.MKTP.CD,2026-08-02T04:09:09.383790+00:00
MNE,Montenegro,2024,Demographics,Population,623525,people,World Bank Open Data,https://data.worldbank.org/indicator/SP.POP.TOTL,2026-08-02T04:09:08.531329+00:00
MNE,Montenegro,2024,Economics,GDP (current US$),8274290505.96367,current US$,World Bank Open Data,https://data.worldbank.org/indicator/NY.GDP.MKTP.CD,2026-08-02T04:09:09.383790+00:00
MNE,Montenegro,2025,Demographics,Population,623129,people,World Bank Open Data,https://data.worldbank.org/indicator/SP.POP.TOTL,2026-08-02T04:09:08.531329+00:00
MNE,Montenegro,2025,Economics,GDP (current US$),9232801464.79257,current US$,World Bank Open Data,https://data.worldbank.org/indicator/NY.GDP.MKTP.CD,2026-08-02T04:09:09.383790+00:00
MNG,Mongolia,2016,Demographics,Population,3088856,people,World Bank Open Data,https://data.worldbank.org/indicator/SP.POP.TOTL,2026-08-02T04:09:08.531329+00:00
MNG,Mongolia,2016,Economics,GDP (current US$),11181350649.3573,current US$,World Bank Open Data,https://data.worldbank.org/indicator/NY.GDP.MKTP.CD,2026-08-02T04:09:09.383790+00:00
MNG,Mongolia,2017,Demographics,Population,3148917,people,World Bank Open Data,https://data.worldbank.org/indicator/SP.POP.TOTL,2026-08-02T04:09:08.531329+00:00
MNG,Mongolia,2017,Economics,GDP (current US$),11480847740.736,current US$,World Bank Open Data,https://data.worldbank.org/indicator/NY.GDP.MKTP.CD,2026-08-02T04:09:09.383790+00:00
MNG,Mongolia,2018,Demographics,Population,3208189,people,World Bank Open Data,https://data.worldbank.org/indicator/SP.POP.TOTL,2026-08-02T04:09:08.531329+00:00
MNG,Mongolia,2018,Economics,GDP (current US$),13178094720.4986,current US$,World Bank Open Data,https://data.worldbank.org/indicator/NY.GDP.MKTP.CD,2026-08-02T04:09:09.383790+00:00
MNG,Mongolia,2019,Demographics,Population,3267673,people,World Bank Open Data,https://data.worldbank.org/indicator/SP.POP.TOTL,2026-08-02T04:09:08.531329+00:00
MNG,Mongolia,2019,Economics,GDP (current US$),14206359017.5143,current US$,World Bank Open Data,https://data.worldbank.org/indicator/NY.GDP.MKTP.CD,2026-08-02T04:09:09.383790+00:00
MNG,Mongolia,2020,Demographics,Population,3327204,people,World Bank Open Data,https://data.worldbank.org/indicator/SP.POP.TOTL,2026-08-02T04:09:08.531329+00:00
MNG,Mongolia,2020,Economics,GDP (current US$),13312981429.0891,current US$,World Bank Open Data,https://data.worldbank.org/indicator/NY.GDP.MKTP.CD,2026-08-02T04:09:09.383790+00:00
MNG,Mongolia,2021,Demographics,Population,3383741,people,World Bank Open Data,https://data.worldbank.org/indicator/SP.POP.TOTL,2026-08-02T04:09:08.531329+00:00
MNG,Mongolia,2021,Economics,GDP (current US$),15286441737.6686,current US$,World Bank Open Data,https://data.worldbank.org/indicator/NY.GDP.MKTP.CD,2026-08-02T04:09:09.383790+00:00
MNG,Mongolia,2022,Demographics,Population,3433748,people,World Bank Open Data,https://data.worldbank.org/indicator/SP.POP.TOTL,2026-08-02T04:09:08.531329+00:00
MNG,Mongolia,2022,Economics,GDP (current US$),17146471713.748,current US$,World Bank Open Data,https://data.worldbank.org/indicator/NY.GDP.MKTP.CD,2026-08-02T04:09:09.383790+00:00
MNG,Mongolia,2023,Demographics,Population,3481145,people,World Bank Open Data,https://data.worldbank.org/indicator/SP.POP.TOTL,2026-08-02T04:09:08.531329+00:00
MNG,Mongolia,2023,Economics,GDP (current US$),20325121393.9074,current US$,World Bank Open Data,https://data.worldbank.org/indicator/NY.GDP.MKTP.CD,2026-08-02T04:09:09.383790+00:00
MNG,Mongolia,2024,Demographics,Population,3524788,people,World Bank Open Data,https://data.worldbank.org/indicator/SP.POP.TOTL,2026-08-02T04:09:08.531329+00:00
MNG,Mongolia,2024,Economics,GDP (current US$),23794540024.5132,current US$,World Bank Open Data,https://data.worldbank.org/indicator/NY.GDP.MKTP.CD,2026-08-02T04:09:09.383790+00:00
MNG,Mongolia,2025,Demographics,Population,3568978,people,World Bank Open Data,https://data.worldbank.org/indicator/SP.POP.TOTL,2026-08-02T04:09:08.531329+00:00
MNG,Mongolia,2025,Economics,GDP (current US$),25369107325.4549,current US$,World Bank Open Data,https://data.worldbank.org/indicator/NY.GDP.MKTP.CD,2026-08-02T04:09:09.383790+00:00
MNP,Northern Mariana Islands,2016,Demographics,Population,50773,people,World Bank Open Data,https://data.worldbank.org/indicator/SP.POP.TOTL,2026-08-02T04:09:08.531329+00:00
MNP,Northern Mariana Islands,2016,Economics,GDP (current US$),1230000000.0,current US$,World Bank Open Data,https://data.worldbank.org/indicator/NY.GDP.MKTP.CD,2026-08-02T04:09:09.383790+00:00
MNP,Northern Mariana Islands,2017,Demographics,Population,49959,people,World Bank Open Data,https://data.worldbank.org/indicator/SP.POP.TOTL,2026-08-02T04:09:08.531329+00:00
MNP,Northern Mariana Islands,2017,Economics,GDP (current US$),1560000000.0,current US$,World Bank Open Data,https://data.worldbank.org/indicator/NY.GDP.MKTP.CD,2026-08-02T04:09:09.383790+00:00
MNP,Northern Mariana Islands,2018,Demographics,Population,49077,people,World Bank Open Data,https://data.worldbank.org/indicator/SP.POP.TOTL,2026-08-02T04:09:08.531329+00:00
MNP,Northern Mariana Islands,2018,Economics,GDP (current US$),1301000000.0,current US$,World Bank Open Data,https://data.worldbank.org/indicator/NY.GDP.MKTP.CD,2026-08-02T04:09:09.383790+00:00
MNP,Northern Mariana Islands,2019,Demographics,Population,48129,people,World Bank Open Data,https://data.worldbank.org/indicator/SP.POP.TOTL,2026-08-02T04:09:08.531329+00:00
MNP,Northern Mariana Islands,2019,Economics,GDP (current US$),1179000000.0,current US$,World Bank Open Data,https://data.worldbank.org/indicator/NY.GDP.MKTP.CD,2026-08-02T04:09:09.383790+00:00
MNP,Northern Mariana Islands,2020,Demographics,Population,47528,people,World Bank Open Data,https://data.worldbank.org/indicator/SP.POP.TOTL,2026-08-02T04:09:08.531329+00:00
MNP,Northern Mariana Islands,2020,Economics,GDP (current US$),866000000.0,current US$,World Bank Open Data,https://data.worldbank.org/indicator/NY.GDP.MKTP.CD,2026-08-02T04:09:09.383790+00:00
MNP,Northern Mariana Islands,2021,Demographics,Population,46979,people,World Bank Open Data,https://data.worldbank.org/indicator/SP.POP.TOTL,2026-08-02T04:09:08.531329+00:00
MNP,Northern Mariana Islands,2021,Economics,GDP (current US$),914000000.0,current US$,World Bank Open Data,https://data.worldbank.org/indicator/NY.GDP.MKTP.CD,2026-08-02T04:09:09.383790+00:00
MNP,Northern Mariana Islands,2022,Demographics,Population,46078,people,World Bank Open Data,https://data.worldbank.org/indicator/SP.POP.TOTL,2026-08-02T04:09:08.531329+00:00
MNP,Northern Mariana Islands,2022,Economics,GDP (current US$),1096000000.0,current US$,World Bank Open Data,https://data.worldbank.org/indicator/NY.GDP.MKTP.CD,2026-08-02T04:09:09.383790+00:00
MNP,Northern Mariana Islands,2023,Demographics,Population,45143,people,World Bank Open Data,https://data.worldbank.org/indicator/SP.POP.TOTL,2026-08-02T04:09:08.531329+00:00
MNP,Northern Mariana Islands,2024,Demographics,Population,44278,people,World Bank Open Data,https://data.worldbank.org/indicator/SP.POP.TOTL,2026-08-02T04:09:08.531329+00:00
MNP,Northern Mariana Islands,2025,Demographics,Population,43541,people,World Bank Open Data,https://data.worldbank.org/indicator/SP.POP.TOTL,2026-08-02T04:09:08.531329+00:00
MOZ,Mozambique,2016,Demographics,Population,27337105,people,World Bank Open Data,https://data.worldbank.org/indicator/SP.POP.TOTL,2026-08-02T04:09:08.531329+00:00
MOZ,Mozambique,2016,Economics,GDP (current US$),12069051237.1711,current US$,World Bank Open Data,https://data.worldbank.org/indicator/NY.GDP.MKTP.CD,2026-08-02T04:09:09.383790+00:00
MOZ,Mozambique,2017,Demographics,Population,28166393,people,World Bank Open Data,https://data.worldbank.org/indicator/SP.POP.TOTL,2026-08-02T04:09:08.531329+00:00
MOZ,Mozambique,2017,Economics,GDP (current US$),13264640645.7768,current US$,World Bank Open Data,https://data.worldbank.org/indicator/NY.GDP.MKTP.CD,2026-08-02T04:09:09.383790+00:00
MOZ,Mozambique,2018,Demographics,Population,29018644,people,World Bank Open Data,https://data.worldbank.org/indicator/SP.POP.TOTL,2026-08-02T04:09:08.531329+00:00
MOZ,Mozambique,2018,Economics,GDP (current US$),15017358952.8452,current US$,World Bank Open Data,https://data.worldbank.org/indicator/NY.GDP.MKTP.CD,2026-08-02T04:09:09.383790+00:00
MOZ,Mozambique,2019,Demographics,Population,29884380,people,World Bank Open Data,https://data.worldbank.org/indicator/SP.POP.TOTL,2026-08-02T04:09:08.531329+00:00
MOZ,Mozambique,2019,Economics,GDP (current US$),15512759046.672,current US$,World Bank Open Data,https://data.worldbank.org/indicator/NY.GDP.MKTP.CD,2026-08-02T04:09:09.383790+00:00
MOZ,Mozambique,2020,Demographics,Population,30783688,people,World Bank Open Data,https://data.worldbank.org/indicator/SP.POP.TOTL,2026-08-02T04:09:08.531329+00:00
MOZ,Mozambique,2020,Economics,GDP (current US$),14235420174.1884,current US$,World Bank Open Data,https://data.worldbank.org/indicator/NY.GDP.MKTP.CD,2026-08-02T04:09:09.383790+00:00
MOZ,Mozambique,2021,Demographics,Population,31707800,people,World Bank Open Data,https://data.worldbank.org/indicator/SP.POP.TOTL,2026-08-02T04:09:08.531329+00:00
MOZ,Mozambique,2021,Economics,GDP (current US$),16168055475.4449,current US$,World Bank Open Data,https://data.worldbank.org/indicator/NY.GDP.MKTP.CD,2026-08-02T04:09:09.383790+00:00
MOZ,Mozambique,2022,Demographics,Population,32656246,people,World Bank Open Data,https://data.worldbank.org/indicator/SP.POP.TOTL,2026-08-02T04:09:08.531329+00:00
MOZ,Mozambique,2022,Economics,GDP (current US$),18884232598.8698,current US$,World Bank Open Data,https://data.worldbank.org/indicator/NY.GDP.MKTP.CD,2026-08-02T04:09:09.383790+00:00
MOZ,Mozambique,2023,Demographics,Population,33635160,people,World Bank Open Data,https://data.worldbank.org/indicator/SP.POP.TOTL,2026-08-02T04:09:08.531329+00:00
MOZ,Mozambique,2023,Economics,GDP (current US$),20927498317.3094,current US$,World Bank Open Data,https://data.worldbank.org/indicator/NY.GDP.MKTP.CD,2026-08-02T04:09:09.383790+00:00
MOZ,Mozambique,2024,Demographics,Population,34631766,people,World Bank Open Data,https://data.worldbank.org/indicator/SP.POP.TOTL,2026-08-02T04:09:08.531329+00:00
MOZ,Mozambique,2024,Economics,GDP (current US$),22752244245.473,current US$,World Bank Open Data,https://data.worldbank.org/indicator/NY.GDP.MKTP.CD,2026-08-02T04:09:09.383790+00:00
MOZ,Mozambique,2025,Demographics,Population,35631653,people,World Bank Open Data,https://data.worldbank.org/indicator/SP.POP.TOTL,2026-08-02T04:09:08.531329+00:00
MOZ,Mozambique,2025,Economics,GDP (current US$),22337997046.1913,current US$,World Bank Open Data,https://data.worldbank.org/indicator/NY.GDP.MKTP.CD,2026-08-02T04:09:09.383790+00:00
MRT,Mauritania,2016,Demographics,Population,4086657,people,World Bank Open Data,https://data.worldbank.org/indicator/SP.POP.TOTL,2026-08-02T04:09:08.531329+00:00
MRT,Mauritania,2016,Economics,GDP (current US$),6407900701.25829,current US$,World Bank Open Data,https://data.worldbank.org/indicator/NY.GDP.MKTP.CD,2026-08-02T04:09:09.383790+00:00
MRT,Mauritania,2017,Demographics,Population,4210600,people,World Bank Open Data,https://data.worldbank.org/indicator/SP.POP.TOTL,2026-08-02T04:09:08.531329+00:00
MRT,Mauritania,2017,Economics,GDP (current US$),6812472965.33868,current US$,World Bank Open Data,https://data.worldbank.org/indicator/NY.GDP.MKTP.CD,2026-08-02T04:09:09.383790+00:00
MRT,Mauritania,2018,Demographics,Population,4337685,people,World Bank Open Data,https://data.worldbank.org/indicator/SP.POP.TOTL,2026-08-02T04:09:08.531329+00:00
MRT,Mauritania,2018,Economics,GDP (current US$),7475471309.52265,current US$,World Bank Open Data,https://data.worldbank.org/indicator/NY.GDP.MKTP.CD,2026-08-02T04:09:09.383790+00:00
MRT,Mauritania,2019,Demographics,Population,4467708,people,World Bank Open Data,https://data.worldbank.org/indicator/SP.POP.TOTL,2026-08-02T04:09:08.531329+00:00
MRT,Mauritania,2019,Economics,GDP (current US$),7894764885.82312,current US$,World Bank Open Data,https://data.worldbank.org/indicator/NY.GDP.MKTP.CD,2026-08-02T04:09:09.383790+00:00
MRT,Mauritania,2020,Demographics,Population,4600131,people,World Bank Open Data,https://data.worldbank.org/indicator/SP.POP.TOTL,2026-08-02T04:09:08.531329+00:00
MRT,Mauritania,2020,Economics,GDP (current US$),8260567356.81635,current US$,World Bank Open Data,https://data.worldbank.org/indicator/NY.GDP.MKTP.CD,2026-08-02T04:09:09.383790+00:00
MRT,Mauritania,2021,Demographics,Population,4734874,people,World Bank Open Data,https://data.worldbank.org/indicator/SP.POP.TOTL,2026-08-02T04:09:08.531329+00:00
MRT,Mauritania,2021,Economics,GDP (current US$),9221044666.76483,current US$,World Bank Open Data,https://data.worldbank.org/indicator/NY.GDP.MKTP.CD,2026-08-02T04:09:09.383790+00:00
MRT,Mauritania,2022,Demographics,Population,4875637,people,World Bank Open Data,https://data.worldbank.org/indicator/SP.POP.TOTL,2026-08-02T04:09:08.531329+00:00
MRT,Mauritania,2022,Economics,GDP (current US$),9562497460.55394,current US$,World Bank Open Data,https://data.worldbank.org/indicator/NY.GDP.MKTP.CD,2026-08-02T04:09:09.383790+00:00
MRT,Mauritania,2023,Demographics,Population,5022441,people,World Bank Open Data,https://data.worldbank.org/indicator/SP.POP.TOTL,2026-08-02T04:09:08.531329+00:00
MRT,Mauritania,2023,Economics,GDP (current US$),10687541640.1299,current US$,World Bank Open Data,https://data.worldbank.org/indicator/NY.GDP.MKTP.CD,2026-08-02T04:09:09.383790+00:00
MRT,Mauritania,2024,Demographics,Population,5169395,people,World Bank Open Data,https://data.worldbank.org/indicator/SP.POP.TOTL,2026-08-02T04:09:08.531329+00:00
MRT,Mauritania,2024,Economics,GDP (current US$),10879212033.4823,current US$,World Bank Open Data,https://data.worldbank.org/indicator/NY.GDP.MKTP.CD,2026-08-02T04:09:09.383790+00:00
MRT,Mauritania,2025,Demographics,Population,5315065,people,World Bank Open Data,https://data.worldbank.org/indicator/SP.POP.TOTL,2026-08-02T04:09:08.531329+00:00
MRT,Mauritania,2025,Economics,GDP (current US$),11679910946.4371,current US$,World Bank Open Data,https://data.worldbank.org/indicator/NY.GDP.MKTP.CD,2026-08-02T04:09:09.383790+00:00
MUS,Mauritius,2016,Demographics,Population,1263747,people,World Bank Open Data,https://data.worldbank.org/indicator/SP.POP.TOTL,2026-08-02T04:09:08.531329+00:00
MUS,Mauritius,2016,Economics,GDP (current US$),12757680846.5663,current US$,World Bank Open Data,https://data.worldbank.org/indicator/NY.GDP.MKTP.CD,2026-08-02T04:09:09.383790+00:00
MUS,Mauritius,2017,Demographics,Population,1264887,people,World Bank Open Data,https://data.worldbank.org/indicator/SP.POP.TOTL,2026-08-02T04:09:08.531329+00:00
MUS,Mauritius,2017,Economics,GDP (current US$),13896938315.2799,current US$,World Bank Open Data,https://data.worldbank.org/indicator/NY.GDP.MKTP.CD,2026-08-02T04:09:09.383790+00:00
MUS,Mauritius,2018,Demographics,Population,1265577,people,World Bank Open Data,https://data.worldbank.org/indicator/SP.POP.TOTL,2026-08-02T04:09:08.531329+00:00
MUS,Mauritius,2018,Economics,GDP (current US$),14957535715.9696,current US$,World Bank Open Data,https://data.worldbank.org/indicator/NY.GDP.MKTP.CD,2026-08-02T04:09:09.383790+00:00
MUS,Mauritius,2019,Demographics,Population,1265985,people,World Bank Open Data,https://data.worldbank.org/indicator/SP.POP.TOTL,2026-08-02T04:09:08.531329+00:00
MUS,Mauritius,2019,Economics,GDP (current US$),14645235204.6176,current US$,World Bank Open Data,https://data.worldbank.org/indicator/NY.GDP.MKTP.CD,2026-08-02T04:09:09.383790+00:00
MUS,Mauritius,2020,Demographics,Population,1266014,people,World Bank Open Data,https://data.worldbank.org/indicator/SP.POP.TOTL,2026-08-02T04:09:08.531329+00:00
MUS,Mauritius,2020,Economics,GDP (current US$),11566111137.5568,current US$,World Bank Open Data,https://data.worldbank.org/indicator/NY.GDP.MKTP.CD,2026-08-02T04:09:09.383790+00:00
MUS,Mauritius,2021,Demographics,Population,1266334,people,World Bank Open Data,https://data.worldbank.org/indicator/SP.POP.TOTL,2026-08-02T04:09:08.531329+00:00
MUS,Mauritius,2021,Economics,GDP (current US$),11622048696.8129,current US$,World Bank Open Data,https://data.worldbank.org/indicator/NY.GDP.MKTP.CD,2026-08-02T04:09:09.383790+00:00
MUS,Mauritius,2022,Demographics,Population,1262523,people,World Bank Open Data,https://data.worldbank.org/indicator/SP.POP.TOTL,2026-08-02T04:09:08.531329+00:00
MUS,Mauritius,2022,Economics,GDP (current US$),12936444123.3037,current US$,World Bank Open Data,https://data.worldbank.org/indicator/NY.GDP.MKTP.CD,2026-08-02T04:09:09.383790+00:00
MUS,Mauritius,2023,Demographics,Population,1248647,people,World Bank Open Data,https://data.worldbank.org/indicator/SP.POP.TOTL,2026-08-02T04:09:08.531329+00:00
MUS,Mauritius,2023,Economics,GDP (current US$),14072212290.4596,current US$,World Bank Open Data,https://data.worldbank.org/indicator/NY.GDP.MKTP.CD,2026-08-02T04:09:09.383790+00:00
MUS,Mauritius,2024,Demographics,Population,1245779,people,World Bank Open Data,https://data.worldbank.org/indicator/SP.POP.TOTL,2026-08-02T04:09:08.531329+00:00
MUS,Mauritius,2024,Economics,GDP (current US$),14938055690.3609,current US$,World Bank Open Data,https://data.worldbank.org/indicator/NY.GDP.MKTP.CD,2026-08-02T04:09:09.383790+00:00
MUS,Mauritius,2025,Demographics,Population,1243741,people,World Bank Open Data,https://data.worldbank.org/indicator/SP.POP.TOTL,2026-08-02T04:09:08.531329+00:00
MUS,Mauritius,2025,Economics,GDP (current US$),16157804491.7614,current US$,World Bank Open Data,https://data.worldbank.org/indicator/NY.GDP.MKTP.CD,2026-08-02T04:09:09.383790+00:00
MWI,Malawi,2016,Demographics,Population,17557739,people,World Bank Open Data,https://data.worldbank.org/indicator/SP.POP.TOTL,2026-08-02T04:09:08.531329+00:00
MWI,Malawi,2016,Economics,GDP (current US$),7909868618.46366,current US$,World Bank Open Data,https://data.worldbank.org/indicator/NY.GDP.MKTP.CD,2026-08-02T04:09:09.383790+00:00
MWI,Malawi,2017,Demographics,Population,18039715,people,World Bank Open Data,https://data.worldbank.org/indicator/SP.POP.TOTL,2026-08-02T04:09:08.531329+00:00
MWI,Malawi,2017,Economics,GDP (current US$),8943543793.5839,current US$,World Bank Open Data,https://data.worldbank.org/indicator/NY.GDP.MKTP.CD,2026-08-02T04:09:09.383790+00:00
MWI,Malawi,2018,Demographics,Population,18528081,people,World Bank Open Data,https://data.worldbank.org/indicator/SP.POP.TOTL,2026-08-02T04:09:08.531329+00:00
MWI,Malawi,2018,Economics,GDP (current US$),9879220354.29186,current US$,World Bank Open Data,https://data.worldbank.org/indicator/NY.GDP.MKTP.CD,2026-08-02T04:09:09.383790+00:00
MWI,Malawi,2019,Demographics,Population,19025752,people,World Bank Open Data,https://data.worldbank.org/indicator/SP.POP.TOTL,2026-08-02T04:09:08.531329+00:00
MWI,Malawi,2019,Economics,GDP (current US$),11051852712.6142,current US$,World Bank Open Data,https://data.worldbank.org/indicator/NY.GDP.MKTP.CD,2026-08-02T04:09:09.383790+00:00
MWI,Malawi,2020,Demographics,Population,19533888,people,World Bank Open Data,https://data.worldbank.org/indicator/SP.POP.TOTL,2026-08-02T04:09:08.531329+00:00
MWI,Malawi,2020,Economics,GDP (current US$),11769313597.8545,current US$,World Bank Open Data,https://data.worldbank.org/indicator/NY.GDP.MKTP.CD,2026-08-02T04:09:09.383790+00:00
MWI,Malawi,2021,Demographics,Population,20047258,people,World Bank Open Data,https://data.worldbank.org/indicator/SP.POP.TOTL,2026-08-02T04:09:08.531329+00:00
MWI,Malawi,2021,Economics,GDP (current US$),12378119199.0839,current US$,World Bank Open Data,https://data.worldbank.org/indicator/NY.GDP.MKTP.CD,2026-08-02T04:09:09.383790+00:00
MWI,Malawi,2022,Demographics,Population,20568728,people,World Bank Open Data,https://data.worldbank.org/indicator/SP.POP.TOTL,2026-08-02T04:09:08.531329+00:00
MWI,Malawi,2022,Economics,GDP (current US$),12429059928.102,current US$,World Bank Open Data,https://data.worldbank.org/indicator/NY.GDP.MKTP.CD,2026-08-02T04:09:09.383790+00:00
MWI,Malawi,2023,Demographics,Population,21104482,people,World Bank Open Data,https://data.worldbank.org/indicator/SP.POP.TOTL,2026-08-02T04:09:08.531329+00:00
MWI,Malawi,2023,Economics,GDP (current US$),13363669672.9405,current US$,World Bank Open Data,https://data.worldbank.org/indicator/NY.GDP.MKTP.CD,2026-08-02T04:09:09.383790+00:00
MWI,Malawi,2024,Demographics,Population,21655286,people,World Bank Open Data,https://data.worldbank.org/indicator/SP.POP.TOTL,2026-08-02T04:09:08.531329+00:00
MWI,Malawi,2024,Economics,GDP (current US$),11311971400.3864,current US$,World Bank Open Data,https://data.worldbank.org/indicator/NY.GDP.MKTP.CD,2026-08-02T04:09:09.383790+00:00
MWI,Malawi,2025,Demographics,Population,22216120,people,World Bank Open Data,https://data.worldbank.org/indicator/SP.POP.TOTL,2026-08-02T04:09:08.531329+00:00
MWI,Malawi,2025,Economics,GDP (current US$),14918276698.303,current US$,World Bank Open Data,https://data.worldbank.org/indicator/NY.GDP.MKTP.CD,2026-08-02T04:09:09.383790+00:00
MYS,Malaysia,2016,Demographics,Population,31789685,people,World Bank Open Data,https://data.worldbank.org/indicator/SP.POP.TOTL,2026-08-02T04:09:08.531329+00:00
MYS,Malaysia,2016,Economics,GDP (current US$),301256033870.334,current US$,World Bank Open Data,https://data.worldbank.org/indicator/NY.GDP.MKTP.CD,2026-08-02T04:09:09.383790+00:00
MYS,Malaysia,2017,Demographics,Population,32355644,people,World Bank Open Data,https://data.worldbank.org/indicator/SP.POP.TOTL,2026-08-02T04:09:08.531329+00:00
MYS,Malaysia,2017,Economics,GDP (current US$),319109094160.343,current US$,World Bank Open Data,https://data.worldbank.org/indicator/NY.GDP.MKTP.CD,2026-08-02T04:09:09.383790+00:00
MYS,Malaysia,2018,Demographics,Population,32910967,people,World Bank Open Data,https://data.worldbank.org/indicator/SP.POP.TOTL,2026-08-02T04:09:08.531329+00:00
MYS,Malaysia,2018,Economics,GDP (current US$),358788845712.53,current US$,World Bank Open Data,https://data.worldbank.org/indicator/NY.GDP.MKTP.CD,2026-08-02T04:09:09.383790+00:00
MYS,Malaysia,2019,Demographics,Population,33440596,people,World Bank Open Data,https://data.worldbank.org/indicator/SP.POP.TOTL,2026-08-02T04:09:08.531329+00:00
MYS,Malaysia,2019,Economics,GDP (current US$),365177721021.516,current US$,World Bank Open Data,https://data.worldbank.org/indicator/NY.GDP.MKTP.CD,2026-08-02T04:09:09.383790+00:00
MYS,Malaysia,2020,Demographics,Population,33889558,people,World Bank Open Data,https://data.worldbank.org/indicator/SP.POP.TOTL,2026-08-02T04:09:08.531329+00:00
MYS,Malaysia,2020,Economics,GDP (current US$),337456163961.211,current US$,World Bank Open Data,https://data.worldbank.org/indicator/NY.GDP.MKTP.CD,2026-08-02T04:09:09.383790+00:00
MYS,Malaysia,2021,Demographics,Population,34282399,people,World Bank Open Data,https://data.worldbank.org/indicator/SP.POP.TOTL,2026-08-02T04:09:08.531329+00:00
MYS,Malaysia,2021,Economics,GDP (current US$),373784553029.978,current US$,World Bank Open Data,https://data.worldbank.org/indicator/NY.GDP.MKTP.CD,2026-08-02T04:09:09.383790+00:00
MYS,Malaysia,2022,Demographics,Population,34695493,people,World Bank Open Data,https://data.worldbank.org/indicator/SP.POP.TOTL,2026-08-02T04:09:08.531329+00:00
MYS,Malaysia,2022,Economics,GDP (current US$),407830525989.553,current US$,World Bank Open Data,https://data.worldbank.org/indicator/NY.GDP.MKTP.CD,2026-08-02T04:09:09.383790+00:00
MYS,Malaysia,2023,Demographics,Population,35126298,people,World Bank Open Data,https://data.worldbank.org/indicator/SP.POP.TOTL,2026-08-02T04:09:08.531329+00:00
MYS,Malaysia,2023,Economics,GDP (current US$),399949418752.657,current US$,World Bank Open Data,https://data.worldbank.org/indicator/NY.GDP.MKTP.CD,2026-08-02T04:09:09.383790+00:00
MYS,Malaysia,2024,Demographics,Population,35557673,people,World Bank Open Data,https://data.worldbank.org/indicator/SP.POP.TOTL,2026-08-02T04:09:08.531329+00:00
MYS,Malaysia,2024,Economics,GDP (current US$),422227005428.688,current US$,World Bank Open Data,https://data.worldbank.org/indicator/NY.GDP.MKTP.CD,2026-08-02T04:09:09.383790+00:00
MYS,Malaysia,2025,Demographics,Population,35977838,people,World Bank Open Data,https://data.worldbank.org/indicator/SP.POP.TOTL,2026-08-02T04:09:08.531329+00:00
MYS,Malaysia,2025,Economics,GDP (current US$),472193128644.597,current US$,World Bank Open Data,https://data.worldbank.org/indicator/NY.GDP.MKTP.CD,2026-08-02T04:09:09.383790+00:00
NAM,Namibia,2016,Demographics,Population,2439213,people,World Bank Open Data,https://data.worldbank.org/indicator/SP.POP.TOTL,2026-08-02T04:09:08.531329+00:00
NAM,Namibia,2016,Economics,GDP (current US$),10722018732.0936,current US$,World Bank Open Data,https://data.worldbank.org/indicator/NY.GDP.MKTP.CD,2026-08-02T04:09:09.383790+00:00
NAM,Namibia,2017,Demographics,Population,2506853,people,World Bank Open Data,https://data.worldbank.org/indicator/SP.POP.TOTL,2026-08-02T04:09:08.531329+00:00
NAM,Namibia,2017,Economics,GDP (current US$),12895153370.9132,current US$,World Bank Open Data,https://data.worldbank.org/indicator/NY.GDP.MKTP.CD,2026-08-02T04:09:09.383790+00:00
NAM,Namibia,2018,Demographics,Population,2577327,people,World Bank Open Data,https://data.worldbank.org/indicator/SP.POP.TOTL,2026-08-02T04:09:08.531329+00:00
NAM,Namibia,2018,Economics,GDP (current US$),13682019076.4022,current US$,World Bank Open Data,https://data.worldbank.org/indicator/NY.GDP.MKTP.CD,2026-08-02T04:09:09.383790+00:00
NAM,Namibia,2019,Demographics,Population,2650494,people,World Bank Open Data,https://data.worldbank.org/indicator/SP.POP.TOTL,2026-08-02T04:09:08.531329+00:00
NAM,Namibia,2019,Economics,GDP (current US$),12541928303.48,current US$,World Bank Open Data,https://data.worldbank.org/indicator/NY.GDP.MKTP.CD,2026-08-02T04:09:09.383790+00:00
NAM,Namibia,2020,Demographics,Population,2728762,people,World Bank Open Data,https://data.worldbank.org/indicator/SP.POP.TOTL,2026-08-02T04:09:08.531329+00:00
NAM,Namibia,2020,Economics,GDP (current US$),10583748541.5258,current US$,World Bank Open Data,https://data.worldbank.org/indicator/NY.GDP.MKTP.CD,2026-08-02T04:09:09.383790+00:00
NAM,Namibia,2021,Demographics,Population,2810548,people,World Bank Open Data,https://data.worldbank.org/indicator/SP.POP.TOTL,2026-08-02T04:09:08.531329+00:00
NAM,Namibia,2021,Economics,GDP (current US$),12402486183.6396,current US$,World Bank Open Data,https://data.worldbank.org/indicator/NY.GDP.MKTP.CD,2026-08-02T04:09:09.383790+00:00
NAM,Namibia,2022,Demographics,Population,2889662,people,World Bank Open Data,https://data.worldbank.org/indicator/SP.POP.TOTL,2026-08-02T04:09:08.531329+00:00
NAM,Namibia,2022,Economics,GDP (current US$),12569449123.3661,current US$,World Bank Open Data,https://data.worldbank.org/indicator/NY.GDP.MKTP.CD,2026-08-02T04:09:09.383790+00:00
NAM,Namibia,2023,Demographics,Population,2963095,people,World Bank Open Data,https://data.worldbank.org/indicator/SP.POP.TOTL,2026-08-02T04:09:08.531329+00:00
NAM,Namibia,2023,Economics,GDP (current US$),12522012873.7957,current US$,World Bank Open Data,https://data.worldbank.org/indicator/NY.GDP.MKTP.CD,2026-08-02T04:09:09.383790+00:00
NAM,Namibia,2024,Demographics,Population,3030131,people,World Bank Open Data,https://data.worldbank.org/indicator/SP.POP.TOTL,2026-08-02T04:09:08.531329+00:00
NAM,Namibia,2024,Economics,GDP (current US$),13641190683.4641,current US$,World Bank Open Data,https://data.worldbank.org/indicator/NY.GDP.MKTP.CD,2026-08-02T04:09:09.383790+00:00
NAM,Namibia,2025,Demographics,Population,3092816,people,World Bank Open Data,https://data.worldbank.org/indicator/SP.POP.TOTL,2026-08-02T04:09:08.531329+00:00
NAM,Namibia,2025,Economics,GDP (current US$),15080340653.5276,current US$,World Bank Open Data,https://data.worldbank.org/indicator/NY.GDP.MKTP.CD,2026-08-02T04:09:09.383790+00:00
NCL,New Caledonia,2016,Demographics,Population,283423,people,World Bank Open Data,https://data.worldbank.org/indicator/SP.POP.TOTL,2026-08-02T04:09:08.531329+00:00
NCL,New Caledonia,2016,Economics,GDP (current US$),8724568954.89799,current US$,World Bank Open Data,https://data.worldbank.org/indicator/NY.GDP.MKTP.CD,2026-08-02T04:09:09.383790+00:00
NCL,New Caledonia,2017,Demographics,Population,283546,people,World Bank Open Data,https://data.worldbank.org/indicator/SP.POP.TOTL,2026-08-02T04:09:08.531329+00:00
NCL,New Caledonia,2017,Economics,GDP (current US$),9174048681.98577,current US$,World Bank Open Data,https://data.worldbank.org/indicator/NY.GDP.MKTP.CD,2026-08-02T04:09:09.383790+00:00
NCL,New Caledonia,2018,Demographics,Population,283541,people,World Bank Open Data,https://data.worldbank.org/indicator/SP.POP.TOTL,2026-08-02T04:09:08.531329+00:00
NCL,New Caledonia,2018,Economics,GDP (current US$),9896402283.68587,current US$,World Bank Open Data,https://data.worldbank.org/indicator/NY.GDP.MKTP.CD,2026-08-02T04:09:09.383790+00:00
NCL,New Caledonia,2019,Demographics,Population,283606,people,World Bank Open Data,https://data.worldbank.org/indicator/SP.POP.TOTL,2026-08-02T04:09:08.531329+00:00
NCL,New Caledonia,2019,Economics,GDP (current US$),9475655324.59495,current US$,World Bank Open Data,https://data.worldbank.org/indicator/NY.GDP.MKTP.CD,2026-08-02T04:09:09.383790+00:00
NCL,New Caledonia,2020,Demographics,Population,284176,people,World Bank Open Data,https://data.worldbank.org/indicator/SP.POP.TOTL,2026-08-02T04:09:08.531329+00:00
NCL,New Caledonia,2020,Economics,GDP (current US$),9454629467.91408,current US$,World Bank Open Data,https://data.worldbank.org/indicator/NY.GDP.MKTP.CD,2026-08-02T04:09:09.383790+00:00
NCL,New Caledonia,2021,Demographics,Population,285214,people,World Bank Open Data,https://data.worldbank.org/indicator/SP.POP.TOTL,2026-08-02T04:09:08.531329+00:00
NCL,New Caledonia,2021,Economics,GDP (current US$),10071349663.8484,current US$,World Bank Open Data,https://data.worldbank.org/indicator/NY.GDP.MKTP.CD,2026-08-02T04:09:09.383790+00:00
NCL,New Caledonia,2022,Demographics,Population,287123,people,World Bank Open Data,https://data.worldbank.org/indicator/SP.POP.TOTL,2026-08-02T04:09:08.531329+00:00
NCL,New Caledonia,2022,Economics,GDP (current US$),9623318718.31459,current US$,World Bank Open Data,https://data.worldbank.org/indicator/NY.GDP.MKTP.CD,2026-08-02T04:09:09.383790+00:00
NCL,New Caledonia,2023,Demographics,Population,289870,people,World Bank Open Data,https://data.worldbank.org/indicator/SP.POP.TOTL,2026-08-02T04:09:08.531329+00:00
NCL,New Caledonia,2023,Economics,GDP (current US$),9769167530.35744,current US$,World Bank Open Data,https://data.worldbank.org/indicator/NY.GDP.MKTP.CD,2026-08-02T04:09:09.383790+00:00
NCL,New Caledonia,2024,Demographics,Population,292639,people,World Bank Open Data,https://data.worldbank.org/indicator/SP.POP.TOTL,2026-08-02T04:09:08.531329+00:00
NCL,New Caledonia,2024,Economics,GDP (current US$),8548919387.12607,current US$,World Bank Open Data,https://data.worldbank.org/indicator/NY.GDP.MKTP.CD,2026-08-02T04:09:09.383790+00:00
NCL,New Caledonia,2025,Demographics,Population,295333,people,World Bank Open Data,https://data.worldbank.org/indicator/SP.POP.TOTL,2026-08-02T04:09:08.531329+00:00
NER,Niger,2016,Demographics,Population,20685753,people,World Bank Open Data,https://data.worldbank.org/indicator/SP.POP.TOTL,2026-08-02T04:09:08.531329+00:00
NER,Niger,2016,Economics,GDP (current US$),10341025540.2322,current US$,World Bank Open Data,https://data.worldbank.org/indicator/NY.GDP.MKTP.CD,2026-08-02T04:09:09.383790+00:00
NER,Niger,2017,Demographics,Population,21435446,people,World Bank Open Data,https://data.worldbank.org/indicator/SP.POP.TOTL,2026-08-02T04:09:08.531329+00:00
NER,Niger,2017,Economics,GDP (current US$),11359273443.3897,current US$,World Bank Open Data,https://data.worldbank.org/indicator/NY.GDP.MKTP.CD,2026-08-02T04:09:09.383790+00:00
NER,Niger,2018,Demographics,Population,22188069,people,World Bank Open Data,https://data.worldbank.org/indicator/SP.POP.TOTL,2026-08-02T04:09:08.531329+00:00
NER,Niger,2018,Economics,GDP (current US$),12800907985.9863,current US$,World Bank Open Data,https://data.worldbank.org/indicator/NY.GDP.MKTP.CD,2026-08-02T04:09:09.383790+00:00
NER,Niger,2019,Demographics,Population,22947757,people,World Bank Open Data,https://data.worldbank.org/indicator/SP.POP.TOTL,2026-08-02T04:09:08.531329+00:00
NER,Niger,2019,Economics,GDP (current US$),12420836506.7888,current US$,World Bank Open Data,https://data.worldbank.org/indicator/NY.GDP.MKTP.CD,2026-08-02T04:09:09.383790+00:00
NER,Niger,2020,Demographics,Population,23717613,people,World Bank Open Data,https://data.worldbank.org/indicator/SP.POP.TOTL,2026-08-02T04:09:08.531329+00:00
NER,Niger,2020,Economics,GDP (current US$),13648332189.7307,current US$,World Bank Open Data,https://data.worldbank.org/indicator/NY.GDP.MKTP.CD,2026-08-02T04:09:09.383790+00:00
NER,Niger,2021,Demographics,Population,24502140,people,World Bank Open Data,https://data.worldbank.org/indicator/SP.POP.TOTL,2026-08-02T04:09:08.531329+00:00
NER,Niger,2021,Economics,GDP (current US$),14936154253.3242,current US$,World Bank Open Data,https://data.worldbank.org/indicator/NY.GDP.MKTP.CD,2026-08-02T04:09:09.383790+00:00
NER,Niger,2022,Demographics,Population,25311973,people,World Bank Open Data,https://data.worldbank.org/indicator/SP.POP.TOTL,2026-08-02T04:09:08.531329+00:00
NER,Niger,2022,Economics,GDP (current US$),15531799640.9005,current US$,World Bank Open Data,https://data.worldbank.org/indicator/NY.GDP.MKTP.CD,2026-08-02T04:09:09.383790+00:00
NER,Niger,2023,Demographics,Population,26159867,people,World Bank Open Data,https://data.worldbank.org/indicator/SP.POP.TOTL,2026-08-02T04:09:08.531329+00:00
NER,Niger,2023,Economics,GDP (current US$),16949765463.9058,current US$,World Bank Open Data,https://data.worldbank.org/indicator/NY.GDP.MKTP.CD,2026-08-02T04:09:09.383790+00:00
NER,Niger,2024,Demographics,Population,27032412,people,World Bank Open Data,https://data.worldbank.org/indicator/SP.POP.TOTL,2026-08-02T04:09:08.531329+00:00
NER,Niger,2024,Economics,GDP (current US$),19729786046.7618,current US$,World Bank Open Data,https://data.worldbank.org/indicator/NY.GDP.MKTP.CD,2026-08-02T04:09:09.383790+00:00
NER,Niger,2025,Demographics,Population,27917831,people,World Bank Open Data,https://data.worldbank.org/indicator/SP.POP.TOTL,2026-08-02T04:09:08.531329+00:00
NER,Niger,2025,Economics,GDP (current US$),21646191388.2507,current US$,World Bank Open Data,https://data.worldbank.org/indicator/NY.GDP.MKTP.CD,2026-08-02T04:09:09.383790+00:00
NGA,Nigeria,2016,Demographics,Population,195443700,people,World Bank Open Data,https://data.worldbank.org/indicator/SP.POP.TOTL,2026-08-02T04:09:08.531329+00:00
NGA,Nigeria,2016,Economics,GDP (current US$),404649125252.16,current US$,World Bank Open Data,https://data.worldbank.org/indicator/NY.GDP.MKTP.CD,2026-08-02T04:09:09.383790+00:00
NGA,Nigeria,2017,Demographics,Population,200254579,people,World Bank Open Data,https://data.worldbank.org/indicator/SP.POP.TOTL,2026-08-02T04:09:08.531329+00:00
NGA,Nigeria,2017,Economics,GDP (current US$),375745731053.427,current US$,World Bank Open Data,https://data.worldbank.org/indicator/NY.GDP.MKTP.CD,2026-08-02T04:09:09.383790+00:00
NGA,Nigeria,2018,Demographics,Population,204938755,people,World Bank Open Data,https://data.worldbank.org/indicator/SP.POP.TOTL,2026-08-02T04:09:08.531329+00:00
NGA,Nigeria,2018,Economics,GDP (current US$),421739251509.08,current US$,World Bank Open Data,https://data.worldbank.org/indicator/NY.GDP.MKTP.CD,2026-08-02T04:09:09.383790+00:00
NGA,Nigeria,2019,Demographics,Population,209485641,people,World Bank Open Data,https://data.worldbank.org/indicator/SP.POP.TOTL,2026-08-02T04:09:08.531329+00:00
NGA,Nigeria,2019,Economics,GDP (current US$),668219992686.575,current US$,World Bank Open Data,https://data.worldbank.org/indicator/NY.GDP.MKTP.CD,2026-08-02T04:09:09.383790+00:00
NGA,Nigeria,2020,Demographics,Population,213996181,people,World Bank Open Data,https://data.worldbank.org/indicator/SP.POP.TOTL,2026-08-02T04:09:08.531329+00:00
NGA,Nigeria,2020,Economics,GDP (current US$),598586817817.392,current US$,World Bank Open Data,https://data.worldbank.org/indicator/NY.GDP.MKTP.CD,2026-08-02T04:09:09.383790+00:00
NGA,Nigeria,2021,Demographics,Population,218529286,people,World Bank Open Data,https://data.worldbank.org/indicator/SP.POP.TOTL,2026-08-02T04:09:08.531329+00:00
NGA,Nigeria,2021,Economics,GDP (current US$),609147716965.348,current US$,World Bank Open Data,https://data.worldbank.org/indicator/NY.GDP.MKTP.CD,2026-08-02T04:09:09.383790+00:00
NGA,Nigeria,2022,Demographics,Population,223150896,people,World Bank Open Data,https://data.worldbank.org/indicator/SP.POP.TOTL,2026-08-02T04:09:08.531329+00:00
NGA,Nigeria,2022,Economics,GDP (current US$),646950257575.455,current US$,World Bank Open Data,https://data.worldbank.org/indicator/NY.GDP.MKTP.CD,2026-08-02T04:09:09.383790+00:00
NGA,Nigeria,2023,Demographics,Population,227882945,people,World Bank Open Data,https://data.worldbank.org/indicator/SP.POP.TOTL,2026-08-02T04:09:08.531329+00:00
NGA,Nigeria,2023,Economics,GDP (current US$),487387801877.803,current US$,World Bank Open Data,https://data.worldbank.org/indicator/NY.GDP.MKTP.CD,2026-08-02T04:09:09.383790+00:00
NGA,Nigeria,2024,Demographics,Population,232679478,people,World Bank Open Data,https://data.worldbank.org/indicator/SP.POP.TOTL,2026-08-02T04:09:08.531329+00:00
NGA,Nigeria,2024,Economics,GDP (current US$),252261880140.271,current US$,World Bank Open Data,https://data.worldbank.org/indicator/NY.GDP.MKTP.CD,2026-08-02T04:09:09.383790+00:00
NGA,Nigeria,2025,Demographics,Population,237527782,people,World Bank Open Data,https://data.worldbank.org/indicator/SP.POP.TOTL,2026-08-02T04:09:08.531329+00:00
NGA,Nigeria,2025,Economics,GDP (current US$),290794361542.112,current US$,World Bank Open Data,https://data.worldbank.org/indicator/NY.GDP.MKTP.CD,2026-08-02T04:09:09.383790+00:00
NIC,Nicaragua,2016,Demographics,Population,6232666,people,World Bank Open Data,https://data.worldbank.org/indicator/SP.POP.TOTL,2026-08-02T04:09:08.531329+00:00
NIC,Nicaragua,2016,Economics,GDP (current US$),13286093388.4752,current US$,World Bank Open Data,https://data.worldbank.org/indicator/NY.GDP.MKTP.CD,2026-08-02T04:09:09.383790+00:00
NIC,Nicaragua,2017,Demographics,Population,6316231,people,World Bank Open Data,https://data.worldbank.org/indicator/SP.POP.TOTL,2026-08-02T04:09:08.531329+00:00
NIC,Nicaragua,2017,Economics,GDP (current US$),13785893007.4769,current US$,World Bank Open Data,https://data.worldbank.org/indicator/NY.GDP.MKTP.CD,2026-08-02T04:09:09.383790+00:00
NIC,Nicaragua,2018,Demographics,Population,6400080,people,World Bank Open Data,https://data.worldbank.org/indicator/SP.POP.TOTL,2026-08-02T04:09:08.531329+00:00
NIC,Nicaragua,2018,Economics,GDP (current US$),13025221974.232,current US$,World Bank Open Data,https://data.worldbank.org/indicator/NY.GDP.MKTP.CD,2026-08-02T04:09:09.383790+00:00
NIC,Nicaragua,2019,Demographics,Population,6483657,people,World Bank Open Data,https://data.worldbank.org/indicator/SP.POP.TOTL,2026-08-02T04:09:08.531329+00:00
NIC,Nicaragua,2019,Economics,GDP (current US$),12699023614.245,current US$,World Bank Open Data,https://data.worldbank.org/indicator/NY.GDP.MKTP.CD,2026-08-02T04:09:09.383790+00:00
NIC,Nicaragua,2020,Demographics,Population,6565267,people,World Bank Open Data,https://data.worldbank.org/indicator/SP.POP.TOTL,2026-08-02T04:09:08.531329+00:00
NIC,Nicaragua,2020,Economics,GDP (current US$),12726422432.4868,current US$,World Bank Open Data,https://data.worldbank.org/indicator/NY.GDP.MKTP.CD,2026-08-02T04:09:09.383790+00:00
NIC,Nicaragua,2021,Demographics,Population,6644741,people,World Bank Open Data,https://data.worldbank.org/indicator/SP.POP.TOTL,2026-08-02T04:09:08.531329+00:00
NIC,Nicaragua,2021,Economics,GDP (current US$),14209019392.3025,current US$,World Bank Open Data,https://data.worldbank.org/indicator/NY.GDP.MKTP.CD,2026-08-02T04:09:09.383790+00:00
NIC,Nicaragua,2022,Demographics,Population,6730654,people,World Bank Open Data,https://data.worldbank.org/indicator/SP.POP.TOTL,2026-08-02T04:09:08.531329+00:00
NIC,Nicaragua,2022,Economics,GDP (current US$),15634573555.9049,current US$,World Bank Open Data,https://data.worldbank.org/indicator/NY.GDP.MKTP.CD,2026-08-02T04:09:09.383790+00:00
NIC,Nicaragua,2023,Demographics,Population,6823613,people,World Bank Open Data,https://data.worldbank.org/indicator/SP.POP.TOTL,2026-08-02T04:09:08.531329+00:00
NIC,Nicaragua,2023,Economics,GDP (current US$),17805842220.7571,current US$,World Bank Open Data,https://data.worldbank.org/indicator/NY.GDP.MKTP.CD,2026-08-02T04:09:09.383790+00:00
NIC,Nicaragua,2024,Demographics,Population,6916140,people,World Bank Open Data,https://data.worldbank.org/indicator/SP.POP.TOTL,2026-08-02T04:09:08.531329+00:00
NIC,Nicaragua,2024,Economics,GDP (current US$),19696311850.3289,current US$,World Bank Open Data,https://data.worldbank.org/indicator/NY.GDP.MKTP.CD,2026-08-02T04:09:09.383790+00:00
NIC,Nicaragua,2025,Demographics,Population,7007502,people,World Bank Open Data,https://data.worldbank.org/indicator/SP.POP.TOTL,2026-08-02T04:09:08.531329+00:00
NIC,Nicaragua,2025,Economics,GDP (current US$),22237167113.0916,current US$,World Bank Open Data,https://data.worldbank.org/indicator/NY.GDP.MKTP.CD,2026-08-02T04:09:09.383790+00:00
NLD,Netherlands,2016,Demographics,Population,17030314,people,World Bank Open Data,https://data.worldbank.org/indicator/SP.POP.TOTL,2026-08-02T04:09:08.531329+00:00
NLD,Netherlands,2016,Economics,GDP (current US$),797163949289.885,current US$,World Bank Open Data,https://data.worldbank.org/indicator/NY.GDP.MKTP.CD,2026-08-02T04:09:09.383790+00:00
NLD,Netherlands,2017,Demographics,Population,17131296,people,World Bank Open Data,https://data.worldbank.org/indicator/SP.POP.TOTL,2026-08-02T04:09:08.531329+00:00
NLD,Netherlands,2017,Economics,GDP (current US$),848233537845.884,current US$,World Bank Open Data,https://data.worldbank.org/indicator/NY.GDP.MKTP.CD,2026-08-02T04:09:09.383790+00:00
NLD,Netherlands,2018,Demographics,Population,17231624,people,World Bank Open Data,https://data.worldbank.org/indicator/SP.POP.TOTL,2026-08-02T04:09:08.531329+00:00
NLD,Netherlands,2018,Economics,GDP (current US$),929733599796.862,current US$,World Bank Open Data,https://data.worldbank.org/indicator/NY.GDP.MKTP.CD,2026-08-02T04:09:09.383790+00:00
NLD,Netherlands,2019,Demographics,Population,17344874,people,World Bank Open Data,https://data.worldbank.org/indicator/SP.POP.TOTL,2026-08-02T04:09:08.531329+00:00
NLD,Netherlands,2019,Economics,GDP (current US$),928903005576.469,current US$,World Bank Open Data,https://data.worldbank.org/indicator/NY.GDP.MKTP.CD,2026-08-02T04:09:09.383790+00:00
NLD,Netherlands,2020,Demographics,Population,17441500,people,World Bank Open Data,https://data.worldbank.org/indicator/SP.POP.TOTL,2026-08-02T04:09:08.531329+00:00
NLD,Netherlands,2020,Economics,GDP (current US$),932560861701.17,current US$,World Bank Open Data,https://data.worldbank.org/indicator/NY.GDP.MKTP.CD,2026-08-02T04:09:09.383790+00:00
NLD,Netherlands,2021,Demographics,Population,17533044,people,World Bank Open Data,https://data.worldbank.org/indicator/SP.POP.TOTL,2026-08-02T04:09:08.531329+00:00
NLD,Netherlands,2021,Economics,GDP (current US$),1054472123449.6,current US$,World Bank Open Data,https://data.worldbank.org/indicator/NY.GDP.MKTP.CD,2026-08-02T04:09:09.383790+00:00
NLD,Netherlands,2022,Demographics,Population,17700982,people,World Bank Open Data,https://data.worldbank.org/indicator/SP.POP.TOTL,2026-08-02T04:09:08.531329+00:00
NLD,Netherlands,2022,Economics,GDP (current US$),1046540797548.64,current US$,World Bank Open Data,https://data.worldbank.org/indicator/NY.GDP.MKTP.CD,2026-08-02T04:09:09.383790+00:00
NLD,Netherlands,2023,Demographics,Population,17877117,people,World Bank Open Data,https://data.worldbank.org/indicator/SP.POP.TOTL,2026-08-02T04:09:08.531329+00:00
NLD,Netherlands,2023,Economics,GDP (current US$),1135475867551.0,current US$,World Bank Open Data,https://data.worldbank.org/indicator/NY.GDP.MKTP.CD,2026-08-02T04:09:09.383790+00:00
NLD,Netherlands,2024,Demographics,Population,17993485,people,World Bank Open Data,https://data.worldbank.org/indicator/SP.POP.TOTL,2026-08-02T04:09:08.531329+00:00
NLD,Netherlands,2024,Economics,GDP (current US$),1213936238063.28,current US$,World Bank Open Data,https://data.worldbank.org/indicator/NY.GDP.MKTP.CD,2026-08-02T04:09:09.383790+00:00
NLD,Netherlands,2025,Demographics,Population,18087633,people,World Bank Open Data,https://data.worldbank.org/indicator/SP.POP.TOTL,2026-08-02T04:09:08.531329+00:00
NLD,Netherlands,2025,Economics,GDP (current US$),1332767651100.39,current US$,World Bank Open Data,https://data.worldbank.org/indicator/NY.GDP.MKTP.CD,2026-08-02T04:09:09.383790+00:00
NOR,Norway,2016,Demographics,Population,5234519,people,World Bank Open Data,https://data.worldbank.org/indicator/SP.POP.TOTL,2026-08-02T04:09:08.531329+00:00
NOR,Norway,2016,Economics,GDP (current US$),383284047619.048,current US$,World Bank Open Data,https://data.worldbank.org/indicator/NY.GDP.MKTP.CD,2026-08-02T04:09:09.383790+00:00
NOR,Norway,2017,Demographics,Population,5276968,people,World Bank Open Data,https://data.worldbank.org/indicator/SP.POP.TOTL,2026-08-02T04:09:08.531329+00:00
NOR,Norway,2017,Economics,GDP (current US$),415673181543.421,current US$,World Bank Open Data,https://data.worldbank.org/indicator/NY.GDP.MKTP.CD,2026-08-02T04:09:09.383790+00:00
NOR,Norway,2018,Demographics,Population,5311916,people,World Bank Open Data,https://data.worldbank.org/indicator/SP.POP.TOTL,2026-08-02T04:09:08.531329+00:00
NOR,Norway,2018,Economics,GDP (current US$),454588871810.636,current US$,World Bank Open Data,https://data.worldbank.org/indicator/NY.GDP.MKTP.CD,2026-08-02T04:09:09.383790+00:00
NOR,Norway,2019,Demographics,Population,5347896,people,World Bank Open Data,https://data.worldbank.org/indicator/SP.POP.TOTL,2026-08-02T04:09:08.531329+00:00
NOR,Norway,2019,Economics,GDP (current US$),424244886363.636,current US$,World Bank Open Data,https://data.worldbank.org/indicator/NY.GDP.MKTP.CD,2026-08-02T04:09:09.383790+00:00
NOR,Norway,2020,Demographics,Population,5379475,people,World Bank Open Data,https://data.worldbank.org/indicator/SP.POP.TOTL,2026-08-02T04:09:08.531329+00:00
NOR,Norway,2020,Economics,GDP (current US$),382252517921.94,current US$,World Bank Open Data,https://data.worldbank.org/indicator/NY.GDP.MKTP.CD,2026-08-02T04:09:09.383790+00:00
NOR,Norway,2021,Demographics,Population,5408320,people,World Bank Open Data,https://data.worldbank.org/indicator/SP.POP.TOTL,2026-08-02T04:09:08.531329+00:00
NOR,Norway,2021,Economics,GDP (current US$),521592200232.829,current US$,World Bank Open Data,https://data.worldbank.org/indicator/NY.GDP.MKTP.CD,2026-08-02T04:09:09.383790+00:00
NOR,Norway,2022,Demographics,Population,5457127,people,World Bank Open Data,https://data.worldbank.org/indicator/SP.POP.TOTL,2026-08-02T04:09:08.531329+00:00
NOR,Norway,2022,Economics,GDP (current US$),617321834098.986,current US$,World Bank Open Data,https://data.worldbank.org/indicator/NY.GDP.MKTP.CD,2026-08-02T04:09:09.383790+00:00
NOR,Norway,2023,Demographics,Population,5519601,people,World Bank Open Data,https://data.worldbank.org/indicator/SP.POP.TOTL,2026-08-02T04:09:08.531329+00:00
NOR,Norway,2023,Economics,GDP (current US$),502197633322.816,current US$,World Bank Open Data,https://data.worldbank.org/indicator/NY.GDP.MKTP.CD,2026-08-02T04:09:09.383790+00:00
NOR,Norway,2024,Demographics,Population,5572279,people,World Bank Open Data,https://data.worldbank.org/indicator/SP.POP.TOTL,2026-08-02T04:09:08.531329+00:00
NOR,Norway,2024,Economics,GDP (current US$),500886328034.123,current US$,World Bank Open Data,https://data.worldbank.org/indicator/NY.GDP.MKTP.CD,2026-08-02T04:09:09.383790+00:00
NOR,Norway,2025,Demographics,Population,5610870,people,World Bank Open Data,https://data.worldbank.org/indicator/SP.POP.TOTL,2026-08-02T04:09:08.531329+00:00
NOR,Norway,2025,Economics,GDP (current US$),530755719438.879,current US$,World Bank Open Data,https://data.worldbank.org/indicator/NY.GDP.MKTP.CD,2026-08-02T04:09:09.383790+00:00
NPL,Nepal,2016,Demographics,Population,27955462,people,World Bank Open Data,https://data.worldbank.org/indicator/SP.POP.TOTL,2026-08-02T04:09:08.531329+00:00
NPL,Nepal,2016,Economics,GDP (current US$),24524109483.5293,current US$,World Bank Open Data,https://data.worldbank.org/indicator/NY.GDP.MKTP.CD,2026-08-02T04:09:09.383790+00:00
NPL,Nepal,2017,Demographics,Population,28011258,people,World Bank Open Data,https://data.worldbank.org/indicator/SP.POP.TOTL,2026-08-02T04:09:08.531329+00:00
NPL,Nepal,2017,Economics,GDP (current US$),28971588940.364,current US$,World Bank Open Data,https://data.worldbank.org/indicator/NY.GDP.MKTP.CD,2026-08-02T04:09:09.383790+00:00
NPL,Nepal,2018,Demographics,Population,28079689,people,World Bank Open Data,https://data.worldbank.org/indicator/SP.POP.TOTL,2026-08-02T04:09:08.531329+00:00
NPL,Nepal,2018,Economics,GDP (current US$),33111525237.149,current US$,World Bank Open Data,https://data.worldbank.org/indicator/NY.GDP.MKTP.CD,2026-08-02T04:09:09.383790+00:00
NPL,Nepal,2019,Demographics,Population,28414064,people,World Bank Open Data,https://data.worldbank.org/indicator/SP.POP.TOTL,2026-08-02T04:09:08.531329+00:00
NPL,Nepal,2019,Economics,GDP (current US$),34186180699.0255,current US$,World Bank Open Data,https://data.worldbank.org/indicator/NY.GDP.MKTP.CD,2026-08-02T04:09:09.383790+00:00
NPL,Nepal,2020,Demographics,Population,28966574,people,World Bank Open Data,https://data.worldbank.org/indicator/SP.POP.TOTL,2026-08-02T04:09:08.531329+00:00
NPL,Nepal,2020,Economics,GDP (current US$),33433659301.2466,current US$,World Bank Open Data,https://data.worldbank.org/indicator/NY.GDP.MKTP.CD,2026-08-02T04:09:09.383790+00:00
NPL,Nepal,2021,Demographics,Population,29475010,people,World Bank Open Data,https://data.worldbank.org/indicator/SP.POP.TOTL,2026-08-02T04:09:08.531329+00:00
NPL,Nepal,2021,Economics,GDP (current US$),36924841394.2605,current US$,World Bank Open Data,https://data.worldbank.org/indicator/NY.GDP.MKTP.CD,2026-08-02T04:09:09.383790+00:00
NPL,Nepal,2022,Demographics,Population,29715436,people,World Bank Open Data,https://data.worldbank.org/indicator/SP.POP.TOTL,2026-08-02T04:09:08.531329+00:00
NPL,Nepal,2022,Economics,GDP (current US$),41182939519.8161,current US$,World Bank Open Data,https://data.worldbank.org/indicator/NY.GDP.MKTP.CD,2026-08-02T04:09:09.383790+00:00
NPL,Nepal,2023,Demographics,Population,29694614,people,World Bank Open Data,https://data.worldbank.org/indicator/SP.POP.TOTL,2026-08-02T04:09:08.531329+00:00
NPL,Nepal,2023,Economics,GDP (current US$),41049329851.0546,current US$,World Bank Open Data,https://data.worldbank.org/indicator/NY.GDP.MKTP.CD,2026-08-02T04:09:09.383790+00:00
NPL,Nepal,2024,Demographics,Population,29651054,people,World Bank Open Data,https://data.worldbank.org/indicator/SP.POP.TOTL,2026-08-02T04:09:08.531329+00:00
NPL,Nepal,2024,Economics,GDP (current US$),43298911699.9284,current US$,World Bank Open Data,https://data.worldbank.org/indicator/NY.GDP.MKTP.CD,2026-08-02T04:09:09.383790+00:00
NPL,Nepal,2025,Demographics,Population,29618118,people,World Bank Open Data,https://data.worldbank.org/indicator/SP.POP.TOTL,2026-08-02T04:09:08.531329+00:00
NPL,Nepal,2025,Economics,GDP (current US$),45489810283.1132,current US$,World Bank Open Data,https://data.worldbank.org/indicator/NY.GDP.MKTP.CD,2026-08-02T04:09:09.383790+00:00
NRU,Naoero,2016,Demographics,Population,11150,people,World Bank Open Data,https://data.worldbank.org/indicator/SP.POP.TOTL,2026-08-02T04:09:08.531329+00:00
NRU,Naoero,2016,Economics,GDP (current US$),97541943.0355053,current US$,World Bank Open Data,https://data.worldbank.org/indicator/NY.GDP.MKTP.CD,2026-08-02T04:09:09.383790+00:00
NRU,Naoero,2017,Demographics,Population,11324,people,World Bank Open Data,https://data.worldbank.org/indicator/SP.POP.TOTL,2026-08-02T04:09:08.531329+00:00
NRU,Naoero,2017,Economics,GDP (current US$),109355638.866955,current US$,World Bank Open Data,https://data.worldbank.org/indicator/NY.GDP.MKTP.CD,2026-08-02T04:09:09.383790+00:00
NRU,Naoero,2018,Demographics,Population,11477,people,World Bank Open Data,https://data.worldbank.org/indicator/SP.POP.TOTL,2026-08-02T04:09:08.531329+00:00
NRU,Naoero,2018,Economics,GDP (current US$),130995566.30391,current US$,World Bank Open Data,https://data.worldbank.org/indicator/NY.GDP.MKTP.CD,2026-08-02T04:09:09.383790+00:00
NRU,Naoero,2019,Demographics,Population,11587,people,World Bank Open Data,https://data.worldbank.org/indicator/SP.POP.TOTL,2026-08-02T04:09:08.531329+00:00
NRU,Naoero,2019,Economics,GDP (current US$),125160115.547819,current US$,World Bank Open Data,https://data.worldbank.org/indicator/NY.GDP.MKTP.CD,2026-08-02T04:09:09.383790+00:00
NRU,Naoero,2020,Demographics,Population,11643,people,World Bank Open Data,https://data.worldbank.org/indicator/SP.POP.TOTL,2026-08-02T04:09:08.531329+00:00
NRU,Naoero,2020,Economics,GDP (current US$),124685688.161094,current US$,World Bank Open Data,https://data.worldbank.org/indicator/NY.GDP.MKTP.CD,2026-08-02T04:09:09.383790+00:00
NRU,Naoero,2021,Demographics,Population,11709,people,World Bank Open Data,https://data.worldbank.org/indicator/SP.POP.TOTL,2026-08-02T04:09:08.531329+00:00
NRU,Naoero,2021,Economics,GDP (current US$),149268323.992868,current US$,World Bank Open Data,https://data.worldbank.org/indicator/NY.GDP.MKTP.CD,2026-08-02T04:09:09.383790+00:00
NRU,Naoero,2022,Demographics,Population,11801,people,World Bank Open Data,https://data.worldbank.org/indicator/SP.POP.TOTL,2026-08-02T04:09:08.531329+00:00
NRU,Naoero,2022,Economics,GDP (current US$),180671357.349805,current US$,World Bank Open Data,https://data.worldbank.org/indicator/NY.GDP.MKTP.CD,2026-08-02T04:09:09.383790+00:00
NRU,Naoero,2023,Demographics,Population,11875,people,World Bank Open Data,https://data.worldbank.org/indicator/SP.POP.TOTL,2026-08-02T04:09:08.531329+00:00
NRU,Naoero,2023,Economics,GDP (current US$),161531316.884061,current US$,World Bank Open Data,https://data.worldbank.org/indicator/NY.GDP.MKTP.CD,2026-08-02T04:09:09.383790+00:00
NRU,Naoero,2024,Demographics,Population,11947,people,World Bank Open Data,https://data.worldbank.org/indicator/SP.POP.TOTL,2026-08-02T04:09:08.531329+00:00
NRU,Naoero,2024,Economics,GDP (current US$),167833414.846177,current US$,World Bank Open Data,https://data.worldbank.org/indicator/NY.GDP.MKTP.CD,2026-08-02T04:09:09.383790+00:00
NRU,Naoero,2025,Demographics,Population,12025,people,World Bank Open Data,https://data.worldbank.org/indicator/SP.POP.TOTL,2026-08-02T04:09:08.531329+00:00
NRU,Naoero,2025,Economics,GDP (current US$),176040043.932346,current US$,World Bank Open Data,https://data.worldbank.org/indicator/NY.GDP.MKTP.CD,2026-08-02T04:09:09.383790+00:00
NZL,New Zealand,2016,Demographics,Population,4714100,people,World Bank Open Data,https://data.worldbank.org/indicator/SP.POP.TOTL,2026-08-02T04:09:08.531329+00:00
NZL,New Zealand,2016,Economics,GDP (current US$),188980351890.848,current US$,World Bank Open Data,https://data.worldbank.org/indicator/NY.GDP.MKTP.CD,2026-08-02T04:09:09.383790+00:00
NZL,New Zealand,2017,Demographics,Population,4813600,people,World Bank Open Data,https://data.worldbank.org/indicator/SP.POP.TOTL,2026-08-02T04:09:08.531329+00:00
NZL,New Zealand,2017,Economics,GDP (current US$),206561943051.354,current US$,World Bank Open Data,https://data.worldbank.org/indicator/NY.GDP.MKTP.CD,2026-08-02T04:09:09.383790+00:00
NZL,New Zealand,2018,Demographics,Population,4900600,people,World Bank Open Data,https://data.worldbank.org/indicator/SP.POP.TOTL,2026-08-02T04:09:08.531329+00:00
NZL,New Zealand,2018,Economics,GDP (current US$),211726161989.495,current US$,World Bank Open Data,https://data.worldbank.org/indicator/NY.GDP.MKTP.CD,2026-08-02T04:09:09.383790+00:00
NZL,New Zealand,2019,Demographics,Population,4970300,people,World Bank Open Data,https://data.worldbank.org/indicator/SP.POP.TOTL,2026-08-02T04:09:08.531329+00:00
NZL,New Zealand,2019,Economics,GDP (current US$),213088034258.42,current US$,World Bank Open Data,https://data.worldbank.org/indicator/NY.GDP.MKTP.CD,2026-08-02T04:09:09.383790+00:00
NZL,New Zealand,2020,Demographics,Population,5072400,people,World Bank Open Data,https://data.worldbank.org/indicator/SP.POP.TOTL,2026-08-02T04:09:08.531329+00:00
NZL,New Zealand,2020,Economics,GDP (current US$),213318129988.602,current US$,World Bank Open Data,https://data.worldbank.org/indicator/NY.GDP.MKTP.CD,2026-08-02T04:09:09.383790+00:00
NZL,New Zealand,2021,Demographics,Population,5084600,people,World Bank Open Data,https://data.worldbank.org/indicator/SP.POP.TOTL,2026-08-02T04:09:08.531329+00:00
NZL,New Zealand,2021,Economics,GDP (current US$),253732493987.834,current US$,World Bank Open Data,https://data.worldbank.org/indicator/NY.GDP.MKTP.CD,2026-08-02T04:09:09.383790+00:00
NZL,New Zealand,2022,Demographics,Population,5081700,people,World Bank Open Data,https://data.worldbank.org/indicator/SP.POP.TOTL,2026-08-02T04:09:08.531329+00:00
NZL,New Zealand,2022,Economics,GDP (current US$),249723029451.237,current US$,World Bank Open Data,https://data.worldbank.org/indicator/NY.GDP.MKTP.CD,2026-08-02T04:09:09.383790+00:00
NZL,New Zealand,2023,Demographics,Population,5200000,people,World Bank Open Data,https://data.worldbank.org/indicator/SP.POP.TOTL,2026-08-02T04:09:08.531329+00:00
NZL,New Zealand,2023,Economics,GDP (current US$),256372177757.764,current US$,World Bank Open Data,https://data.worldbank.org/indicator/NY.GDP.MKTP.CD,2026-08-02T04:09:09.383790+00:00
NZL,New Zealand,2024,Demographics,Population,5290000,people,World Bank Open Data,https://data.worldbank.org/indicator/SP.POP.TOTL,2026-08-02T04:09:08.531329+00:00
NZL,New Zealand,2024,Economics,GDP (current US$),261497198363.906,current US$,World Bank Open Data,https://data.worldbank.org/indicator/NY.GDP.MKTP.CD,2026-08-02T04:09:09.383790+00:00
NZL,New Zealand,2025,Demographics,Population,5324700,people,World Bank Open Data,https://data.worldbank.org/indicator/SP.POP.TOTL,2026-08-02T04:09:08.531329+00:00
NZL,New Zealand,2025,Economics,GDP (current US$),264057413739.965,current US$,World Bank Open Data,https://data.worldbank.org/indicator/NY.GDP.MKTP.CD,2026-08-02T04:09:09.383790+00:00
OMN,Oman,2016,Demographics,Population,4390877,people,World Bank Open Data,https://data.worldbank.org/indicator/SP.POP.TOTL,2026-08-02T04:09:08.531329+00:00
OMN,Oman,2016,Economics,GDP (current US$),75128738621.5865,current US$,World Bank Open Data,https://data.worldbank.org/indicator/NY.GDP.MKTP.CD,2026-08-02T04:09:09.383790+00:00
OMN,Oman,2017,Demographics,Population,4537396,people,World Bank Open Data,https://data.worldbank.org/indicator/SP.POP.TOTL,2026-08-02T04:09:08.531329+00:00
OMN,Oman,2017,Economics,GDP (current US$),80856697009.1027,current US$,World Bank Open Data,https://data.worldbank.org/indicator/NY.GDP.MKTP.CD,2026-08-02T04:09:09.383790+00:00
OMN,Oman,2018,Demographics,Population,4597877,people,World Bank Open Data,https://data.worldbank.org/indicator/SP.POP.TOTL,2026-08-02T04:09:08.531329+00:00
OMN,Oman,2018,Economics,GDP (current US$),91505851755.5267,current US$,World Bank Open Data,https://data.worldbank.org/indicator/NY.GDP.MKTP.CD,2026-08-02T04:09:09.383790+00:00
OMN,Oman,2019,Demographics,Population,4591241,people,World Bank Open Data,https://data.worldbank.org/indicator/SP.POP.TOTL,2026-08-02T04:09:08.531329+00:00
OMN,Oman,2019,Economics,GDP (current US$),88060858257.4772,current US$,World Bank Open Data,https://data.worldbank.org/indicator/NY.GDP.MKTP.CD,2026-08-02T04:09:09.383790+00:00
OMN,Oman,2020,Demographics,Population,4522497,people,World Bank Open Data,https://data.worldbank.org/indicator/SP.POP.TOTL,2026-08-02T04:09:08.531329+00:00
OMN,Oman,2020,Economics,GDP (current US$),75909492847.8544,current US$,World Bank Open Data,https://data.worldbank.org/indicator/NY.GDP.MKTP.CD,2026-08-02T04:09:09.383790+00:00
OMN,Oman,2021,Demographics,Population,4500424,people,World Bank Open Data,https://data.worldbank.org/indicator/SP.POP.TOTL,2026-08-02T04:09:08.531329+00:00
OMN,Oman,2021,Economics,GDP (current US$),87323797139.1417,current US$,World Bank Open Data,https://data.worldbank.org/indicator/NY.GDP.MKTP.CD,2026-08-02T04:09:09.383790+00:00
OMN,Oman,2022,Demographics,Population,4730226,people,World Bank Open Data,https://data.worldbank.org/indicator/SP.POP.TOTL,2026-08-02T04:09:08.531329+00:00
OMN,Oman,2022,Economics,GDP (current US$),109852795838.752,current US$,World Bank Open Data,https://data.worldbank.org/indicator/NY.GDP.MKTP.CD,2026-08-02T04:09:09.383790+00:00
OMN,Oman,2023,Demographics,Population,5049269,people,World Bank Open Data,https://data.worldbank.org/indicator/SP.POP.TOTL,2026-08-02T04:09:08.531329+00:00
OMN,Oman,2023,Economics,GDP (current US$),106174707932.38,current US$,World Bank Open Data,https://data.worldbank.org/indicator/NY.GDP.MKTP.CD,2026-08-02T04:09:09.383790+00:00
OMN,Oman,2024,Demographics,Population,5281538,people,World Bank Open Data,https://data.worldbank.org/indicator/SP.POP.TOTL,2026-08-02T04:09:08.531329+00:00
OMN,Oman,2024,Economics,GDP (current US$),107137198699.61,current US$,World Bank Open Data,https://data.worldbank.org/indicator/NY.GDP.MKTP.CD,2026-08-02T04:09:09.383790+00:00
OMN,Oman,2025,Demographics,Population,5494691,people,World Bank Open Data,https://data.worldbank.org/indicator/SP.POP.TOTL,2026-08-02T04:09:08.531329+00:00
OMN,Oman,2025,Economics,GDP (current US$),109604780696.23,current US$,World Bank Open Data,https://data.worldbank.org/indicator/NY.GDP.MKTP.CD,2026-08-02T04:09:09.383790+00:00
PAK,Pakistan,2016,Demographics,Population,220138869,people,World Bank Open Data,https://data.worldbank.org/indicator/SP.POP.TOTL,2026-08-02T04:09:08.531329+00:00
PAK,Pakistan,2016,Economics,GDP (current US$),313630000130.435,current US$,World Bank Open Data,https://data.worldbank.org/indicator/NY.GDP.MKTP.CD,2026-08-02T04:09:09.383790+00:00
PAK,Pakistan,2017,Demographics,Population,223273967,people,World Bank Open Data,https://data.worldbank.org/indicator/SP.POP.TOTL,2026-08-02T04:09:08.531329+00:00
PAK,Pakistan,2017,Economics,GDP (current US$),339205534861.1,current US$,World Bank Open Data,https://data.worldbank.org/indicator/NY.GDP.MKTP.CD,2026-08-02T04:09:09.383790+00:00
PAK,Pakistan,2018,Demographics,Population,226928892,people,World Bank Open Data,https://data.worldbank.org/indicator/SP.POP.TOTL,2026-08-02T04:09:08.531329+00:00
PAK,Pakistan,2018,Economics,GDP (current US$),356128166704.921,current US$,World Bank Open Data,https://data.worldbank.org/indicator/NY.GDP.MKTP.CD,2026-08-02T04:09:09.383790+00:00
PAK,Pakistan,2019,Demographics,Population,230800899,people,World Bank Open Data,https://data.worldbank.org/indicator/SP.POP.TOTL,2026-08-02T04:09:08.531329+00:00
PAK,Pakistan,2019,Economics,GDP (current US$),320909472770.669,current US$,World Bank Open Data,https://data.worldbank.org/indicator/NY.GDP.MKTP.CD,2026-08-02T04:09:09.383790+00:00
PAK,Pakistan,2020,Demographics,Population,235001746,people,World Bank Open Data,https://data.worldbank.org/indicator/SP.POP.TOTL,2026-08-02T04:09:08.531329+00:00
PAK,Pakistan,2020,Economics,GDP (current US$),300425609817.981,current US$,World Bank Open Data,https://data.worldbank.org/indicator/NY.GDP.MKTP.CD,2026-08-02T04:09:09.383790+00:00
PAK,Pakistan,2021,Demographics,Population,239477801,people,World Bank Open Data,https://data.worldbank.org/indicator/SP.POP.TOTL,2026-08-02T04:09:08.531329+00:00
PAK,Pakistan,2021,Economics,GDP (current US$),348516647445.148,current US$,World Bank Open Data,https://data.worldbank.org/indicator/NY.GDP.MKTP.CD,2026-08-02T04:09:09.383790+00:00
PAK,Pakistan,2022,Demographics,Population,243700667,people,World Bank Open Data,https://data.worldbank.org/indicator/SP.POP.TOTL,2026-08-02T04:09:08.531329+00:00
PAK,Pakistan,2022,Economics,GDP (current US$),374890295666.694,current US$,World Bank Open Data,https://data.worldbank.org/indicator/NY.GDP.MKTP.CD,2026-08-02T04:09:09.383790+00:00
PAK,Pakistan,2023,Demographics,Population,247504495,people,World Bank Open Data,https://data.worldbank.org/indicator/SP.POP.TOTL,2026-08-02T04:09:08.531329+00:00
PAK,Pakistan,2023,Economics,GDP (current US$),336686348609.266,current US$,World Bank Open Data,https://data.worldbank.org/indicator/NY.GDP.MKTP.CD,2026-08-02T04:09:09.383790+00:00
PAK,Pakistan,2024,Demographics,Population,251269164,people,World Bank Open Data,https://data.worldbank.org/indicator/SP.POP.TOTL,2026-08-02T04:09:08.531329+00:00
PAK,Pakistan,2024,Economics,GDP (current US$),371747087751.306,current US$,World Bank Open Data,https://data.worldbank.org/indicator/NY.GDP.MKTP.CD,2026-08-02T04:09:09.383790+00:00
PAK,Pakistan,2025,Demographics,Population,255219554,people,World Bank Open Data,https://data.worldbank.org/indicator/SP.POP.TOTL,2026-08-02T04:09:08.531329+00:00
PAK,Pakistan,2025,Economics,GDP (current US$),407307214476.222,current US$,World Bank Open Data,https://data.worldbank.org/indicator/NY.GDP.MKTP.CD,2026-08-02T04:09:09.383790+00:00
PAN,Panama,2016,Demographics,Population,4029086,people,World Bank Open Data,https://data.worldbank.org/indicator/SP.POP.TOTL,2026-08-02T04:09:08.531329+00:00
PAN,Panama,2016,Economics,GDP (current US$),59760858700.0,current US$,World Bank Open Data,https://data.worldbank.org/indicator/NY.GDP.MKTP.CD,2026-08-02T04:09:09.383790+00:00
PAN,Panama,2017,Demographics,Population,4098707,people,World Bank Open Data,https://data.worldbank.org/indicator/SP.POP.TOTL,2026-08-02T04:09:08.531329+00:00
PAN,Panama,2017,Economics,GDP (current US$),64327688800.0,current US$,World Bank Open Data,https://data.worldbank.org/indicator/NY.GDP.MKTP.CD,2026-08-02T04:09:09.383790+00:00
PAN,Panama,2018,Demographics,Population,4167860,people,World Bank Open Data,https://data.worldbank.org/indicator/SP.POP.TOTL,2026-08-02T04:09:08.531329+00:00
PAN,Panama,2018,Economics,GDP (current US$),67316471200.0,current US$,World Bank Open Data,https://data.worldbank.org/indicator/NY.GDP.MKTP.CD,2026-08-02T04:09:09.383790+00:00
PAN,Panama,2019,Demographics,Population,4234700,people,World Bank Open Data,https://data.worldbank.org/indicator/SP.POP.TOTL,2026-08-02T04:09:08.531329+00:00
PAN,Panama,2019,Economics,GDP (current US$),69778991200.0,current US$,World Bank Open Data,https://data.worldbank.org/indicator/NY.GDP.MKTP.CD,2026-08-02T04:09:09.383790+00:00
PAN,Panama,2020,Demographics,Population,4293261,people,World Bank Open Data,https://data.worldbank.org/indicator/SP.POP.TOTL,2026-08-02T04:09:08.531329+00:00
PAN,Panama,2020,Economics,GDP (current US$),57059846500.0,current US$,World Bank Open Data,https://data.worldbank.org/indicator/NY.GDP.MKTP.CD,2026-08-02T04:09:09.383790+00:00
PAN,Panama,2021,Demographics,Population,4345405,people,World Bank Open Data,https://data.worldbank.org/indicator/SP.POP.TOTL,2026-08-02T04:09:08.531329+00:00
PAN,Panama,2021,Economics,GDP (current US$),67396392500.0,current US$,World Bank Open Data,https://data.worldbank.org/indicator/NY.GDP.MKTP.CD,2026-08-02T04:09:09.383790+00:00
PAN,Panama,2022,Demographics,Population,4400773,people,World Bank Open Data,https://data.worldbank.org/indicator/SP.POP.TOTL,2026-08-02T04:09:08.531329+00:00
PAN,Panama,2022,Economics,GDP (current US$),76479304500.0,current US$,World Bank Open Data,https://data.worldbank.org/indicator/NY.GDP.MKTP.CD,2026-08-02T04:09:09.383790+00:00
PAN,Panama,2023,Demographics,Population,4458759,people,World Bank Open Data,https://data.worldbank.org/indicator/SP.POP.TOTL,2026-08-02T04:09:08.531329+00:00
PAN,Panama,2023,Economics,GDP (current US$),83812155200.0,current US$,World Bank Open Data,https://data.worldbank.org/indicator/NY.GDP.MKTP.CD,2026-08-02T04:09:09.383790+00:00
PAN,Panama,2024,Demographics,Population,4515577,people,World Bank Open Data,https://data.worldbank.org/indicator/SP.POP.TOTL,2026-08-02T04:09:08.531329+00:00
PAN,Panama,2024,Economics,GDP (current US$),86523959100.0,current US$,World Bank Open Data,https://data.worldbank.org/indicator/NY.GDP.MKTP.CD,2026-08-02T04:09:09.383790+00:00
PAN,Panama,2025,Demographics,Population,4571189,people,World Bank Open Data,https://data.worldbank.org/indicator/SP.POP.TOTL,2026-08-02T04:09:08.531329+00:00
PAN,Panama,2025,Economics,GDP (current US$),90462600000.0,current US$,World Bank Open Data,https://data.worldbank.org/indicator/NY.GDP.MKTP.CD,2026-08-02T04:09:09.383790+00:00
PER,Peru,2016,Demographics,Population,30866494,people,World Bank Open Data,https://data.worldbank.org/indicator/SP.POP.TOTL,2026-08-02T04:09:08.531329+00:00
PER,Peru,2016,Economics,GDP (current US$),191898104390.379,current US$,World Bank Open Data,https://data.worldbank.org/indicator/NY.GDP.MKTP.CD,2026-08-02T04:09:09.383790+00:00
PER,Peru,2017,Demographics,Population,31324637,people,World Bank Open Data,https://data.worldbank.org/indicator/SP.POP.TOTL,2026-08-02T04:09:08.531329+00:00
PER,Peru,2017,Economics,GDP (current US$),211007984080.911,current US$,World Bank Open Data,https://data.worldbank.org/indicator/NY.GDP.MKTP.CD,2026-08-02T04:09:09.383790+00:00
PER,Peru,2018,Demographics,Population,31897584,people,World Bank Open Data,https://data.worldbank.org/indicator/SP.POP.TOTL,2026-08-02T04:09:08.531329+00:00
PER,Peru,2018,Economics,GDP (current US$),222597009739.235,current US$,World Bank Open Data,https://data.worldbank.org/indicator/NY.GDP.MKTP.CD,2026-08-02T04:09:09.383790+00:00
PER,Peru,2019,Demographics,Population,32449303,people,World Bank Open Data,https://data.worldbank.org/indicator/SP.POP.TOTL,2026-08-02T04:09:08.531329+00:00
PER,Peru,2019,Economics,GDP (current US$),228346006003.648,current US$,World Bank Open Data,https://data.worldbank.org/indicator/NY.GDP.MKTP.CD,2026-08-02T04:09:09.383790+00:00
PER,Peru,2020,Demographics,Population,32838579,people,World Bank Open Data,https://data.worldbank.org/indicator/SP.POP.TOTL,2026-08-02T04:09:08.531329+00:00
PER,Peru,2020,Economics,GDP (current US$),201409694755.934,current US$,World Bank Open Data,https://data.worldbank.org/indicator/NY.GDP.MKTP.CD,2026-08-02T04:09:09.383790+00:00
PER,Peru,2021,Demographics,Population,33155882,people,World Bank Open Data,https://data.worldbank.org/indicator/SP.POP.TOTL,2026-08-02T04:09:08.531329+00:00
PER,Peru,2021,Economics,GDP (current US$),226406075008.878,current US$,World Bank Open Data,https://data.worldbank.org/indicator/NY.GDP.MKTP.CD,2026-08-02T04:09:09.383790+00:00
PER,Peru,2022,Demographics,Population,33475438,people,World Bank Open Data,https://data.worldbank.org/indicator/SP.POP.TOTL,2026-08-02T04:09:08.531329+00:00
PER,Peru,2022,Economics,GDP (current US$),246169867862.821,current US$,World Bank Open Data,https://data.worldbank.org/indicator/NY.GDP.MKTP.CD,2026-08-02T04:09:09.383790+00:00
PER,Peru,2023,Demographics,Population,33845617,people,World Bank Open Data,https://data.worldbank.org/indicator/SP.POP.TOTL,2026-08-02T04:09:08.531329+00:00
PER,Peru,2023,Economics,GDP (current US$),268025009709.319,current US$,World Bank Open Data,https://data.worldbank.org/indicator/NY.GDP.MKTP.CD,2026-08-02T04:09:09.383790+00:00
PER,Peru,2024,Demographics,Population,34217848,people,World Bank Open Data,https://data.worldbank.org/indicator/SP.POP.TOTL,2026-08-02T04:09:08.531329+00:00
PER,Peru,2024,Economics,GDP (current US$),291751523018.903,current US$,World Bank Open Data,https://data.worldbank.org/indicator/NY.GDP.MKTP.CD,2026-08-02T04:09:09.383790+00:00
PER,Peru,2025,Demographics,Population,34576665,people,World Bank Open Data,https://data.worldbank.org/indicator/SP.POP.TOTL,2026-08-02T04:09:08.531329+00:00
PER,Peru,2025,Economics,GDP (current US$),334854659181.893,current US$,World Bank Open Data,https://data.worldbank.org/indicator/NY.GDP.MKTP.CD,2026-08-02T04:09:09.383790+00:00
PHL,Philippines,2016,Demographics,Population,106735719,people,World Bank Open Data,https://data.worldbank.org/indicator/SP.POP.TOTL,2026-08-02T04:09:08.531329+00:00
PHL,Philippines,2016,Economics,GDP (current US$),318627003016.731,current US$,World Bank Open Data,https://data.worldbank.org/indicator/NY.GDP.MKTP.CD,2026-08-02T04:09:09.383790+00:00
PHL,Philippines,2017,Demographics,Population,108119693,people,World Bank Open Data,https://data.worldbank.org/indicator/SP.POP.TOTL,2026-08-02T04:09:08.531329+00:00
PHL,Philippines,2017,Economics,GDP (current US$),328480736802.76,current US$,World Bank Open Data,https://data.worldbank.org/indicator/NY.GDP.MKTP.CD,2026-08-02T04:09:09.383790+00:00
PHL,Philippines,2018,Demographics,Population,109465287,people,World Bank Open Data,https://data.worldbank.org/indicator/SP.POP.TOTL,2026-08-02T04:09:08.531329+00:00
PHL,Philippines,2018,Economics,GDP (current US$),346841896587.313,current US$,World Bank Open Data,https://data.worldbank.org/indicator/NY.GDP.MKTP.CD,2026-08-02T04:09:09.383790+00:00
PHL,Philippines,2019,Demographics,Population,110804683,people,World Bank Open Data,https://data.worldbank.org/indicator/SP.POP.TOTL,2026-08-02T04:09:08.531329+00:00
PHL,Philippines,2019,Economics,GDP (current US$),376823402239.136,current US$,World Bank Open Data,https://data.worldbank.org/indicator/NY.GDP.MKTP.CD,2026-08-02T04:09:09.383790+00:00
PHL,Philippines,2020,Demographics,Population,112081264,people,World Bank Open Data,https://data.worldbank.org/indicator/SP.POP.TOTL,2026-08-02T04:09:08.531329+00:00
PHL,Philippines,2020,Economics,GDP (current US$),361751145451.597,current US$,World Bank Open Data,https://data.worldbank.org/indicator/NY.GDP.MKTP.CD,2026-08-02T04:09:09.383790+00:00
PHL,Philippines,2021,Demographics,Population,113100950,people,World Bank Open Data,https://data.worldbank.org/indicator/SP.POP.TOTL,2026-08-02T04:09:08.531329+00:00
PHL,Philippines,2021,Economics,GDP (current US$),394087359848.11,current US$,World Bank Open Data,https://data.worldbank.org/indicator/NY.GDP.MKTP.CD,2026-08-02T04:09:09.383790+00:00
PHL,Philippines,2022,Demographics,Population,113964338,people,World Bank Open Data,https://data.worldbank.org/indicator/SP.POP.TOTL,2026-08-02T04:09:08.531329+00:00
PHL,Philippines,2022,Economics,GDP (current US$),404353369604.631,current US$,World Bank Open Data,https://data.worldbank.org/indicator/NY.GDP.MKTP.CD,2026-08-02T04:09:09.383790+00:00
PHL,Philippines,2023,Demographics,Population,114891199,people,World Bank Open Data,https://data.worldbank.org/indicator/SP.POP.TOTL,2026-08-02T04:09:08.531329+00:00
PHL,Philippines,2023,Economics,GDP (current US$),437055627245.138,current US$,World Bank Open Data,https://data.worldbank.org/indicator/NY.GDP.MKTP.CD,2026-08-02T04:09:09.383790+00:00
PHL,Philippines,2024,Demographics,Population,115843670,people,World Bank Open Data,https://data.worldbank.org/indicator/SP.POP.TOTL,2026-08-02T04:09:08.531329+00:00
PHL,Philippines,2024,Economics,GDP (current US$),461671157904.74,current US$,World Bank Open Data,https://data.worldbank.org/indicator/NY.GDP.MKTP.CD,2026-08-02T04:09:09.383790+00:00
PHL,Philippines,2025,Demographics,Population,116786962,people,World Bank Open Data,https://data.worldbank.org/indicator/SP.POP.TOTL,2026-08-02T04:09:08.531329+00:00
PHL,Philippines,2025,Economics,GDP (current US$),487086123720.417,current US$,World Bank Open Data,https://data.worldbank.org/indicator/NY.GDP.MKTP.CD,2026-08-02T04:09:09.383790+00:00
PLW,Palau,2016,Demographics,Population,17797,people,World Bank Open Data,https://data.worldbank.org/indicator/SP.POP.TOTL,2026-08-02T04:09:08.531329+00:00
PLW,Palau,2016,Economics,GDP (current US$),303326125.0,current US$,World Bank Open Data,https://data.worldbank.org/indicator/NY.GDP.MKTP.CD,2026-08-02T04:09:09.383790+00:00
PLW,Palau,2017,Demographics,Population,17812,people,World Bank Open Data,https://data.worldbank.org/indicator/SP.POP.TOTL,2026-08-02T04:09:08.531329+00:00
PLW,Palau,2017,Economics,GDP (current US$),289983656.25,current US$,World Bank Open Data,https://data.worldbank.org/indicator/NY.GDP.MKTP.CD,2026-08-02T04:09:09.383790+00:00
PLW,Palau,2018,Demographics,Population,17814,people,World Bank Open Data,https://data.worldbank.org/indicator/SP.POP.TOTL,2026-08-02T04:09:08.531329+00:00
PLW,Palau,2018,Economics,GDP (current US$),288228343.75,current US$,World Bank Open Data,https://data.worldbank.org/indicator/NY.GDP.MKTP.CD,2026-08-02T04:09:09.383790+00:00
PLW,Palau,2019,Demographics,Population,17798,people,World Bank Open Data,https://data.worldbank.org/indicator/SP.POP.TOTL,2026-08-02T04:09:08.531329+00:00
PLW,Palau,2019,Economics,GDP (current US$),281954000.0,current US$,World Bank Open Data,https://data.worldbank.org/indicator/NY.GDP.MKTP.CD,2026-08-02T04:09:09.383790+00:00
PLW,Palau,2020,Demographics,Population,17792,people,World Bank Open Data,https://data.worldbank.org/indicator/SP.POP.TOTL,2026-08-02T04:09:08.531329+00:00
PLW,Palau,2020,Economics,GDP (current US$),258985859.375,current US$,World Bank Open Data,https://data.worldbank.org/indicator/NY.GDP.MKTP.CD,2026-08-02T04:09:09.383790+00:00
PLW,Palau,2021,Demographics,Population,17783,people,World Bank Open Data,https://data.worldbank.org/indicator/SP.POP.TOTL,2026-08-02T04:09:08.531329+00:00
PLW,Palau,2021,Economics,GDP (current US$),235935734.375,current US$,World Bank Open Data,https://data.worldbank.org/indicator/NY.GDP.MKTP.CD,2026-08-02T04:09:09.383790+00:00
PLW,Palau,2022,Demographics,Population,17759,people,World Bank Open Data,https://data.worldbank.org/indicator/SP.POP.TOTL,2026-08-02T04:09:08.531329+00:00
PLW,Palau,2022,Economics,GDP (current US$),247470812.5,current US$,World Bank Open Data,https://data.worldbank.org/indicator/NY.GDP.MKTP.CD,2026-08-02T04:09:09.383790+00:00
PLW,Palau,2023,Demographics,Population,17727,people,World Bank Open Data,https://data.worldbank.org/indicator/SP.POP.TOTL,2026-08-02T04:09:08.531329+00:00
PLW,Palau,2023,Economics,GDP (current US$),276157406.25,current US$,World Bank Open Data,https://data.worldbank.org/indicator/NY.GDP.MKTP.CD,2026-08-02T04:09:09.383790+00:00
PLW,Palau,2024,Demographics,Population,17695,people,World Bank Open Data,https://data.worldbank.org/indicator/SP.POP.TOTL,2026-08-02T04:09:08.531329+00:00
PLW,Palau,2024,Economics,GDP (current US$),321501812.5,current US$,World Bank Open Data,https://data.worldbank.org/indicator/NY.GDP.MKTP.CD,2026-08-02T04:09:09.383790+00:00
PLW,Palau,2025,Demographics,Population,17663,people,World Bank Open Data,https://data.worldbank.org/indicator/SP.POP.TOTL,2026-08-02T04:09:08.531329+00:00
PLW,Palau,2025,Economics,GDP (current US$),345000000.0,current US$,World Bank Open Data,https://data.worldbank.org/indicator/NY.GDP.MKTP.CD,2026-08-02T04:09:09.383790+00:00
PNG,Papua New Guinea,2016,Demographics,Population,8961718,people,World Bank Open Data,https://data.worldbank.org/indicator/SP.POP.TOTL,2026-08-02T04:09:08.531329+00:00
PNG,Papua New Guinea,2016,Economics,GDP (current US$),20758876952.6232,current US$,World Bank Open Data,https://data.worldbank.org/indicator/NY.GDP.MKTP.CD,2026-08-02T04:09:09.383790+00:00
PNG,Papua New Guinea,2017,Demographics,Population,9178714,people,World Bank Open Data,https://data.worldbank.org/indicator/SP.POP.TOTL,2026-08-02T04:09:08.531329+00:00
PNG,Papua New Guinea,2017,Economics,GDP (current US$),22742699138.356,current US$,World Bank Open Data,https://data.worldbank.org/indicator/NY.GDP.MKTP.CD,2026-08-02T04:09:09.383790+00:00
PNG,Papua New Guinea,2018,Demographics,Population,9394513,people,World Bank Open Data,https://data.worldbank.org/indicator/SP.POP.TOTL,2026-08-02T04:09:08.531329+00:00
PNG,Papua New Guinea,2018,Economics,GDP (current US$),24109780708.0268,current US$,World Bank Open Data,https://data.worldbank.org/indicator/NY.GDP.MKTP.CD,2026-08-02T04:09:09.383790+00:00
PNG,Papua New Guinea,2019,Demographics,Population,9609010,people,World Bank Open Data,https://data.worldbank.org/indicator/SP.POP.TOTL,2026-08-02T04:09:08.531329+00:00
PNG,Papua New Guinea,2019,Economics,GDP (current US$),24750626029.8777,current US$,World Bank Open Data,https://data.worldbank.org/indicator/NY.GDP.MKTP.CD,2026-08-02T04:09:09.383790+00:00
PNG,Papua New Guinea,2020,Demographics,Population,9815746,people,World Bank Open Data,https://data.worldbank.org/indicator/SP.POP.TOTL,2026-08-02T04:09:08.531329+00:00
PNG,Papua New Guinea,2020,Economics,GDP (current US$),23848447849.6081,current US$,World Bank Open Data,https://data.worldbank.org/indicator/NY.GDP.MKTP.CD,2026-08-02T04:09:09.383790+00:00
PNG,Papua New Guinea,2021,Demographics,Population,10012896,people,World Bank Open Data,https://data.worldbank.org/indicator/SP.POP.TOTL,2026-08-02T04:09:08.531329+00:00
PNG,Papua New Guinea,2021,Economics,GDP (current US$),26113409477.7318,current US$,World Bank Open Data,https://data.worldbank.org/indicator/NY.GDP.MKTP.CD,2026-08-02T04:09:09.383790+00:00
PNG,Papua New Guinea,2022,Demographics,Population,10203169,people,World Bank Open Data,https://data.worldbank.org/indicator/SP.POP.TOTL,2026-08-02T04:09:08.531329+00:00
PNG,Papua New Guinea,2022,Economics,GDP (current US$),31653230962.4549,current US$,World Bank Open Data,https://data.worldbank.org/indicator/NY.GDP.MKTP.CD,2026-08-02T04:09:09.383790+00:00
PNG,Papua New Guinea,2023,Demographics,Population,10389635,people,World Bank Open Data,https://data.worldbank.org/indicator/SP.POP.TOTL,2026-08-02T04:09:08.531329+00:00
PNG,Papua New Guinea,2023,Economics,GDP (current US$),30816328065.6492,current US$,World Bank Open Data,https://data.worldbank.org/indicator/NY.GDP.MKTP.CD,2026-08-02T04:09:09.383790+00:00
PNG,Papua New Guinea,2024,Demographics,Population,10576502,people,World Bank Open Data,https://data.worldbank.org/indicator/SP.POP.TOTL,2026-08-02T04:09:08.531329+00:00
PNG,Papua New Guinea,2024,Economics,GDP (current US$),30803971189.4102,current US$,World Bank Open Data,https://data.worldbank.org/indicator/NY.GDP.MKTP.CD,2026-08-02T04:09:09.383790+00:00
PNG,Papua New Guinea,2025,Demographics,Population,10762817,people,World Bank Open Data,https://data.worldbank.org/indicator/SP.POP.TOTL,2026-08-02T04:09:08.531329+00:00
PNG,Papua New Guinea,2025,Economics,GDP (current US$),32498658653.8415,current US$,World Bank Open Data,https://data.worldbank.org/indicator/NY.GDP.MKTP.CD,2026-08-02T04:09:09.383790+00:00
POL,Poland,2016,Demographics,Population,37970087,people,World Bank Open Data,https://data.worldbank.org/indicator/SP.POP.TOTL,2026-08-02T04:09:08.531329+00:00
POL,Poland,2016,Economics,GDP (current US$),473259623976.262,current US$,World Bank Open Data,https://data.worldbank.org/indicator/NY.GDP.MKTP.CD,2026-08-02T04:09:09.383790+00:00
POL,Poland,2017,Demographics,Population,37974826,people,World Bank Open Data,https://data.worldbank.org/indicator/SP.POP.TOTL,2026-08-02T04:09:08.531329+00:00
POL,Poland,2017,Economics,GDP (current US$),528356723263.073,current US$,World Bank Open Data,https://data.worldbank.org/indicator/NY.GDP.MKTP.CD,2026-08-02T04:09:09.383790+00:00
POL,Poland,2018,Demographics,Population,37974750,people,World Bank Open Data,https://data.worldbank.org/indicator/SP.POP.TOTL,2026-08-02T04:09:08.531329+00:00
POL,Poland,2018,Economics,GDP (current US$),594616632477.019,current US$,World Bank Open Data,https://data.worldbank.org/indicator/NY.GDP.MKTP.CD,2026-08-02T04:09:09.383790+00:00
POL,Poland,2019,Demographics,Population,37965475,people,World Bank Open Data,https://data.worldbank.org/indicator/SP.POP.TOTL,2026-08-02T04:09:08.531329+00:00
POL,Poland,2019,Economics,GDP (current US$),602683770144.88,current US$,World Bank Open Data,https://data.worldbank.org/indicator/NY.GDP.MKTP.CD,2026-08-02T04:09:09.383790+00:00
POL,Poland,2020,Demographics,Population,37515748,people,World Bank Open Data,https://data.worldbank.org/indicator/SP.POP.TOTL,2026-08-02T04:09:08.531329+00:00
POL,Poland,2020,Economics,GDP (current US$),605914237903.742,current US$,World Bank Open Data,https://data.worldbank.org/indicator/NY.GDP.MKTP.CD,2026-08-02T04:09:09.383790+00:00
POL,Poland,2021,Demographics,Population,36981559,people,World Bank Open Data,https://data.worldbank.org/indicator/SP.POP.TOTL,2026-08-02T04:09:08.531329+00:00
POL,Poland,2021,Economics,GDP (current US$),689170230665.35,current US$,World Bank Open Data,https://data.worldbank.org/indicator/NY.GDP.MKTP.CD,2026-08-02T04:09:09.383790+00:00
POL,Poland,2022,Demographics,Population,36821749,people,World Bank Open Data,https://data.worldbank.org/indicator/SP.POP.TOTL,2026-08-02T04:09:08.531329+00:00
POL,Poland,2022,Economics,GDP (current US$),695607470875.276,current US$,World Bank Open Data,https://data.worldbank.org/indicator/NY.GDP.MKTP.CD,2026-08-02T04:09:09.383790+00:00
POL,Poland,2023,Demographics,Population,36687353,people,World Bank Open Data,https://data.worldbank.org/indicator/SP.POP.TOTL,2026-08-02T04:09:08.531329+00:00
POL,Poland,2023,Economics,GDP (current US$),812451193396.143,current US$,World Bank Open Data,https://data.worldbank.org/indicator/NY.GDP.MKTP.CD,2026-08-02T04:09:09.383790+00:00
POL,Poland,2024,Demographics,Population,36559233,people,World Bank Open Data,https://data.worldbank.org/indicator/SP.POP.TOTL,2026-08-02T04:09:08.531329+00:00
POL,Poland,2024,Economics,GDP (current US$),917767106146.761,current US$,World Bank Open Data,https://data.worldbank.org/indicator/NY.GDP.MKTP.CD,2026-08-02T04:09:09.383790+00:00
POL,Poland,2025,Demographics,Population,36435861,people,World Bank Open Data,https://data.worldbank.org/indicator/SP.POP.TOTL,2026-08-02T04:09:08.531329+00:00
POL,Poland,2025,Economics,GDP (current US$),1035491784197.44,current US$,World Bank Open Data,https://data.worldbank.org/indicator/NY.GDP.MKTP.CD,2026-08-02T04:09:09.383790+00:00
PRI,Puerto Rico (US),2016,Demographics,Population,3480432,people,World Bank Open Data,https://data.worldbank.org/indicator/SP.POP.TOTL,2026-08-02T04:09:08.531329+00:00
PRI,Puerto Rico (US),2016,Economics,GDP (current US$),104336700000.0,current US$,World Bank Open Data,https://data.worldbank.org/indicator/NY.GDP.MKTP.CD,2026-08-02T04:09:09.383790+00:00
PRI,Puerto Rico (US),2017,Demographics,Population,3410837,people,World Bank Open Data,https://data.worldbank.org/indicator/SP.POP.TOTL,2026-08-02T04:09:08.531329+00:00
PRI,Puerto Rico (US),2017,Economics,GDP (current US$),103445500000.0,current US$,World Bank Open Data,https://data.worldbank.org/indicator/NY.GDP.MKTP.CD,2026-08-02T04:09:09.383790+00:00
PRI,Puerto Rico (US),2018,Demographics,Population,3290690,people,World Bank Open Data,https://data.worldbank.org/indicator/SP.POP.TOTL,2026-08-02T04:09:08.531329+00:00
PRI,Puerto Rico (US),2018,Economics,GDP (current US$),100958100000.0,current US$,World Bank Open Data,https://data.worldbank.org/indicator/NY.GDP.MKTP.CD,2026-08-02T04:09:09.383790+00:00
PRI,Puerto Rico (US),2019,Demographics,Population,3302691,people,World Bank Open Data,https://data.worldbank.org/indicator/SP.POP.TOTL,2026-08-02T04:09:08.531329+00:00
PRI,Puerto Rico (US),2019,Economics,GDP (current US$),105126400000.0,current US$,World Bank Open Data,https://data.worldbank.org/indicator/NY.GDP.MKTP.CD,2026-08-02T04:09:09.383790+00:00
PRI,Puerto Rico (US),2020,Demographics,Population,3281591,people,World Bank Open Data,https://data.worldbank.org/indicator/SP.POP.TOTL,2026-08-02T04:09:08.531329+00:00
PRI,Puerto Rico (US),2020,Economics,GDP (current US$),103130900000.0,current US$,World Bank Open Data,https://data.worldbank.org/indicator/NY.GDP.MKTP.CD,2026-08-02T04:09:09.383790+00:00
PRI,Puerto Rico (US),2021,Demographics,Population,3262731,people,World Bank Open Data,https://data.worldbank.org/indicator/SP.POP.TOTL,2026-08-02T04:09:08.531329+00:00
PRI,Puerto Rico (US),2021,Economics,GDP (current US$),106426600000.0,current US$,World Bank Open Data,https://data.worldbank.org/indicator/NY.GDP.MKTP.CD,2026-08-02T04:09:09.383790+00:00
PRI,Puerto Rico (US),2022,Demographics,Population,3220148,people,World Bank Open Data,https://data.worldbank.org/indicator/SP.POP.TOTL,2026-08-02T04:09:08.531329+00:00
PRI,Puerto Rico (US),2022,Economics,GDP (current US$),113843700000.0,current US$,World Bank Open Data,https://data.worldbank.org/indicator/NY.GDP.MKTP.CD,2026-08-02T04:09:09.383790+00:00
PRI,Puerto Rico (US),2023,Demographics,Population,3203794,people,World Bank Open Data,https://data.worldbank.org/indicator/SP.POP.TOTL,2026-08-02T04:09:08.531329+00:00
PRI,Puerto Rico (US),2023,Economics,GDP (current US$),118478754280.882,current US$,World Bank Open Data,https://data.worldbank.org/indicator/NY.GDP.MKTP.CD,2026-08-02T04:09:09.383790+00:00
PRI,Puerto Rico (US),2024,Demographics,Population,3202521,people,World Bank Open Data,https://data.worldbank.org/indicator/SP.POP.TOTL,2026-08-02T04:09:08.531329+00:00
PRI,Puerto Rico (US),2024,Economics,GDP (current US$),126029527033.705,current US$,World Bank Open Data,https://data.worldbank.org/indicator/NY.GDP.MKTP.CD,2026-08-02T04:09:09.383790+00:00
PRI,Puerto Rico (US),2025,Demographics,Population,3184835,people,World Bank Open Data,https://data.worldbank.org/indicator/SP.POP.TOTL,2026-08-02T04:09:08.531329+00:00
PRI,Puerto Rico (US),2025,Economics,GDP (current US$),129368484000.0,current US$,World Bank Open Data,https://data.worldbank.org/indicator/NY.GDP.MKTP.CD,2026-08-02T04:09:09.383790+00:00
PRK,"Korea, Dem. People's Rep.",2016,Demographics,Population,25698326,people,World Bank Open Data,https://data.worldbank.org/indicator/SP.POP.TOTL,2026-08-02T04:09:08.531329+00:00
PRK,"Korea, Dem. People's Rep.",2017,Demographics,Population,25817709,people,World Bank Open Data,https://data.worldbank.org/indicator/SP.POP.TOTL,2026-08-02T04:09:08.531329+00:00
PRK,"Korea, Dem. People's Rep.",2018,Demographics,Population,25931147,people,World Bank Open Data,https://data.worldbank.org/indicator/SP.POP.TOTL,2026-08-02T04:09:08.531329+00:00
PRK,"Korea, Dem. People's Rep.",2019,Demographics,Population,26037632,people,World Bank Open Data,https://data.worldbank.org/indicator/SP.POP.TOTL,2026-08-02T04:09:08.531329+00:00
PRK,"Korea, Dem. People's Rep.",2020,Demographics,Population,26136312,people,World Bank Open Data,https://data.worldbank.org/indicator/SP.POP.TOTL,2026-08-02T04:09:08.531329+00:00
PRK,"Korea, Dem. People's Rep.",2021,Demographics,Population,26232534,people,World Bank Open Data,https://data.worldbank.org/indicator/SP.POP.TOTL,2026-08-02T04:09:08.531329+00:00
PRK,"Korea, Dem. People's Rep.",2022,Demographics,Population,26328845,people,World Bank Open Data,https://data.worldbank.org/indicator/SP.POP.TOTL,2026-08-02T04:09:08.531329+00:00
PRK,"Korea, Dem. People's Rep.",2023,Demographics,Population,26418204,people,World Bank Open Data,https://data.worldbank.org/indicator/SP.POP.TOTL,2026-08-02T04:09:08.531329+00:00
PRK,"Korea, Dem. People's Rep.",2024,Demographics,Population,26498823,people,World Bank Open Data,https://data.worldbank.org/indicator/SP.POP.TOTL,2026-08-02T04:09:08.531329+00:00
PRK,"Korea, Dem. People's Rep.",2025,Demographics,Population,26571036,people,World Bank Open Data,https://data.worldbank.org/indicator/SP.POP.TOTL,2026-08-02T04:09:08.531329+00:00
PRT,Portugal,2016,Demographics,Population,10325452,people,World Bank Open Data,https://data.worldbank.org/indicator/SP.POP.TOTL,2026-08-02T04:09:08.531329+00:00
PRT,Portugal,2016,Economics,GDP (current US$),206305431241.638,current US$,World Bank Open Data,https://data.worldbank.org/indicator/NY.GDP.MKTP.CD,2026-08-02T04:09:09.383790+00:00
PRT,Portugal,2017,Demographics,Population,10300300,people,World Bank Open Data,https://data.worldbank.org/indicator/SP.POP.TOTL,2026-08-02T04:09:08.531329+00:00
PRT,Portugal,2017,Economics,GDP (current US$),220862990767.229,current US$,World Bank Open Data,https://data.worldbank.org/indicator/NY.GDP.MKTP.CD,2026-08-02T04:09:09.383790+00:00
PRT,Portugal,2018,Demographics,Population,10283822,people,World Bank Open Data,https://data.worldbank.org/indicator/SP.POP.TOTL,2026-08-02T04:09:08.531329+00:00
PRT,Portugal,2018,Economics,GDP (current US$),242092894542.888,current US$,World Bank Open Data,https://data.worldbank.org/indicator/NY.GDP.MKTP.CD,2026-08-02T04:09:09.383790+00:00
PRT,Portugal,2019,Demographics,Population,10286263,people,World Bank Open Data,https://data.worldbank.org/indicator/SP.POP.TOTL,2026-08-02T04:09:08.531329+00:00
PRT,Portugal,2019,Economics,GDP (current US$),240115970063.019,current US$,World Bank Open Data,https://data.worldbank.org/indicator/NY.GDP.MKTP.CD,2026-08-02T04:09:09.383790+00:00
PRT,Portugal,2020,Demographics,Population,10297081,people,World Bank Open Data,https://data.worldbank.org/indicator/SP.POP.TOTL,2026-08-02T04:09:08.531329+00:00
PRT,Portugal,2020,Economics,GDP (current US$),229618773422.577,current US$,World Bank Open Data,https://data.worldbank.org/indicator/NY.GDP.MKTP.CD,2026-08-02T04:09:09.383790+00:00
PRT,Portugal,2021,Demographics,Population,10361831,people,World Bank Open Data,https://data.worldbank.org/indicator/SP.POP.TOTL,2026-08-02T04:09:08.531329+00:00
PRT,Portugal,2021,Economics,GDP (current US$),256055879091.139,current US$,World Bank Open Data,https://data.worldbank.org/indicator/NY.GDP.MKTP.CD,2026-08-02T04:09:09.383790+00:00
PRT,Portugal,2022,Demographics,Population,10434332,people,World Bank Open Data,https://data.worldbank.org/indicator/SP.POP.TOTL,2026-08-02T04:09:08.531329+00:00
PRT,Portugal,2022,Economics,GDP (current US$),256898677175.024,current US$,World Bank Open Data,https://data.worldbank.org/indicator/NY.GDP.MKTP.CD,2026-08-02T04:09:09.383790+00:00
PRT,Portugal,2023,Demographics,Population,10578174,people,World Bank Open Data,https://data.worldbank.org/indicator/SP.POP.TOTL,2026-08-02T04:09:08.531329+00:00
PRT,Portugal,2023,Economics,GDP (current US$),292323800948.839,current US$,World Bank Open Data,https://data.worldbank.org/indicator/NY.GDP.MKTP.CD,2026-08-02T04:09:09.383790+00:00
PRT,Portugal,2024,Demographics,Population,10694681,people,World Bank Open Data,https://data.worldbank.org/indicator/SP.POP.TOTL,2026-08-02T04:09:08.531329+00:00
PRT,Portugal,2024,Economics,GDP (current US$),313656884870.859,current US$,World Bank Open Data,https://data.worldbank.org/indicator/NY.GDP.MKTP.CD,2026-08-02T04:09:09.383790+00:00
PRT,Portugal,2025,Demographics,Population,10804871,people,World Bank Open Data,https://data.worldbank.org/indicator/SP.POP.TOTL,2026-08-02T04:09:08.531329+00:00
PRT,Portugal,2025,Economics,GDP (current US$),346639825141.821,current US$,World Bank Open Data,https://data.worldbank.org/indicator/NY.GDP.MKTP.CD,2026-08-02T04:09:09.383790+00:00
PRY,Paraguay,2016,Demographics,Population,6249126,people,World Bank Open Data,https://data.worldbank.org/indicator/SP.POP.TOTL,2026-08-02T04:09:08.531329+00:00
PRY,Paraguay,2016,Economics,GDP (current US$),36089700222.9461,current US$,World Bank Open Data,https://data.worldbank.org/indicator/NY.GDP.MKTP.CD,2026-08-02T04:09:09.383790+00:00
PRY,Paraguay,2017,Demographics,Population,6338660,people,World Bank Open Data,https://data.worldbank.org/indicator/SP.POP.TOTL,2026-08-02T04:09:08.531329+00:00
PRY,Paraguay,2017,Economics,GDP (current US$),38997129473.5558,current US$,World Bank Open Data,https://data.worldbank.org/indicator/NY.GDP.MKTP.CD,2026-08-02T04:09:09.383790+00:00
PRY,Paraguay,2018,Demographics,Population,6427382,people,World Bank Open Data,https://data.worldbank.org/indicator/SP.POP.TOTL,2026-08-02T04:09:08.531329+00:00
PRY,Paraguay,2018,Economics,GDP (current US$),40225448340.6322,current US$,World Bank Open Data,https://data.worldbank.org/indicator/NY.GDP.MKTP.CD,2026-08-02T04:09:09.383790+00:00
PRY,Paraguay,2019,Demographics,Population,6515058,people,World Bank Open Data,https://data.worldbank.org/indicator/SP.POP.TOTL,2026-08-02T04:09:08.531329+00:00
PRY,Paraguay,2019,Economics,GDP (current US$),37925338329.1494,current US$,World Bank Open Data,https://data.worldbank.org/indicator/NY.GDP.MKTP.CD,2026-08-02T04:09:09.383790+00:00
PRY,Paraguay,2020,Demographics,Population,6603739,people,World Bank Open Data,https://data.worldbank.org/indicator/SP.POP.TOTL,2026-08-02T04:09:08.531329+00:00
PRY,Paraguay,2020,Economics,GDP (current US$),35432178068.1814,current US$,World Bank Open Data,https://data.worldbank.org/indicator/NY.GDP.MKTP.CD,2026-08-02T04:09:09.383790+00:00
PRY,Paraguay,2021,Demographics,Population,6684182,people,World Bank Open Data,https://data.worldbank.org/indicator/SP.POP.TOTL,2026-08-02T04:09:08.531329+00:00
PRY,Paraguay,2021,Economics,GDP (current US$),39937357255.8716,current US$,World Bank Open Data,https://data.worldbank.org/indicator/NY.GDP.MKTP.CD,2026-08-02T04:09:09.383790+00:00
PRY,Paraguay,2022,Demographics,Population,6760464,people,World Bank Open Data,https://data.worldbank.org/indicator/SP.POP.TOTL,2026-08-02T04:09:08.531329+00:00
PRY,Paraguay,2022,Economics,GDP (current US$),41841201626.7253,current US$,World Bank Open Data,https://data.worldbank.org/indicator/NY.GDP.MKTP.CD,2026-08-02T04:09:09.383790+00:00
PRY,Paraguay,2023,Demographics,Population,6844146,people,World Bank Open Data,https://data.worldbank.org/indicator/SP.POP.TOTL,2026-08-02T04:09:08.531329+00:00
PRY,Paraguay,2023,Economics,GDP (current US$),43140465595.6662,current US$,World Bank Open Data,https://data.worldbank.org/indicator/NY.GDP.MKTP.CD,2026-08-02T04:09:09.383790+00:00
PRY,Paraguay,2024,Demographics,Population,6929153,people,World Bank Open Data,https://data.worldbank.org/indicator/SP.POP.TOTL,2026-08-02T04:09:08.531329+00:00
PRY,Paraguay,2024,Economics,GDP (current US$),44738819362.3269,current US$,World Bank Open Data,https://data.worldbank.org/indicator/NY.GDP.MKTP.CD,2026-08-02T04:09:09.383790+00:00
PRY,Paraguay,2025,Demographics,Population,7013078,people,World Bank Open Data,https://data.worldbank.org/indicator/SP.POP.TOTL,2026-08-02T04:09:08.531329+00:00
PRY,Paraguay,2025,Economics,GDP (current US$),49278227554.3339,current US$,World Bank Open Data,https://data.worldbank.org/indicator/NY.GDP.MKTP.CD,2026-08-02T04:09:09.383790+00:00
PSE,West Bank and Gaza,2016,Demographics,Population,4367088,people,World Bank Open Data,https://data.worldbank.org/indicator/SP.POP.TOTL,2026-08-02T04:09:08.531329+00:00
PSE,West Bank and Gaza,2016,Economics,GDP (current US$),15405400000.0,current US$,World Bank Open Data,https://data.worldbank.org/indicator/NY.GDP.MKTP.CD,2026-08-02T04:09:09.383790+00:00
PSE,West Bank and Gaza,2017,Demographics,Population,4454805,people,World Bank Open Data,https://data.worldbank.org/indicator/SP.POP.TOTL,2026-08-02T04:09:08.531329+00:00
PSE,West Bank and Gaza,2017,Economics,GDP (current US$),16128000000.0,current US$,World Bank Open Data,https://data.worldbank.org/indicator/NY.GDP.MKTP.CD,2026-08-02T04:09:09.383790+00:00
PSE,West Bank and Gaza,2018,Demographics,Population,4569087,people,World Bank Open Data,https://data.worldbank.org/indicator/SP.POP.TOTL,2026-08-02T04:09:08.531329+00:00
PSE,West Bank and Gaza,2018,Economics,GDP (current US$),16276600000.0,current US$,World Bank Open Data,https://data.worldbank.org/indicator/NY.GDP.MKTP.CD,2026-08-02T04:09:09.383790+00:00
PSE,West Bank and Gaza,2019,Demographics,Population,4685306,people,World Bank Open Data,https://data.worldbank.org/indicator/SP.POP.TOTL,2026-08-02T04:09:08.531329+00:00
PSE,West Bank and Gaza,2019,Economics,GDP (current US$),17133500000.0,current US$,World Bank Open Data,https://data.worldbank.org/indicator/NY.GDP.MKTP.CD,2026-08-02T04:09:09.383790+00:00
PSE,West Bank and Gaza,2020,Demographics,Population,4803269,people,World Bank Open Data,https://data.worldbank.org/indicator/SP.POP.TOTL,2026-08-02T04:09:08.531329+00:00
PSE,West Bank and Gaza,2020,Economics,GDP (current US$),15531700000.0,current US$,World Bank Open Data,https://data.worldbank.org/indicator/NY.GDP.MKTP.CD,2026-08-02T04:09:09.383790+00:00
PSE,West Bank and Gaza,2021,Demographics,Population,4922749,people,World Bank Open Data,https://data.worldbank.org/indicator/SP.POP.TOTL,2026-08-02T04:09:08.531329+00:00
PSE,West Bank and Gaza,2021,Economics,GDP (current US$),18109000000.0,current US$,World Bank Open Data,https://data.worldbank.org/indicator/NY.GDP.MKTP.CD,2026-08-02T04:09:09.383790+00:00
PSE,West Bank and Gaza,2022,Demographics,Population,5043612,people,World Bank Open Data,https://data.worldbank.org/indicator/SP.POP.TOTL,2026-08-02T04:09:08.531329+00:00
PSE,West Bank and Gaza,2022,Economics,GDP (current US$),19165500000.0,current US$,World Bank Open Data,https://data.worldbank.org/indicator/NY.GDP.MKTP.CD,2026-08-02T04:09:09.383790+00:00
PSE,West Bank and Gaza,2023,Demographics,Population,5165775,people,World Bank Open Data,https://data.worldbank.org/indicator/SP.POP.TOTL,2026-08-02T04:09:08.531329+00:00
PSE,West Bank and Gaza,2023,Economics,GDP (current US$),18635100000.0,current US$,World Bank Open Data,https://data.worldbank.org/indicator/NY.GDP.MKTP.CD,2026-08-02T04:09:09.383790+00:00
PSE,West Bank and Gaza,2024,Demographics,Population,5289152,people,World Bank Open Data,https://data.worldbank.org/indicator/SP.POP.TOTL,2026-08-02T04:09:08.531329+00:00
PSE,West Bank and Gaza,2024,Economics,GDP (current US$),16016900000.0,current US$,World Bank Open Data,https://data.worldbank.org/indicator/NY.GDP.MKTP.CD,2026-08-02T04:09:09.383790+00:00
PSE,West Bank and Gaza,2025,Demographics,Population,5413596,people,World Bank Open Data,https://data.worldbank.org/indicator/SP.POP.TOTL,2026-08-02T04:09:08.531329+00:00
PSE,West Bank and Gaza,2025,Economics,GDP (current US$),17167100000.0,current US$,World Bank Open Data,https://data.worldbank.org/indicator/NY.GDP.MKTP.CD,2026-08-02T04:09:09.383790+00:00
PYF,French Polynesia,2016,Demographics,Population,279178,people,World Bank Open Data,https://data.worldbank.org/indicator/SP.POP.TOTL,2026-08-02T04:09:08.531329+00:00
PYF,French Polynesia,2016,Economics,GDP (current US$),5497036476.8031,current US$,World Bank Open Data,https://data.worldbank.org/indicator/NY.GDP.MKTP.CD,2026-08-02T04:09:09.383790+00:00
PYF,French Polynesia,2017,Demographics,Population,280087,people,World Bank Open Data,https://data.worldbank.org/indicator/SP.POP.TOTL,2026-08-02T04:09:08.531329+00:00
PYF,French Polynesia,2017,Economics,GDP (current US$),5833352692.7995,current US$,World Bank Open Data,https://data.worldbank.org/indicator/NY.GDP.MKTP.CD,2026-08-02T04:09:09.383790+00:00
PYF,French Polynesia,2018,Demographics,Population,279815,people,World Bank Open Data,https://data.worldbank.org/indicator/SP.POP.TOTL,2026-08-02T04:09:08.531329+00:00
PYF,French Polynesia,2018,Economics,GDP (current US$),6135116253.33452,current US$,World Bank Open Data,https://data.worldbank.org/indicator/NY.GDP.MKTP.CD,2026-08-02T04:09:09.383790+00:00
PYF,French Polynesia,2019,Demographics,Population,279034,people,World Bank Open Data,https://data.worldbank.org/indicator/SP.POP.TOTL,2026-08-02T04:09:08.531329+00:00
PYF,French Polynesia,2019,Economics,GDP (current US$),6022276196.13871,current US$,World Bank Open Data,https://data.worldbank.org/indicator/NY.GDP.MKTP.CD,2026-08-02T04:09:09.383790+00:00
PYF,French Polynesia,2020,Demographics,Population,279209,people,World Bank Open Data,https://data.worldbank.org/indicator/SP.POP.TOTL,2026-08-02T04:09:08.531329+00:00
PYF,French Polynesia,2020,Economics,GDP (current US$),5574821989.38239,current US$,World Bank Open Data,https://data.worldbank.org/indicator/NY.GDP.MKTP.CD,2026-08-02T04:09:09.383790+00:00
PYF,French Polynesia,2021,Demographics,Population,279792,people,World Bank Open Data,https://data.worldbank.org/indicator/SP.POP.TOTL,2026-08-02T04:09:08.531329+00:00
PYF,French Polynesia,2021,Economics,GDP (current US$),5994931236.42282,current US$,World Bank Open Data,https://data.worldbank.org/indicator/NY.GDP.MKTP.CD,2026-08-02T04:09:09.383790+00:00
PYF,French Polynesia,2022,Demographics,Population,280378,people,World Bank Open Data,https://data.worldbank.org/indicator/SP.POP.TOTL,2026-08-02T04:09:08.531329+00:00
PYF,French Polynesia,2022,Economics,GDP (current US$),5622688338.06317,current US$,World Bank Open Data,https://data.worldbank.org/indicator/NY.GDP.MKTP.CD,2026-08-02T04:09:09.383790+00:00
PYF,French Polynesia,2023,Demographics,Population,281118,people,World Bank Open Data,https://data.worldbank.org/indicator/SP.POP.TOTL,2026-08-02T04:09:08.531329+00:00
PYF,French Polynesia,2023,Economics,GDP (current US$),6137447782.87066,current US$,World Bank Open Data,https://data.worldbank.org/indicator/NY.GDP.MKTP.CD,2026-08-02T04:09:09.383790+00:00
PYF,French Polynesia,2024,Demographics,Population,281807,people,World Bank Open Data,https://data.worldbank.org/indicator/SP.POP.TOTL,2026-08-02T04:09:08.531329+00:00
PYF,French Polynesia,2024,Economics,GDP (current US$),6323716355.05009,current US$,World Bank Open Data,https://data.worldbank.org/indicator/NY.GDP.MKTP.CD,2026-08-02T04:09:09.383790+00:00
PYF,French Polynesia,2025,Demographics,Population,282465,people,World Bank Open Data,https://data.worldbank.org/indicator/SP.POP.TOTL,2026-08-02T04:09:08.531329+00:00
QAT,Qatar,2016,Demographics,Population,2477113,people,World Bank Open Data,https://data.worldbank.org/indicator/SP.POP.TOTL,2026-08-02T04:09:08.531329+00:00
QAT,Qatar,2016,Economics,GDP (current US$),151732181868.132,current US$,World Bank Open Data,https://data.worldbank.org/indicator/NY.GDP.MKTP.CD,2026-08-02T04:09:09.383790+00:00
QAT,Qatar,2017,Demographics,Population,2545820,people,World Bank Open Data,https://data.worldbank.org/indicator/SP.POP.TOTL,2026-08-02T04:09:08.531329+00:00
QAT,Qatar,2017,Economics,GDP (current US$),161099122225.275,current US$,World Bank Open Data,https://data.worldbank.org/indicator/NY.GDP.MKTP.CD,2026-08-02T04:09:09.383790+00:00
QAT,Qatar,2018,Demographics,Population,2580734,people,World Bank Open Data,https://data.worldbank.org/indicator/SP.POP.TOTL,2026-08-02T04:09:08.531329+00:00
QAT,Qatar,2018,Economics,GDP (current US$),183334953818.681,current US$,World Bank Open Data,https://data.worldbank.org/indicator/NY.GDP.MKTP.CD,2026-08-02T04:09:09.383790+00:00
QAT,Qatar,2019,Demographics,Population,2638657,people,World Bank Open Data,https://data.worldbank.org/indicator/SP.POP.TOTL,2026-08-02T04:09:08.531329+00:00
QAT,Qatar,2019,Economics,GDP (current US$),176371267692.308,current US$,World Bank Open Data,https://data.worldbank.org/indicator/NY.GDP.MKTP.CD,2026-08-02T04:09:09.383790+00:00
QAT,Qatar,2020,Demographics,Population,2794148,people,World Bank Open Data,https://data.worldbank.org/indicator/SP.POP.TOTL,2026-08-02T04:09:08.531329+00:00
QAT,Qatar,2020,Economics,GDP (current US$),144411363351.648,current US$,World Bank Open Data,https://data.worldbank.org/indicator/NY.GDP.MKTP.CD,2026-08-02T04:09:09.383790+00:00
QAT,Qatar,2021,Demographics,Population,2504910,people,World Bank Open Data,https://data.worldbank.org/indicator/SP.POP.TOTL,2026-08-02T04:09:08.531329+00:00
QAT,Qatar,2021,Economics,GDP (current US$),179732009560.44,current US$,World Bank Open Data,https://data.worldbank.org/indicator/NY.GDP.MKTP.CD,2026-08-02T04:09:09.383790+00:00
QAT,Qatar,2022,Demographics,Population,2657333,people,World Bank Open Data,https://data.worldbank.org/indicator/SP.POP.TOTL,2026-08-02T04:09:08.531329+00:00
QAT,Qatar,2022,Economics,GDP (current US$),235709325714.286,current US$,World Bank Open Data,https://data.worldbank.org/indicator/NY.GDP.MKTP.CD,2026-08-02T04:09:09.383790+00:00
QAT,Qatar,2023,Demographics,Population,2656032,people,World Bank Open Data,https://data.worldbank.org/indicator/SP.POP.TOTL,2026-08-02T04:09:08.531329+00:00
QAT,Qatar,2023,Economics,GDP (current US$),213002809340.659,current US$,World Bank Open Data,https://data.worldbank.org/indicator/NY.GDP.MKTP.CD,2026-08-02T04:09:09.383790+00:00
QAT,Qatar,2024,Demographics,Population,2857822,people,World Bank Open Data,https://data.worldbank.org/indicator/SP.POP.TOTL,2026-08-02T04:09:08.531329+00:00
QAT,Qatar,2024,Economics,GDP (current US$),216294505494.505,current US$,World Bank Open Data,https://data.worldbank.org/indicator/NY.GDP.MKTP.CD,2026-08-02T04:09:09.383790+00:00
QAT,Qatar,2025,Demographics,Population,2972215,people,World Bank Open Data,https://data.worldbank.org/indicator/SP.POP.TOTL,2026-08-02T04:09:08.531329+00:00
QAT,Qatar,2025,Economics,GDP (current US$),215559615384.615,current US$,World Bank Open Data,https://data.worldbank.org/indicator/NY.GDP.MKTP.CD,2026-08-02T04:09:09.383790+00:00
ROU,Romania,2016,Demographics,Population,19702267,people,World Bank Open Data,https://data.worldbank.org/indicator/SP.POP.TOTL,2026-08-02T04:09:08.531329+00:00
ROU,Romania,2016,Economics,GDP (current US$),185290759248.844,current US$,World Bank Open Data,https://data.worldbank.org/indicator/NY.GDP.MKTP.CD,2026-08-02T04:09:09.383790+00:00
ROU,Romania,2017,Demographics,Population,19588715,people,World Bank Open Data,https://data.worldbank.org/indicator/SP.POP.TOTL,2026-08-02T04:09:08.531329+00:00
ROU,Romania,2017,Economics,GDP (current US$),210147385855.419,current US$,World Bank Open Data,https://data.worldbank.org/indicator/NY.GDP.MKTP.CD,2026-08-02T04:09:09.383790+00:00
ROU,Romania,2018,Demographics,Population,19473970,people,World Bank Open Data,https://data.worldbank.org/indicator/SP.POP.TOTL,2026-08-02T04:09:08.531329+00:00
ROU,Romania,2018,Economics,GDP (current US$),241791427223.903,current US$,World Bank Open Data,https://data.worldbank.org/indicator/NY.GDP.MKTP.CD,2026-08-02T04:09:09.383790+00:00
ROU,Romania,2019,Demographics,Population,19371648,people,World Bank Open Data,https://data.worldbank.org/indicator/SP.POP.TOTL,2026-08-02T04:09:08.531329+00:00
ROU,Romania,2019,Economics,GDP (current US$),250080428511.595,current US$,World Bank Open Data,https://data.worldbank.org/indicator/NY.GDP.MKTP.CD,2026-08-02T04:09:09.383790+00:00
ROU,Romania,2020,Demographics,Population,19265250,people,World Bank Open Data,https://data.worldbank.org/indicator/SP.POP.TOTL,2026-08-02T04:09:08.531329+00:00
ROU,Romania,2020,Economics,GDP (current US$),250624575871.819,current US$,World Bank Open Data,https://data.worldbank.org/indicator/NY.GDP.MKTP.CD,2026-08-02T04:09:09.383790+00:00
ROU,Romania,2021,Demographics,Population,19122059,people,World Bank Open Data,https://data.worldbank.org/indicator/SP.POP.TOTL,2026-08-02T04:09:08.531329+00:00
ROU,Romania,2021,Economics,GDP (current US$),285072444957.216,current US$,World Bank Open Data,https://data.worldbank.org/indicator/NY.GDP.MKTP.CD,2026-08-02T04:09:09.383790+00:00
ROU,Romania,2022,Demographics,Population,19048502,people,World Bank Open Data,https://data.worldbank.org/indicator/SP.POP.TOTL,2026-08-02T04:09:08.531329+00:00
ROU,Romania,2022,Economics,GDP (current US$),295317862855.924,current US$,World Bank Open Data,https://data.worldbank.org/indicator/NY.GDP.MKTP.CD,2026-08-02T04:09:09.383790+00:00
ROU,Romania,2023,Demographics,Population,19061062,people,World Bank Open Data,https://data.worldbank.org/indicator/SP.POP.TOTL,2026-08-02T04:09:08.531329+00:00
ROU,Romania,2023,Economics,GDP (current US$),347757995758.914,current US$,World Bank Open Data,https://data.worldbank.org/indicator/NY.GDP.MKTP.CD,2026-08-02T04:09:09.383790+00:00
ROU,Romania,2024,Demographics,Population,19051804,people,World Bank Open Data,https://data.worldbank.org/indicator/SP.POP.TOTL,2026-08-02T04:09:08.531329+00:00
ROU,Romania,2024,Economics,GDP (current US$),382564217988.866,current US$,World Bank Open Data,https://data.worldbank.org/indicator/NY.GDP.MKTP.CD,2026-08-02T04:09:09.383790+00:00
ROU,Romania,2025,Demographics,Population,19020271,people,World Bank Open Data,https://data.worldbank.org/indicator/SP.POP.TOTL,2026-08-02T04:09:08.531329+00:00
ROU,Romania,2025,Economics,GDP (current US$),428677977854.826,current US$,World Bank Open Data,https://data.worldbank.org/indicator/NY.GDP.MKTP.CD,2026-08-02T04:09:09.383790+00:00
RUS,Russian Federation,2016,Demographics,Population,145015460,people,World Bank Open Data,https://data.worldbank.org/indicator/SP.POP.TOTL,2026-08-02T04:09:08.531329+00:00
RUS,Russian Federation,2016,Economics,GDP (current US$),1276786350881.14,current US$,World Bank Open Data,https://data.worldbank.org/indicator/NY.GDP.MKTP.CD,2026-08-02T04:09:09.383790+00:00
RUS,Russian Federation,2017,Demographics,Population,145293260,people,World Bank Open Data,https://data.worldbank.org/indicator/SP.POP.TOTL,2026-08-02T04:09:08.531329+00:00
RUS,Russian Federation,2017,Economics,GDP (current US$),1574199360089.0,current US$,World Bank Open Data,https://data.worldbank.org/indicator/NY.GDP.MKTP.CD,2026-08-02T04:09:09.383790+00:00
RUS,Russian Federation,2018,Demographics,Population,145398106,people,World Bank Open Data,https://data.worldbank.org/indicator/SP.POP.TOTL,2026-08-02T04:09:08.531329+00:00
RUS,Russian Federation,2018,Economics,GDP (current US$),1657328773461.31,current US$,World Bank Open Data,https://data.worldbank.org/indicator/NY.GDP.MKTP.CD,2026-08-02T04:09:09.383790+00:00
RUS,Russian Federation,2019,Demographics,Population,145453291,people,World Bank Open Data,https://data.worldbank.org/indicator/SP.POP.TOTL,2026-08-02T04:09:08.531329+00:00
RUS,Russian Federation,2019,Economics,GDP (current US$),1693115002708.32,current US$,World Bank Open Data,https://data.worldbank.org/indicator/NY.GDP.MKTP.CD,2026-08-02T04:09:09.383790+00:00
RUS,Russian Federation,2020,Demographics,Population,145245148,people,World Bank Open Data,https://data.worldbank.org/indicator/SP.POP.TOTL,2026-08-02T04:09:08.531329+00:00
RUS,Russian Federation,2020,Economics,GDP (current US$),1493075894362.14,current US$,World Bank Open Data,https://data.worldbank.org/indicator/NY.GDP.MKTP.CD,2026-08-02T04:09:09.383790+00:00
RUS,Russian Federation,2021,Demographics,Population,144746762,people,World Bank Open Data,https://data.worldbank.org/indicator/SP.POP.TOTL,2026-08-02T04:09:08.531329+00:00
RUS,Russian Federation,2021,Economics,GDP (current US$),1829186719575.1,current US$,World Bank Open Data,https://data.worldbank.org/indicator/NY.GDP.MKTP.CD,2026-08-02T04:09:09.383790+00:00
RUS,Russian Federation,2022,Demographics,Population,144236933,people,World Bank Open Data,https://data.worldbank.org/indicator/SP.POP.TOTL,2026-08-02T04:09:08.531329+00:00
RUS,Russian Federation,2022,Economics,GDP (current US$),2292495097681.47,current US$,World Bank Open Data,https://data.worldbank.org/indicator/NY.GDP.MKTP.CD,2026-08-02T04:09:09.383790+00:00
RUS,Russian Federation,2023,Demographics,Population,143826130,people,World Bank Open Data,https://data.worldbank.org/indicator/SP.POP.TOTL,2026-08-02T04:09:08.531329+00:00
RUS,Russian Federation,2023,Economics,GDP (current US$),2046284838151.09,current US$,World Bank Open Data,https://data.worldbank.org/indicator/NY.GDP.MKTP.CD,2026-08-02T04:09:09.383790+00:00
RUS,Russian Federation,2024,Demographics,Population,143669648,people,World Bank Open Data,https://data.worldbank.org/indicator/SP.POP.TOTL,2026-08-02T04:09:08.531329+00:00
RUS,Russian Federation,2024,Economics,GDP (current US$),2186462268813.08,current US$,World Bank Open Data,https://data.worldbank.org/indicator/NY.GDP.MKTP.CD,2026-08-02T04:09:09.383790+00:00
RUS,Russian Federation,2025,Demographics,Population,143513328,people,World Bank Open Data,https://data.worldbank.org/indicator/SP.POP.TOTL,2026-08-02T04:09:08.531329+00:00
RUS,Russian Federation,2025,Economics,GDP (current US$),2561310169358.74,current US$,World Bank Open Data,https://data.worldbank.org/indicator/NY.GDP.MKTP.CD,2026-08-02T04:09:09.383790+00:00
RWA,Rwanda,2016,Demographics,Population,11919183,people,World Bank Open Data,https://data.worldbank.org/indicator/SP.POP.TOTL,2026-08-02T04:09:08.531329+00:00
RWA,Rwanda,2016,Economics,GDP (current US$),8596812240.52305,current US$,World Bank Open Data,https://data.worldbank.org/indicator/NY.GDP.MKTP.CD,2026-08-02T04:09:09.383790+00:00
RWA,Rwanda,2017,Demographics,Population,12202060,people,World Bank Open Data,https://data.worldbank.org/indicator/SP.POP.TOTL,2026-08-02T04:09:08.531329+00:00
RWA,Rwanda,2017,Economics,GDP (current US$),9164345443.2575,current US$,World Bank Open Data,https://data.worldbank.org/indicator/NY.GDP.MKTP.CD,2026-08-02T04:09:09.383790+00:00
RWA,Rwanda,2018,Demographics,Population,12487996,people,World Bank Open Data,https://data.worldbank.org/indicator/SP.POP.TOTL,2026-08-02T04:09:08.531329+00:00
RWA,Rwanda,2018,Economics,GDP (current US$),9650161136.17648,current US$,World Bank Open Data,https://data.worldbank.org/indicator/NY.GDP.MKTP.CD,2026-08-02T04:09:09.383790+00:00
RWA,Rwanda,2019,Demographics,Population,12776103,people,World Bank Open Data,https://data.worldbank.org/indicator/SP.POP.TOTL,2026-08-02T04:09:08.531329+00:00
RWA,Rwanda,2019,Economics,GDP (current US$),10519272170.3346,current US$,World Bank Open Data,https://data.worldbank.org/indicator/NY.GDP.MKTP.CD,2026-08-02T04:09:09.383790+00:00
RWA,Rwanda,2020,Demographics,Population,13065837,people,World Bank Open Data,https://data.worldbank.org/indicator/SP.POP.TOTL,2026-08-02T04:09:08.531329+00:00
RWA,Rwanda,2020,Economics,GDP (current US$),10487146253.4025,current US$,World Bank Open Data,https://data.worldbank.org/indicator/NY.GDP.MKTP.CD,2026-08-02T04:09:09.383790+00:00
RWA,Rwanda,2021,Demographics,Population,13355260,people,World Bank Open Data,https://data.worldbank.org/indicator/SP.POP.TOTL,2026-08-02T04:09:08.531329+00:00
RWA,Rwanda,2021,Economics,GDP (current US$),11252894909.5043,current US$,World Bank Open Data,https://data.worldbank.org/indicator/NY.GDP.MKTP.CD,2026-08-02T04:09:09.383790+00:00
RWA,Rwanda,2022,Demographics,Population,13651030,people,World Bank Open Data,https://data.worldbank.org/indicator/SP.POP.TOTL,2026-08-02T04:09:08.531329+00:00
RWA,Rwanda,2022,Economics,GDP (current US$),13747404814.2677,current US$,World Bank Open Data,https://data.worldbank.org/indicator/NY.GDP.MKTP.CD,2026-08-02T04:09:09.383790+00:00
RWA,Rwanda,2023,Demographics,Population,13954471,people,World Bank Open Data,https://data.worldbank.org/indicator/SP.POP.TOTL,2026-08-02T04:09:08.531329+00:00
RWA,Rwanda,2023,Economics,GDP (current US$),14806501437.282,current US$,World Bank Open Data,https://data.worldbank.org/indicator/NY.GDP.MKTP.CD,2026-08-02T04:09:09.383790+00:00
RWA,Rwanda,2024,Demographics,Population,14256567,people,World Bank Open Data,https://data.worldbank.org/indicator/SP.POP.TOTL,2026-08-02T04:09:08.531329+00:00
RWA,Rwanda,2024,Economics,GDP (current US$),15111064181.9687,current US$,World Bank Open Data,https://data.worldbank.org/indicator/NY.GDP.MKTP.CD,2026-08-02T04:09:09.383790+00:00
RWA,Rwanda,2025,Demographics,Population,14569341,people,World Bank Open Data,https://data.worldbank.org/indicator/SP.POP.TOTL,2026-08-02T04:09:08.531329+00:00
RWA,Rwanda,2025,Economics,GDP (current US$),16372132990.2271,current US$,World Bank Open Data,https://data.worldbank.org/indicator/NY.GDP.MKTP.CD,2026-08-02T04:09:09.383790+00:00
SAU,Saudi Arabia,2016,Demographics,Population,30954198,people,World Bank Open Data,https://data.worldbank.org/indicator/SP.POP.TOTL,2026-08-02T04:09:08.531329+00:00
SAU,Saudi Arabia,2016,Economics,GDP (current US$),689279466666.667,current US$,World Bank Open Data,https://data.worldbank.org/indicator/NY.GDP.MKTP.CD,2026-08-02T04:09:09.383790+00:00
SAU,Saudi Arabia,2017,Demographics,Population,30977355,people,World Bank Open Data,https://data.worldbank.org/indicator/SP.POP.TOTL,2026-08-02T04:09:08.531329+00:00
SAU,Saudi Arabia,2017,Economics,GDP (current US$),741266133333.333,current US$,World Bank Open Data,https://data.worldbank.org/indicator/NY.GDP.MKTP.CD,2026-08-02T04:09:09.383790+00:00
SAU,Saudi Arabia,2018,Demographics,Population,30196281,people,World Bank Open Data,https://data.worldbank.org/indicator/SP.POP.TOTL,2026-08-02T04:09:08.531329+00:00
SAU,Saudi Arabia,2018,Economics,GDP (current US$),886564800000.0,current US$,World Bank Open Data,https://data.worldbank.org/indicator/NY.GDP.MKTP.CD,2026-08-02T04:09:09.383790+00:00
SAU,Saudi Arabia,2019,Demographics,Population,30063799,people,World Bank Open Data,https://data.worldbank.org/indicator/SP.POP.TOTL,2026-08-02T04:09:08.531329+00:00
SAU,Saudi Arabia,2019,Economics,GDP (current US$),888890133333.333,current US$,World Bank Open Data,https://data.worldbank.org/indicator/NY.GDP.MKTP.CD,2026-08-02T04:09:09.383790+00:00
SAU,Saudi Arabia,2020,Demographics,Population,31552510,people,World Bank Open Data,https://data.worldbank.org/indicator/SP.POP.TOTL,2026-08-02T04:09:08.531329+00:00
SAU,Saudi Arabia,2020,Economics,GDP (current US$),767951200000.0,current US$,World Bank Open Data,https://data.worldbank.org/indicator/NY.GDP.MKTP.CD,2026-08-02T04:09:09.383790+00:00
SAU,Saudi Arabia,2021,Demographics,Population,30784383,people,World Bank Open Data,https://data.worldbank.org/indicator/SP.POP.TOTL,2026-08-02T04:09:08.531329+00:00
SAU,Saudi Arabia,2021,Economics,GDP (current US$),982661066666.667,current US$,World Bank Open Data,https://data.worldbank.org/indicator/NY.GDP.MKTP.CD,2026-08-02T04:09:09.383790+00:00
SAU,Saudi Arabia,2022,Demographics,Population,32175224,people,World Bank Open Data,https://data.worldbank.org/indicator/SP.POP.TOTL,2026-08-02T04:09:08.531329+00:00
SAU,Saudi Arabia,2022,Economics,GDP (current US$),1239075200000.0,current US$,World Bank Open Data,https://data.worldbank.org/indicator/NY.GDP.MKTP.CD,2026-08-02T04:09:09.383790+00:00
SAU,Saudi Arabia,2023,Demographics,Population,33702731,people,World Bank Open Data,https://data.worldbank.org/indicator/SP.POP.TOTL,2026-08-02T04:09:08.531329+00:00
SAU,Saudi Arabia,2023,Economics,GDP (current US$),1218584800000.0,current US$,World Bank Open Data,https://data.worldbank.org/indicator/NY.GDP.MKTP.CD,2026-08-02T04:09:09.383790+00:00
SAU,Saudi Arabia,2024,Demographics,Population,35300280,people,World Bank Open Data,https://data.worldbank.org/indicator/SP.POP.TOTL,2026-08-02T04:09:08.531329+00:00
SAU,Saudi Arabia,2024,Economics,GDP (current US$),1254140800000.0,current US$,World Bank Open Data,https://data.worldbank.org/indicator/NY.GDP.MKTP.CD,2026-08-02T04:09:09.383790+00:00
SAU,Saudi Arabia,2025,Demographics,Population,36973555,people,World Bank Open Data,https://data.worldbank.org/indicator/SP.POP.TOTL,2026-08-02T04:09:08.531329+00:00
SAU,Saudi Arabia,2025,Economics,GDP (current US$),1276942933333.33,current US$,World Bank Open Data,https://data.worldbank.org/indicator/NY.GDP.MKTP.CD,2026-08-02T04:09:09.383790+00:00
SDN,Sudan,2016,Demographics,Population,41259892,people,World Bank Open Data,https://data.worldbank.org/indicator/SP.POP.TOTL,2026-08-02T04:09:08.531329+00:00
SDN,Sudan,2016,Economics,GDP (current US$),42630376000.0,current US$,World Bank Open Data,https://data.worldbank.org/indicator/NY.GDP.MKTP.CD,2026-08-02T04:09:09.383790+00:00
SDN,Sudan,2017,Demographics,Population,42714306,people,World Bank Open Data,https://data.worldbank.org/indicator/SP.POP.TOTL,2026-08-02T04:09:08.531329+00:00
SDN,Sudan,2017,Economics,GDP (current US$),41283617976.1905,current US$,World Bank Open Data,https://data.worldbank.org/indicator/NY.GDP.MKTP.CD,2026-08-02T04:09:09.383790+00:00
SDN,Sudan,2018,Demographics,Population,44230596,people,World Bank Open Data,https://data.worldbank.org/indicator/SP.POP.TOTL,2026-08-02T04:09:08.531329+00:00
SDN,Sudan,2018,Economics,GDP (current US$),32333780383.2924,current US$,World Bank Open Data,https://data.worldbank.org/indicator/NY.GDP.MKTP.CD,2026-08-02T04:09:09.383790+00:00
SDN,Sudan,2019,Demographics,Population,45548175,people,World Bank Open Data,https://data.worldbank.org/indicator/SP.POP.TOTL,2026-08-02T04:09:08.531329+00:00
SDN,Sudan,2019,Economics,GDP (current US$),32338079165.2893,current US$,World Bank Open Data,https://data.worldbank.org/indicator/NY.GDP.MKTP.CD,2026-08-02T04:09:09.383790+00:00
SDN,Sudan,2020,Demographics,Population,46789231,people,World Bank Open Data,https://data.worldbank.org/indicator/SP.POP.TOTL,2026-08-02T04:09:08.531329+00:00
SDN,Sudan,2020,Economics,GDP (current US$),27034593750.0,current US$,World Bank Open Data,https://data.worldbank.org/indicator/NY.GDP.MKTP.CD,2026-08-02T04:09:09.383790+00:00
SDN,Sudan,2021,Demographics,Population,48066924,people,World Bank Open Data,https://data.worldbank.org/indicator/SP.POP.TOTL,2026-08-02T04:09:08.531329+00:00
SDN,Sudan,2021,Economics,GDP (current US$),34229513774.9936,current US$,World Bank Open Data,https://data.worldbank.org/indicator/NY.GDP.MKTP.CD,2026-08-02T04:09:09.383790+00:00
SDN,Sudan,2022,Demographics,Population,49383346,people,World Bank Open Data,https://data.worldbank.org/indicator/SP.POP.TOTL,2026-08-02T04:09:08.531329+00:00
SDN,Sudan,2022,Economics,GDP (current US$),51666875363.0963,current US$,World Bank Open Data,https://data.worldbank.org/indicator/NY.GDP.MKTP.CD,2026-08-02T04:09:09.383790+00:00
SDN,Sudan,2023,Demographics,Population,50042791,people,World Bank Open Data,https://data.worldbank.org/indicator/SP.POP.TOTL,2026-08-02T04:09:08.531329+00:00
SDN,Sudan,2023,Economics,GDP (current US$),39898289820.7951,current US$,World Bank Open Data,https://data.worldbank.org/indicator/NY.GDP.MKTP.CD,2026-08-02T04:09:09.383790+00:00
SDN,Sudan,2024,Demographics,Population,50448963,people,World Bank Open Data,https://data.worldbank.org/indicator/SP.POP.TOTL,2026-08-02T04:09:08.531329+00:00
SDN,Sudan,2024,Economics,GDP (current US$),49672435513.1126,current US$,World Bank Open Data,https://data.worldbank.org/indicator/NY.GDP.MKTP.CD,2026-08-02T04:09:09.383790+00:00
SDN,Sudan,2025,Demographics,Population,51662147,people,World Bank Open Data,https://data.worldbank.org/indicator/SP.POP.TOTL,2026-08-02T04:09:08.531329+00:00
SDN,Sudan,2025,Economics,GDP (current US$),60162634574.4689,current US$,World Bank Open Data,https://data.worldbank.org/indicator/NY.GDP.MKTP.CD,2026-08-02T04:09:09.383790+00:00
SEN,Senegal,2016,Demographics,Population,15034521,people,World Bank Open Data,https://data.worldbank.org/indicator/SP.POP.TOTL,2026-08-02T04:09:08.531329+00:00
SEN,Senegal,2016,Economics,GDP (current US$),19040312333.1864,current US$,World Bank Open Data,https://data.worldbank.org/indicator/NY.GDP.MKTP.CD,2026-08-02T04:09:09.383790+00:00
SEN,Senegal,2017,Demographics,Population,15475002,people,World Bank Open Data,https://data.worldbank.org/indicator/SP.POP.TOTL,2026-08-02T04:09:08.531329+00:00
SEN,Senegal,2017,Economics,GDP (current US$),20965069572.7168,current US$,World Bank Open Data,https://data.worldbank.org/indicator/NY.GDP.MKTP.CD,2026-08-02T04:09:09.383790+00:00
SEN,Senegal,2018,Demographics,Population,15914498,people,World Bank Open Data,https://data.worldbank.org/indicator/SP.POP.TOTL,2026-08-02T04:09:08.531329+00:00
SEN,Senegal,2018,Economics,GDP (current US$),23116701556.1381,current US$,World Bank Open Data,https://data.worldbank.org/indicator/NY.GDP.MKTP.CD,2026-08-02T04:09:09.383790+00:00
SEN,Senegal,2019,Demographics,Population,16352922,people,World Bank Open Data,https://data.worldbank.org/indicator/SP.POP.TOTL,2026-08-02T04:09:08.531329+00:00
SEN,Senegal,2019,Economics,GDP (current US$),23403995992.1354,current US$,World Bank Open Data,https://data.worldbank.org/indicator/NY.GDP.MKTP.CD,2026-08-02T04:09:09.383790+00:00
SEN,Senegal,2020,Demographics,Population,16789219,people,World Bank Open Data,https://data.worldbank.org/indicator/SP.POP.TOTL,2026-08-02T04:09:08.531329+00:00
SEN,Senegal,2020,Economics,GDP (current US$),24530513037.7518,current US$,World Bank Open Data,https://data.worldbank.org/indicator/NY.GDP.MKTP.CD,2026-08-02T04:09:09.383790+00:00
SEN,Senegal,2021,Demographics,Population,17220867,people,World Bank Open Data,https://data.worldbank.org/indicator/SP.POP.TOTL,2026-08-02T04:09:08.531329+00:00
SEN,Senegal,2021,Economics,GDP (current US$),27520784129.7508,current US$,World Bank Open Data,https://data.worldbank.org/indicator/NY.GDP.MKTP.CD,2026-08-02T04:09:09.383790+00:00
SEN,Senegal,2022,Demographics,Population,17651103,people,World Bank Open Data,https://data.worldbank.org/indicator/SP.POP.TOTL,2026-08-02T04:09:08.531329+00:00
SEN,Senegal,2022,Economics,GDP (current US$),27783332222.6759,current US$,World Bank Open Data,https://data.worldbank.org/indicator/NY.GDP.MKTP.CD,2026-08-02T04:09:09.383790+00:00
SEN,Senegal,2023,Demographics,Population,18077573,people,World Bank Open Data,https://data.worldbank.org/indicator/SP.POP.TOTL,2026-08-02T04:09:08.531329+00:00
SEN,Senegal,2023,Economics,GDP (current US$),30696331295.7826,current US$,World Bank Open Data,https://data.worldbank.org/indicator/NY.GDP.MKTP.CD,2026-08-02T04:09:09.383790+00:00
SEN,Senegal,2024,Demographics,Population,18501984,people,World Bank Open Data,https://data.worldbank.org/indicator/SP.POP.TOTL,2026-08-02T04:09:08.531329+00:00
SEN,Senegal,2024,Economics,GDP (current US$),32169996051.8502,current US$,World Bank Open Data,https://data.worldbank.org/indicator/NY.GDP.MKTP.CD,2026-08-02T04:09:09.383790+00:00
SEN,Senegal,2025,Demographics,Population,18931966,people,World Bank Open Data,https://data.worldbank.org/indicator/SP.POP.TOTL,2026-08-02T04:09:08.531329+00:00
SEN,Senegal,2025,Economics,GDP (current US$),37006536238.3731,current US$,World Bank Open Data,https://data.worldbank.org/indicator/NY.GDP.MKTP.CD,2026-08-02T04:09:09.383790+00:00
SGP,Singapore,2016,Demographics,Population,5607283,people,World Bank Open Data,https://data.worldbank.org/indicator/SP.POP.TOTL,2026-08-02T04:09:08.531329+00:00
SGP,Singapore,2016,Economics,GDP (current US$),320759207438.623,current US$,World Bank Open Data,https://data.worldbank.org/indicator/NY.GDP.MKTP.CD,2026-08-02T04:09:09.383790+00:00
SGP,Singapore,2017,Demographics,Population,5612253,people,World Bank Open Data,https://data.worldbank.org/indicator/SP.POP.TOTL,2026-08-02T04:09:08.531329+00:00
SGP,Singapore,2017,Economics,GDP (current US$),344795119213.571,current US$,World Bank Open Data,https://data.worldbank.org/indicator/NY.GDP.MKTP.CD,2026-08-02T04:09:09.383790+00:00
SGP,Singapore,2018,Demographics,Population,5638676,people,World Bank Open Data,https://data.worldbank.org/indicator/SP.POP.TOTL,2026-08-02T04:09:08.531329+00:00
SGP,Singapore,2018,Economics,GDP (current US$),377976367877.038,current US$,World Bank Open Data,https://data.worldbank.org/indicator/NY.GDP.MKTP.CD,2026-08-02T04:09:09.383790+00:00
SGP,Singapore,2019,Demographics,Population,5703569,people,World Bank Open Data,https://data.worldbank.org/indicator/SP.POP.TOTL,2026-08-02T04:09:08.531329+00:00
SGP,Singapore,2019,Economics,GDP (current US$),376827390962.044,current US$,World Bank Open Data,https://data.worldbank.org/indicator/NY.GDP.MKTP.CD,2026-08-02T04:09:09.383790+00:00
SGP,Singapore,2020,Demographics,Population,5685807,people,World Bank Open Data,https://data.worldbank.org/indicator/SP.POP.TOTL,2026-08-02T04:09:08.531329+00:00
SGP,Singapore,2020,Economics,GDP (current US$),351226533656.292,current US$,World Bank Open Data,https://data.worldbank.org/indicator/NY.GDP.MKTP.CD,2026-08-02T04:09:09.383790+00:00
SGP,Singapore,2021,Demographics,Population,5453566,people,World Bank Open Data,https://data.worldbank.org/indicator/SP.POP.TOTL,2026-08-02T04:09:08.531329+00:00
SGP,Singapore,2021,Economics,GDP (current US$),441110903524.645,current US$,World Bank Open Data,https://data.worldbank.org/indicator/NY.GDP.MKTP.CD,2026-08-02T04:09:09.383790+00:00
SGP,Singapore,2022,Demographics,Population,5637022,people,World Bank Open Data,https://data.worldbank.org/indicator/SP.POP.TOTL,2026-08-02T04:09:08.531329+00:00
SGP,Singapore,2022,Economics,GDP (current US$),514252535238.749,current US$,World Bank Open Data,https://data.worldbank.org/indicator/NY.GDP.MKTP.CD,2026-08-02T04:09:09.383790+00:00
SGP,Singapore,2023,Demographics,Population,5917648,people,World Bank Open Data,https://data.worldbank.org/indicator/SP.POP.TOTL,2026-08-02T04:09:08.531329+00:00
SGP,Singapore,2023,Economics,GDP (current US$),511181761243.76,current US$,World Bank Open Data,https://data.worldbank.org/indicator/NY.GDP.MKTP.CD,2026-08-02T04:09:09.383790+00:00
SGP,Singapore,2024,Demographics,Population,6036860,people,World Bank Open Data,https://data.worldbank.org/indicator/SP.POP.TOTL,2026-08-02T04:09:08.531329+00:00
SGP,Singapore,2024,Economics,GDP (current US$),572877260178.427,current US$,World Bank Open Data,https://data.worldbank.org/indicator/NY.GDP.MKTP.CD,2026-08-02T04:09:09.383790+00:00
SGP,Singapore,2025,Demographics,Population,6111175,people,World Bank Open Data,https://data.worldbank.org/indicator/SP.POP.TOTL,2026-08-02T04:09:08.531329+00:00
SGP,Singapore,2025,Economics,GDP (current US$),603869516998.738,current US$,World Bank Open Data,https://data.worldbank.org/indicator/NY.GDP.MKTP.CD,2026-08-02T04:09:09.383790+00:00
SLB,Solomon Islands,2016,Demographics,Population,662379,people,World Bank Open Data,https://data.worldbank.org/indicator/SP.POP.TOTL,2026-08-02T04:09:08.531329+00:00
SLB,Solomon Islands,2016,Economics,GDP (current US$),1379486290.71433,current US$,World Bank Open Data,https://data.worldbank.org/indicator/NY.GDP.MKTP.CD,2026-08-02T04:09:09.383790+00:00
SLB,Solomon Islands,2017,Demographics,Population,685672,people,World Bank Open Data,https://data.worldbank.org/indicator/SP.POP.TOTL,2026-08-02T04:09:08.531329+00:00
SLB,Solomon Islands,2017,Economics,GDP (current US$),1469790526.3972,current US$,World Bank Open Data,https://data.worldbank.org/indicator/NY.GDP.MKTP.CD,2026-08-02T04:09:09.383790+00:00
SLB,Solomon Islands,2018,Demographics,Population,709101,people,World Bank Open Data,https://data.worldbank.org/indicator/SP.POP.TOTL,2026-08-02T04:09:08.531329+00:00
SLB,Solomon Islands,2018,Economics,GDP (current US$),1615473250.25259,current US$,World Bank Open Data,https://data.worldbank.org/indicator/NY.GDP.MKTP.CD,2026-08-02T04:09:09.383790+00:00
SLB,Solomon Islands,2019,Demographics,Population,728147,people,World Bank Open Data,https://data.worldbank.org/indicator/SP.POP.TOTL,2026-08-02T04:09:08.531329+00:00
SLB,Solomon Islands,2019,Economics,GDP (current US$),1619150563.92084,current US$,World Bank Open Data,https://data.worldbank.org/indicator/NY.GDP.MKTP.CD,2026-08-02T04:09:09.383790+00:00
SLB,Solomon Islands,2020,Demographics,Population,744498,people,World Bank Open Data,https://data.worldbank.org/indicator/SP.POP.TOTL,2026-08-02T04:09:08.531329+00:00
SLB,Solomon Islands,2020,Economics,GDP (current US$),1536143427.82958,current US$,World Bank Open Data,https://data.worldbank.org/indicator/NY.GDP.MKTP.CD,2026-08-02T04:09:09.383790+00:00
SLB,Solomon Islands,2021,Demographics,Population,762591,people,World Bank Open Data,https://data.worldbank.org/indicator/SP.POP.TOTL,2026-08-02T04:09:08.531329+00:00
SLB,Solomon Islands,2021,Economics,GDP (current US$),1558312103.84225,current US$,World Bank Open Data,https://data.worldbank.org/indicator/NY.GDP.MKTP.CD,2026-08-02T04:09:09.383790+00:00
SLB,Solomon Islands,2022,Demographics,Population,781066,people,World Bank Open Data,https://data.worldbank.org/indicator/SP.POP.TOTL,2026-08-02T04:09:08.531329+00:00
SLB,Solomon Islands,2022,Economics,GDP (current US$),1466670929.62333,current US$,World Bank Open Data,https://data.worldbank.org/indicator/NY.GDP.MKTP.CD,2026-08-02T04:09:09.383790+00:00
SLB,Solomon Islands,2023,Demographics,Population,800005,people,World Bank Open Data,https://data.worldbank.org/indicator/SP.POP.TOTL,2026-08-02T04:09:08.531329+00:00
SLB,Solomon Islands,2023,Economics,GDP (current US$),1506124566.40404,current US$,World Bank Open Data,https://data.worldbank.org/indicator/NY.GDP.MKTP.CD,2026-08-02T04:09:09.383790+00:00
SLB,Solomon Islands,2024,Demographics,Population,819198,people,World Bank Open Data,https://data.worldbank.org/indicator/SP.POP.TOTL,2026-08-02T04:09:08.531329+00:00
SLB,Solomon Islands,2024,Economics,GDP (current US$),1583964703.75061,current US$,World Bank Open Data,https://data.worldbank.org/indicator/NY.GDP.MKTP.CD,2026-08-02T04:09:09.383790+00:00
SLB,Solomon Islands,2025,Demographics,Population,838645,people,World Bank Open Data,https://data.worldbank.org/indicator/SP.POP.TOTL,2026-08-02T04:09:08.531329+00:00
SLB,Solomon Islands,2025,Economics,GDP (current US$),1749572442.95016,current US$,World Bank Open Data,https://data.worldbank.org/indicator/NY.GDP.MKTP.CD,2026-08-02T04:09:09.383790+00:00
SLE,Sierra Leone,2016,Demographics,Population,7205328,people,World Bank Open Data,https://data.worldbank.org/indicator/SP.POP.TOTL,2026-08-02T04:09:08.531329+00:00
SLE,Sierra Leone,2016,Economics,GDP (current US$),6084297211.10217,current US$,World Bank Open Data,https://data.worldbank.org/indicator/NY.GDP.MKTP.CD,2026-08-02T04:09:09.383790+00:00
SLE,Sierra Leone,2017,Demographics,Population,7379299,people,World Bank Open Data,https://data.worldbank.org/indicator/SP.POP.TOTL,2026-08-02T04:09:08.531329+00:00
SLE,Sierra Leone,2017,Economics,GDP (current US$),5749846528.48046,current US$,World Bank Open Data,https://data.worldbank.org/indicator/NY.GDP.MKTP.CD,2026-08-02T04:09:09.383790+00:00
SLE,Sierra Leone,2018,Demographics,Population,7554563,people,World Bank Open Data,https://data.worldbank.org/indicator/SP.POP.TOTL,2026-08-02T04:09:08.531329+00:00
SLE,Sierra Leone,2018,Economics,GDP (current US$),6390514688.52816,current US$,World Bank Open Data,https://data.worldbank.org/indicator/NY.GDP.MKTP.CD,2026-08-02T04:09:09.383790+00:00
SLE,Sierra Leone,2019,Demographics,Population,7731991,people,World Bank Open Data,https://data.worldbank.org/indicator/SP.POP.TOTL,2026-08-02T04:09:08.531329+00:00
SLE,Sierra Leone,2019,Economics,GDP (current US$),6523577590.38319,current US$,World Bank Open Data,https://data.worldbank.org/indicator/NY.GDP.MKTP.CD,2026-08-02T04:09:09.383790+00:00
SLE,Sierra Leone,2020,Demographics,Population,7912558,people,World Bank Open Data,https://data.worldbank.org/indicator/SP.POP.TOTL,2026-08-02T04:09:08.531329+00:00
SLE,Sierra Leone,2020,Economics,GDP (current US$),6688307705.64217,current US$,World Bank Open Data,https://data.worldbank.org/indicator/NY.GDP.MKTP.CD,2026-08-02T04:09:09.383790+00:00
SLE,Sierra Leone,2021,Demographics,Population,8094602,people,World Bank Open Data,https://data.worldbank.org/indicator/SP.POP.TOTL,2026-08-02T04:09:08.531329+00:00
SLE,Sierra Leone,2021,Economics,GDP (current US$),7166931483.2953,current US$,World Bank Open Data,https://data.worldbank.org/indicator/NY.GDP.MKTP.CD,2026-08-02T04:09:09.383790+00:00
SLE,Sierra Leone,2022,Demographics,Population,8276807,people,World Bank Open Data,https://data.worldbank.org/indicator/SP.POP.TOTL,2026-08-02T04:09:08.531329+00:00
SLE,Sierra Leone,2022,Economics,GDP (current US$),7121125277.18159,current US$,World Bank Open Data,https://data.worldbank.org/indicator/NY.GDP.MKTP.CD,2026-08-02T04:09:09.383790+00:00
SLE,Sierra Leone,2023,Demographics,Population,8460512,people,World Bank Open Data,https://data.worldbank.org/indicator/SP.POP.TOTL,2026-08-02T04:09:08.531329+00:00
SLE,Sierra Leone,2023,Economics,GDP (current US$),6415852766.09227,current US$,World Bank Open Data,https://data.worldbank.org/indicator/NY.GDP.MKTP.CD,2026-08-02T04:09:09.383790+00:00
SLE,Sierra Leone,2024,Demographics,Population,8642022,people,World Bank Open Data,https://data.worldbank.org/indicator/SP.POP.TOTL,2026-08-02T04:09:08.531329+00:00
SLE,Sierra Leone,2024,Economics,GDP (current US$),6971127234.07241,current US$,World Bank Open Data,https://data.worldbank.org/indicator/NY.GDP.MKTP.CD,2026-08-02T04:09:09.383790+00:00
SLE,Sierra Leone,2025,Demographics,Population,8819794,people,World Bank Open Data,https://data.worldbank.org/indicator/SP.POP.TOTL,2026-08-02T04:09:08.531329+00:00
SLE,Sierra Leone,2025,Economics,GDP (current US$),7464157904.43509,current US$,World Bank Open Data,https://data.worldbank.org/indicator/NY.GDP.MKTP.CD,2026-08-02T04:09:09.383790+00:00
SLV,El Salvador,2016,Demographics,Population,6200800,people,World Bank Open Data,https://data.worldbank.org/indicator/SP.POP.TOTL,2026-08-02T04:09:08.531329+00:00
SLV,El Salvador,2016,Economics,GDP (current US$),24191430000.0,current US$,World Bank Open Data,https://data.worldbank.org/indicator/NY.GDP.MKTP.CD,2026-08-02T04:09:09.383790+00:00
SLV,El Salvador,2017,Demographics,Population,6213533,people,World Bank Open Data,https://data.worldbank.org/indicator/SP.POP.TOTL,2026-08-02T04:09:08.531329+00:00
SLV,El Salvador,2017,Economics,GDP (current US$),24979190000.0,current US$,World Bank Open Data,https://data.worldbank.org/indicator/NY.GDP.MKTP.CD,2026-08-02T04:09:09.383790+00:00
SLV,El Salvador,2018,Demographics,Population,6219807,people,World Bank Open Data,https://data.worldbank.org/indicator/SP.POP.TOTL,2026-08-02T04:09:08.531329+00:00
SLV,El Salvador,2018,Economics,GDP (current US$),26020850000.0,current US$,World Bank Open Data,https://data.worldbank.org/indicator/NY.GDP.MKTP.CD,2026-08-02T04:09:09.383790+00:00
SLV,El Salvador,2019,Demographics,Population,6222318,people,World Bank Open Data,https://data.worldbank.org/indicator/SP.POP.TOTL,2026-08-02T04:09:08.531329+00:00
SLV,El Salvador,2019,Economics,GDP (current US$),26881140000.0,current US$,World Bank Open Data,https://data.worldbank.org/indicator/NY.GDP.MKTP.CD,2026-08-02T04:09:09.383790+00:00
SLV,El Salvador,2020,Demographics,Population,6234673,people,World Bank Open Data,https://data.worldbank.org/indicator/SP.POP.TOTL,2026-08-02T04:09:08.531329+00:00
SLV,El Salvador,2020,Economics,GDP (current US$),24921190000.0,current US$,World Bank Open Data,https://data.worldbank.org/indicator/NY.GDP.MKTP.CD,2026-08-02T04:09:09.383790+00:00
SLV,El Salvador,2021,Demographics,Population,6255782,people,World Bank Open Data,https://data.worldbank.org/indicator/SP.POP.TOTL,2026-08-02T04:09:08.531329+00:00
SLV,El Salvador,2021,Economics,GDP (current US$),29043140000.0,current US$,World Bank Open Data,https://data.worldbank.org/indicator/NY.GDP.MKTP.CD,2026-08-02T04:09:09.383790+00:00
SLV,El Salvador,2022,Demographics,Population,6280319,people,World Bank Open Data,https://data.worldbank.org/indicator/SP.POP.TOTL,2026-08-02T04:09:08.531329+00:00
SLV,El Salvador,2022,Economics,GDP (current US$),31870110000.0,current US$,World Bank Open Data,https://data.worldbank.org/indicator/NY.GDP.MKTP.CD,2026-08-02T04:09:09.383790+00:00
SLV,El Salvador,2023,Demographics,Population,6309624,people,World Bank Open Data,https://data.worldbank.org/indicator/SP.POP.TOTL,2026-08-02T04:09:08.531329+00:00
SLV,El Salvador,2023,Economics,GDP (current US$),33565430000.0,current US$,World Bank Open Data,https://data.worldbank.org/indicator/NY.GDP.MKTP.CD,2026-08-02T04:09:09.383790+00:00
SLV,El Salvador,2024,Demographics,Population,6338193,people,World Bank Open Data,https://data.worldbank.org/indicator/SP.POP.TOTL,2026-08-02T04:09:08.531329+00:00
SLV,El Salvador,2024,Economics,GDP (current US$),34879730000.0,current US$,World Bank Open Data,https://data.worldbank.org/indicator/NY.GDP.MKTP.CD,2026-08-02T04:09:09.383790+00:00
SLV,El Salvador,2025,Demographics,Population,6365503,people,World Bank Open Data,https://data.worldbank.org/indicator/SP.POP.TOTL,2026-08-02T04:09:08.531329+00:00
SLV,El Salvador,2025,Economics,GDP (current US$),36708110000.0,current US$,World Bank Open Data,https://data.worldbank.org/indicator/NY.GDP.MKTP.CD,2026-08-02T04:09:09.383790+00:00
SMR,San Marino,2016,Demographics,Population,33101,people,World Bank Open Data,https://data.worldbank.org/indicator/SP.POP.TOTL,2026-08-02T04:09:08.531329+00:00
SMR,San Marino,2016,Economics,GDP (current US$),1468342400.08249,current US$,World Bank Open Data,https://data.worldbank.org/indicator/NY.GDP.MKTP.CD,2026-08-02T04:09:09.383790+00:00
SMR,San Marino,2017,Demographics,Population,33825,people,World Bank Open Data,https://data.worldbank.org/indicator/SP.POP.TOTL,2026-08-02T04:09:08.531329+00:00
SMR,San Marino,2017,Economics,GDP (current US$),1528621192.886,current US$,World Bank Open Data,https://data.worldbank.org/indicator/NY.GDP.MKTP.CD,2026-08-02T04:09:09.383790+00:00
SMR,San Marino,2018,Demographics,Population,34522,people,World Bank Open Data,https://data.worldbank.org/indicator/SP.POP.TOTL,2026-08-02T04:09:08.531329+00:00
SMR,San Marino,2018,Economics,GDP (current US$),1655354328.79184,current US$,World Bank Open Data,https://data.worldbank.org/indicator/NY.GDP.MKTP.CD,2026-08-02T04:09:09.383790+00:00
SMR,San Marino,2019,Demographics,Population,34663,people,World Bank Open Data,https://data.worldbank.org/indicator/SP.POP.TOTL,2026-08-02T04:09:08.531329+00:00
SMR,San Marino,2019,Economics,GDP (current US$),1616231696.04862,current US$,World Bank Open Data,https://data.worldbank.org/indicator/NY.GDP.MKTP.CD,2026-08-02T04:09:09.383790+00:00
SMR,San Marino,2020,Demographics,Population,34770,people,World Bank Open Data,https://data.worldbank.org/indicator/SP.POP.TOTL,2026-08-02T04:09:08.531329+00:00
SMR,San Marino,2020,Economics,GDP (current US$),1544713784.67674,current US$,World Bank Open Data,https://data.worldbank.org/indicator/NY.GDP.MKTP.CD,2026-08-02T04:09:09.383790+00:00
SMR,San Marino,2021,Demographics,Population,34252,people,World Bank Open Data,https://data.worldbank.org/indicator/SP.POP.TOTL,2026-08-02T04:09:08.531329+00:00
SMR,San Marino,2021,Economics,GDP (current US$),1855395712.2147,current US$,World Bank Open Data,https://data.worldbank.org/indicator/NY.GDP.MKTP.CD,2026-08-02T04:09:09.383790+00:00
SMR,San Marino,2022,Demographics,Population,33755,people,World Bank Open Data,https://data.worldbank.org/indicator/SP.POP.TOTL,2026-08-02T04:09:08.531329+00:00
SMR,San Marino,2022,Economics,GDP (current US$),1831701022.87082,current US$,World Bank Open Data,https://data.worldbank.org/indicator/NY.GDP.MKTP.CD,2026-08-02T04:09:09.383790+00:00
SMR,San Marino,2023,Demographics,Population,33860,people,World Bank Open Data,https://data.worldbank.org/indicator/SP.POP.TOTL,2026-08-02T04:09:08.531329+00:00
SMR,San Marino,2023,Economics,GDP (current US$),2027243193.5116,current US$,World Bank Open Data,https://data.worldbank.org/indicator/NY.GDP.MKTP.CD,2026-08-02T04:09:09.383790+00:00
SMR,San Marino,2024,Demographics,Population,33977,people,World Bank Open Data,https://data.worldbank.org/indicator/SP.POP.TOTL,2026-08-02T04:09:08.531329+00:00
SMR,San Marino,2025,Demographics,Population,34109,people,World Bank Open Data,https://data.worldbank.org/indicator/SP.POP.TOTL,2026-08-02T04:09:08.531329+00:00
SOM,"Somalia, Fed. Rep.",2016,Demographics,Population,14348740,people,World Bank Open Data,https://data.worldbank.org/indicator/SP.POP.TOTL,2026-08-02T04:09:08.531329+00:00
SOM,"Somalia, Fed. Rep.",2016,Economics,GDP (current US$),6613743069.99912,current US$,World Bank Open Data,https://data.worldbank.org/indicator/NY.GDP.MKTP.CD,2026-08-02T04:09:09.383790+00:00
SOM,"Somalia, Fed. Rep.",2017,Demographics,Population,14916629,people,World Bank Open Data,https://data.worldbank.org/indicator/SP.POP.TOTL,2026-08-02T04:09:08.531329+00:00
SOM,"Somalia, Fed. Rep.",2017,Economics,GDP (current US$),7621501710.0012,current US$,World Bank Open Data,https://data.worldbank.org/indicator/NY.GDP.MKTP.CD,2026-08-02T04:09:09.383790+00:00
SOM,"Somalia, Fed. Rep.",2018,Demographics,Population,15452487,people,World Bank Open Data,https://data.worldbank.org/indicator/SP.POP.TOTL,2026-08-02T04:09:08.531329+00:00
SOM,"Somalia, Fed. Rep.",2018,Economics,GDP (current US$),7873000000.0,current US$,World Bank Open Data,https://data.worldbank.org/indicator/NY.GDP.MKTP.CD,2026-08-02T04:09:09.383790+00:00
SOM,"Somalia, Fed. Rep.",2019,Demographics,Population,16030971,people,World Bank Open Data,https://data.worldbank.org/indicator/SP.POP.TOTL,2026-08-02T04:09:08.531329+00:00
SOM,"Somalia, Fed. Rep.",2019,Economics,GDP (current US$),8656000000.0,current US$,World Bank Open Data,https://data.worldbank.org/indicator/NY.GDP.MKTP.CD,2026-08-02T04:09:09.383790+00:00
SOM,"Somalia, Fed. Rep.",2020,Demographics,Population,16651191,people,World Bank Open Data,https://data.worldbank.org/indicator/SP.POP.TOTL,2026-08-02T04:09:08.531329+00:00
SOM,"Somalia, Fed. Rep.",2020,Economics,GDP (current US$),8628000000.0,current US$,World Bank Open Data,https://data.worldbank.org/indicator/NY.GDP.MKTP.CD,2026-08-02T04:09:09.383790+00:00
SOM,"Somalia, Fed. Rep.",2021,Demographics,Population,17271431,people,World Bank Open Data,https://data.worldbank.org/indicator/SP.POP.TOTL,2026-08-02T04:09:08.531329+00:00
SOM,"Somalia, Fed. Rep.",2021,Economics,GDP (current US$),9483000000.0,current US$,World Bank Open Data,https://data.worldbank.org/indicator/NY.GDP.MKTP.CD,2026-08-02T04:09:09.383790+00:00
SOM,"Somalia, Fed. Rep.",2022,Demographics,Population,17801897,people,World Bank Open Data,https://data.worldbank.org/indicator/SP.POP.TOTL,2026-08-02T04:09:08.531329+00:00
SOM,"Somalia, Fed. Rep.",2022,Economics,GDP (current US$),10203000000.0,current US$,World Bank Open Data,https://data.worldbank.org/indicator/NY.GDP.MKTP.CD,2026-08-02T04:09:09.383790+00:00
SOM,"Somalia, Fed. Rep.",2023,Demographics,Population,18358615,people,World Bank Open Data,https://data.worldbank.org/indicator/SP.POP.TOTL,2026-08-02T04:09:08.531329+00:00
SOM,"Somalia, Fed. Rep.",2023,Economics,GDP (current US$),10958000000.0,current US$,World Bank Open Data,https://data.worldbank.org/indicator/NY.GDP.MKTP.CD,2026-08-02T04:09:09.383790+00:00
SOM,"Somalia, Fed. Rep.",2024,Demographics,Population,19009151,people,World Bank Open Data,https://data.worldbank.org/indicator/SP.POP.TOTL,2026-08-02T04:09:08.531329+00:00
SOM,"Somalia, Fed. Rep.",2024,Economics,GDP (current US$),11967000000.0,current US$,World Bank Open Data,https://data.worldbank.org/indicator/NY.GDP.MKTP.CD,2026-08-02T04:09:09.383790+00:00
SOM,"Somalia, Fed. Rep.",2025,Demographics,Population,19654739,people,World Bank Open Data,https://data.worldbank.org/indicator/SP.POP.TOTL,2026-08-02T04:09:08.531329+00:00
SOM,"Somalia, Fed. Rep.",2025,Economics,GDP (current US$),12995200000.2658,current US$,World Bank Open Data,https://data.worldbank.org/indicator/NY.GDP.MKTP.CD,2026-08-02T04:09:09.383790+00:00
SRB,Serbia,2016,Demographics,Population,7058322,people,World Bank Open Data,https://data.worldbank.org/indicator/SP.POP.TOTL,2026-08-02T04:09:08.531329+00:00
SRB,Serbia,2016,Economics,GDP (current US$),42225495909.5633,current US$,World Bank Open Data,https://data.worldbank.org/indicator/NY.GDP.MKTP.CD,2026-08-02T04:09:09.383790+00:00
SRB,Serbia,2017,Demographics,Population,7020858,people,World Bank Open Data,https://data.worldbank.org/indicator/SP.POP.TOTL,2026-08-02T04:09:08.531329+00:00
SRB,Serbia,2017,Economics,GDP (current US$),45972834713.8077,current US$,World Bank Open Data,https://data.worldbank.org/indicator/NY.GDP.MKTP.CD,2026-08-02T04:09:09.383790+00:00
SRB,Serbia,2018,Demographics,Population,6982604,people,World Bank Open Data,https://data.worldbank.org/indicator/SP.POP.TOTL,2026-08-02T04:09:08.531329+00:00
SRB,Serbia,2018,Economics,GDP (current US$),52787520248.9242,current US$,World Bank Open Data,https://data.worldbank.org/indicator/NY.GDP.MKTP.CD,2026-08-02T04:09:09.383790+00:00
SRB,Serbia,2019,Demographics,Population,6945235,people,World Bank Open Data,https://data.worldbank.org/indicator/SP.POP.TOTL,2026-08-02T04:09:08.531329+00:00
SRB,Serbia,2019,Economics,GDP (current US$),53864693664.5568,current US$,World Bank Open Data,https://data.worldbank.org/indicator/NY.GDP.MKTP.CD,2026-08-02T04:09:09.383790+00:00
SRB,Serbia,2020,Demographics,Population,6899126,people,World Bank Open Data,https://data.worldbank.org/indicator/SP.POP.TOTL,2026-08-02T04:09:08.531329+00:00
SRB,Serbia,2020,Economics,GDP (current US$),55874017668.998,current US$,World Bank Open Data,https://data.worldbank.org/indicator/NY.GDP.MKTP.CD,2026-08-02T04:09:09.383790+00:00
SRB,Serbia,2021,Demographics,Population,6834326,people,World Bank Open Data,https://data.worldbank.org/indicator/SP.POP.TOTL,2026-08-02T04:09:08.531329+00:00
SRB,Serbia,2021,Economics,GDP (current US$),66159884072.5308,current US$,World Bank Open Data,https://data.worldbank.org/indicator/NY.GDP.MKTP.CD,2026-08-02T04:09:09.383790+00:00
SRB,Serbia,2022,Demographics,Population,6664449,people,World Bank Open Data,https://data.worldbank.org/indicator/SP.POP.TOTL,2026-08-02T04:09:08.531329+00:00
SRB,Serbia,2022,Economics,GDP (current US$),66809895701.2152,current US$,World Bank Open Data,https://data.worldbank.org/indicator/NY.GDP.MKTP.CD,2026-08-02T04:09:09.383790+00:00
SRB,Serbia,2023,Demographics,Population,6623183,people,World Bank Open Data,https://data.worldbank.org/indicator/SP.POP.TOTL,2026-08-02T04:09:08.531329+00:00
SRB,Serbia,2023,Economics,GDP (current US$),81343999280.0179,current US$,World Bank Open Data,https://data.worldbank.org/indicator/NY.GDP.MKTP.CD,2026-08-02T04:09:09.383790+00:00
SRB,Serbia,2024,Demographics,Population,6586476,people,World Bank Open Data,https://data.worldbank.org/indicator/SP.POP.TOTL,2026-08-02T04:09:08.531329+00:00
SRB,Serbia,2024,Economics,GDP (current US$),90088366320.4062,current US$,World Bank Open Data,https://data.worldbank.org/indicator/NY.GDP.MKTP.CD,2026-08-02T04:09:09.383790+00:00
SRB,Serbia,2025,Demographics,Population,6549143,people,World Bank Open Data,https://data.worldbank.org/indicator/SP.POP.TOTL,2026-08-02T04:09:08.531329+00:00
SRB,Serbia,2025,Economics,GDP (current US$),99953324472.9042,current US$,World Bank Open Data,https://data.worldbank.org/indicator/NY.GDP.MKTP.CD,2026-08-02T04:09:09.383790+00:00
SSD,South Sudan,2016,Demographics,Population,10830102,people,World Bank Open Data,https://data.worldbank.org/indicator/SP.POP.TOTL,2026-08-02T04:09:08.531329+00:00
SSD,South Sudan,2017,Demographics,Population,10259154,people,World Bank Open Data,https://data.worldbank.org/indicator/SP.POP.TOTL,2026-08-02T04:09:08.531329+00:00
SSD,South Sudan,2018,Demographics,Population,10122977,people,World Bank Open Data,https://data.worldbank.org/indicator/SP.POP.TOTL,2026-08-02T04:09:08.531329+00:00
SSD,South Sudan,2019,Demographics,Population,10423384,people,World Bank Open Data,https://data.worldbank.org/indicator/SP.POP.TOTL,2026-08-02T04:09:08.531329+00:00
SSD,South Sudan,2020,Demographics,Population,10698467,people,World Bank Open Data,https://data.worldbank.org/indicator/SP.POP.TOTL,2026-08-02T04:09:08.531329+00:00
SSD,South Sudan,2021,Demographics,Population,10865780,people,World Bank Open Data,https://data.worldbank.org/indicator/SP.POP.TOTL,2026-08-02T04:09:08.531329+00:00
SSD,South Sudan,2022,Demographics,Population,11021177,people,World Bank Open Data,https://data.worldbank.org/indicator/SP.POP.TOTL,2026-08-02T04:09:08.531329+00:00
SSD,South Sudan,2023,Demographics,Population,11483374,people,World Bank Open Data,https://data.worldbank.org/indicator/SP.POP.TOTL,2026-08-02T04:09:08.531329+00:00
SSD,South Sudan,2024,Demographics,Population,11943408,people,World Bank Open Data,https://data.worldbank.org/indicator/SP.POP.TOTL,2026-08-02T04:09:08.531329+00:00
SSD,South Sudan,2025,Demographics,Population,12188788,people,World Bank Open Data,https://data.worldbank.org/indicator/SP.POP.TOTL,2026-08-02T04:09:08.531329+00:00
STP,Sao Tome and Principe,2016,Demographics,Population,203689,people,World Bank Open Data,https://data.worldbank.org/indicator/SP.POP.TOTL,2026-08-02T04:09:08.531329+00:00
STP,Sao Tome and Principe,2016,Economics,GDP (current US$),292267272.196925,current US$,World Bank Open Data,https://data.worldbank.org/indicator/NY.GDP.MKTP.CD,2026-08-02T04:09:09.383790+00:00
STP,Sao Tome and Principe,2017,Demographics,Population,206970,people,World Bank Open Data,https://data.worldbank.org/indicator/SP.POP.TOTL,2026-08-02T04:09:08.531329+00:00
STP,Sao Tome and Principe,2017,Economics,GDP (current US$),322002845.229335,current US$,World Bank Open Data,https://data.worldbank.org/indicator/NY.GDP.MKTP.CD,2026-08-02T04:09:09.383790+00:00
STP,Sao Tome and Principe,2018,Demographics,Population,210187,people,World Bank Open Data,https://data.worldbank.org/indicator/SP.POP.TOTL,2026-08-02T04:09:08.531329+00:00
STP,Sao Tome and Principe,2018,Economics,GDP (current US$),383717327.830508,current US$,World Bank Open Data,https://data.worldbank.org/indicator/NY.GDP.MKTP.CD,2026-08-02T04:09:09.383790+00:00
STP,Sao Tome and Principe,2019,Demographics,Population,213392,people,World Bank Open Data,https://data.worldbank.org/indicator/SP.POP.TOTL,2026-08-02T04:09:08.531329+00:00
STP,Sao Tome and Principe,2019,Economics,GDP (current US$),412976082.620705,current US$,World Bank Open Data,https://data.worldbank.org/indicator/NY.GDP.MKTP.CD,2026-08-02T04:09:09.383790+00:00
STP,Sao Tome and Principe,2020,Demographics,Population,217435,people,World Bank Open Data,https://data.worldbank.org/indicator/SP.POP.TOTL,2026-08-02T04:09:08.531329+00:00
STP,Sao Tome and Principe,2020,Economics,GDP (current US$),471229484.607144,current US$,World Bank Open Data,https://data.worldbank.org/indicator/NY.GDP.MKTP.CD,2026-08-02T04:09:09.383790+00:00
STP,Sao Tome and Principe,2021,Demographics,Population,221961,people,World Bank Open Data,https://data.worldbank.org/indicator/SP.POP.TOTL,2026-08-02T04:09:08.531329+00:00
STP,Sao Tome and Principe,2021,Economics,GDP (current US$),524402455.54816,current US$,World Bank Open Data,https://data.worldbank.org/indicator/NY.GDP.MKTP.CD,2026-08-02T04:09:09.383790+00:00
STP,Sao Tome and Principe,2022,Demographics,Population,226305,people,World Bank Open Data,https://data.worldbank.org/indicator/SP.POP.TOTL,2026-08-02T04:09:08.531329+00:00
STP,Sao Tome and Principe,2022,Economics,GDP (current US$),540809499.189348,current US$,World Bank Open Data,https://data.worldbank.org/indicator/NY.GDP.MKTP.CD,2026-08-02T04:09:09.383790+00:00
STP,Sao Tome and Principe,2023,Demographics,Population,230871,people,World Bank Open Data,https://data.worldbank.org/indicator/SP.POP.TOTL,2026-08-02T04:09:08.531329+00:00
STP,Sao Tome and Principe,2023,Economics,GDP (current US$),690456806.696406,current US$,World Bank Open Data,https://data.worldbank.org/indicator/NY.GDP.MKTP.CD,2026-08-02T04:09:09.383790+00:00
STP,Sao Tome and Principe,2024,Demographics,Population,235536,people,World Bank Open Data,https://data.worldbank.org/indicator/SP.POP.TOTL,2026-08-02T04:09:08.531329+00:00
STP,Sao Tome and Principe,2024,Economics,GDP (current US$),824992558.045383,current US$,World Bank Open Data,https://data.worldbank.org/indicator/NY.GDP.MKTP.CD,2026-08-02T04:09:09.383790+00:00
STP,Sao Tome and Principe,2025,Demographics,Population,240254,people,World Bank Open Data,https://data.worldbank.org/indicator/SP.POP.TOTL,2026-08-02T04:09:08.531329+00:00
STP,Sao Tome and Principe,2025,Economics,GDP (current US$),981293586.906408,current US$,World Bank Open Data,https://data.worldbank.org/indicator/NY.GDP.MKTP.CD,2026-08-02T04:09:09.383790+00:00
SUR,Suriname,2016,Demographics,Population,587757,people,World Bank Open Data,https://data.worldbank.org/indicator/SP.POP.TOTL,2026-08-02T04:09:08.531329+00:00
SUR,Suriname,2016,Economics,GDP (current US$),3317421648.09918,current US$,World Bank Open Data,https://data.worldbank.org/indicator/NY.GDP.MKTP.CD,2026-08-02T04:09:09.383790+00:00
SUR,Suriname,2017,Demographics,Population,593713,people,World Bank Open Data,https://data.worldbank.org/indicator/SP.POP.TOTL,2026-08-02T04:09:08.531329+00:00
SUR,Suriname,2017,Economics,GDP (current US$),3591679430.99988,current US$,World Bank Open Data,https://data.worldbank.org/indicator/NY.GDP.MKTP.CD,2026-08-02T04:09:09.383790+00:00
SUR,Suriname,2018,Demographics,Population,599513,people,World Bank Open Data,https://data.worldbank.org/indicator/SP.POP.TOTL,2026-08-02T04:09:08.531329+00:00
SUR,Suriname,2018,Economics,GDP (current US$),3996198866.57453,current US$,World Bank Open Data,https://data.worldbank.org/indicator/NY.GDP.MKTP.CD,2026-08-02T04:09:09.383790+00:00
SUR,Suriname,2019,Demographics,Population,605768,people,World Bank Open Data,https://data.worldbank.org/indicator/SP.POP.TOTL,2026-08-02T04:09:08.531329+00:00
SUR,Suriname,2019,Economics,GDP (current US$),4016040575.08796,current US$,World Bank Open Data,https://data.worldbank.org/indicator/NY.GDP.MKTP.CD,2026-08-02T04:09:09.383790+00:00
SUR,Suriname,2020,Demographics,Population,612317,people,World Bank Open Data,https://data.worldbank.org/indicator/SP.POP.TOTL,2026-08-02T04:09:08.531329+00:00
SUR,Suriname,2020,Economics,GDP (current US$),2911807496.20227,current US$,World Bank Open Data,https://data.worldbank.org/indicator/NY.GDP.MKTP.CD,2026-08-02T04:09:09.383790+00:00
SUR,Suriname,2021,Demographics,Population,617896,people,World Bank Open Data,https://data.worldbank.org/indicator/SP.POP.TOTL,2026-08-02T04:09:08.531329+00:00
SUR,Suriname,2021,Economics,GDP (current US$),3107923197.96954,current US$,World Bank Open Data,https://data.worldbank.org/indicator/NY.GDP.MKTP.CD,2026-08-02T04:09:09.383790+00:00
SUR,Suriname,2022,Demographics,Population,623164,people,World Bank Open Data,https://data.worldbank.org/indicator/SP.POP.TOTL,2026-08-02T04:09:08.531329+00:00
SUR,Suriname,2022,Economics,GDP (current US$),3791603200.0259,current US$,World Bank Open Data,https://data.worldbank.org/indicator/NY.GDP.MKTP.CD,2026-08-02T04:09:09.383790+00:00
SUR,Suriname,2023,Demographics,Population,628886,people,World Bank Open Data,https://data.worldbank.org/indicator/SP.POP.TOTL,2026-08-02T04:09:08.531329+00:00
SUR,Suriname,2023,Economics,GDP (current US$),3472693412.08497,current US$,World Bank Open Data,https://data.worldbank.org/indicator/NY.GDP.MKTP.CD,2026-08-02T04:09:09.383790+00:00
SUR,Suriname,2024,Demographics,Population,634431,people,World Bank Open Data,https://data.worldbank.org/indicator/SP.POP.TOTL,2026-08-02T04:09:08.531329+00:00
SUR,Suriname,2024,Economics,GDP (current US$),4416775112.72266,current US$,World Bank Open Data,https://data.worldbank.org/indicator/NY.GDP.MKTP.CD,2026-08-02T04:09:09.383790+00:00
SUR,Suriname,2025,Demographics,Population,639850,people,World Bank Open Data,https://data.worldbank.org/indicator/SP.POP.TOTL,2026-08-02T04:09:08.531329+00:00
SUR,Suriname,2025,Economics,GDP (current US$),4523657796.86421,current US$,World Bank Open Data,https://data.worldbank.org/indicator/NY.GDP.MKTP.CD,2026-08-02T04:09:09.383790+00:00
SVK,Slovak Republic,2016,Demographics,Population,5430798,people,World Bank Open Data,https://data.worldbank.org/indicator/SP.POP.TOTL,2026-08-02T04:09:08.531329+00:00
SVK,Slovak Republic,2016,Economics,GDP (current US$),90347173228.6356,current US$,World Bank Open Data,https://data.worldbank.org/indicator/NY.GDP.MKTP.CD,2026-08-02T04:09:09.383790+00:00
SVK,Slovak Republic,2017,Demographics,Population,5439232,people,World Bank Open Data,https://data.worldbank.org/indicator/SP.POP.TOTL,2026-08-02T04:09:08.531329+00:00
SVK,Slovak Republic,2017,Economics,GDP (current US$),95978130734.9766,current US$,World Bank Open Data,https://data.worldbank.org/indicator/NY.GDP.MKTP.CD,2026-08-02T04:09:09.383790+00:00
SVK,Slovak Republic,2018,Demographics,Population,5446771,people,World Bank Open Data,https://data.worldbank.org/indicator/SP.POP.TOTL,2026-08-02T04:09:08.531329+00:00
SVK,Slovak Republic,2018,Economics,GDP (current US$),106611673364.837,current US$,World Bank Open Data,https://data.worldbank.org/indicator/NY.GDP.MKTP.CD,2026-08-02T04:09:09.383790+00:00
SVK,Slovak Republic,2019,Demographics,Population,5454147,people,World Bank Open Data,https://data.worldbank.org/indicator/SP.POP.TOTL,2026-08-02T04:09:08.531329+00:00
SVK,Slovak Republic,2019,Economics,GDP (current US$),105843498304.094,current US$,World Bank Open Data,https://data.worldbank.org/indicator/NY.GDP.MKTP.CD,2026-08-02T04:09:09.383790+00:00
SVK,Slovak Republic,2020,Demographics,Population,5458827,people,World Bank Open Data,https://data.worldbank.org/indicator/SP.POP.TOTL,2026-08-02T04:09:08.531329+00:00
SVK,Slovak Republic,2020,Economics,GDP (current US$),107732602896.441,current US$,World Bank Open Data,https://data.worldbank.org/indicator/NY.GDP.MKTP.CD,2026-08-02T04:09:09.383790+00:00
SVK,Slovak Republic,2021,Demographics,Population,5447247,people,World Bank Open Data,https://data.worldbank.org/indicator/SP.POP.TOTL,2026-08-02T04:09:08.531329+00:00
SVK,Slovak Republic,2021,Economics,GDP (current US$),120511265913.343,current US$,World Bank Open Data,https://data.worldbank.org/indicator/NY.GDP.MKTP.CD,2026-08-02T04:09:09.383790+00:00
SVK,Slovak Republic,2022,Demographics,Population,5431752,people,World Bank Open Data,https://data.worldbank.org/indicator/SP.POP.TOTL,2026-08-02T04:09:08.531329+00:00
SVK,Slovak Republic,2022,Economics,GDP (current US$),115792972358.209,current US$,World Bank Open Data,https://data.worldbank.org/indicator/NY.GDP.MKTP.CD,2026-08-02T04:09:09.383790+00:00
SVK,Slovak Republic,2023,Demographics,Population,5426740,people,World Bank Open Data,https://data.worldbank.org/indicator/SP.POP.TOTL,2026-08-02T04:09:08.531329+00:00
SVK,Slovak Republic,2023,Economics,GDP (current US$),133578518423.544,current US$,World Bank Open Data,https://data.worldbank.org/indicator/NY.GDP.MKTP.CD,2026-08-02T04:09:09.383790+00:00
SVK,Slovak Republic,2024,Demographics,Population,5422069,people,World Bank Open Data,https://data.worldbank.org/indicator/SP.POP.TOTL,2026-08-02T04:09:08.531329+00:00
SVK,Slovak Republic,2024,Economics,GDP (current US$),140934076532.375,current US$,World Bank Open Data,https://data.worldbank.org/indicator/NY.GDP.MKTP.CD,2026-08-02T04:09:09.383790+00:00
SVK,Slovak Republic,2025,Demographics,Population,5413813,people,World Bank Open Data,https://data.worldbank.org/indicator/SP.POP.TOTL,2026-08-02T04:09:08.531329+00:00
SVK,Slovak Republic,2025,Economics,GDP (current US$),154530066506.895,current US$,World Bank Open Data,https://data.worldbank.org/indicator/NY.GDP.MKTP.CD,2026-08-02T04:09:09.383790+00:00
SVN,Slovenia,2016,Demographics,Population,2065042,people,World Bank Open Data,https://data.worldbank.org/indicator/SP.POP.TOTL,2026-08-02T04:09:08.531329+00:00
SVN,Slovenia,2016,Economics,GDP (current US$),44290685824.0682,current US$,World Bank Open Data,https://data.worldbank.org/indicator/NY.GDP.MKTP.CD,2026-08-02T04:09:09.383790+00:00
SVN,Slovenia,2017,Demographics,Population,2066388,people,World Bank Open Data,https://data.worldbank.org/indicator/SP.POP.TOTL,2026-08-02T04:09:08.531329+00:00
SVN,Slovenia,2017,Economics,GDP (current US$),48153200134.6613,current US$,World Bank Open Data,https://data.worldbank.org/indicator/NY.GDP.MKTP.CD,2026-08-02T04:09:09.383790+00:00
SVN,Slovenia,2018,Demographics,Population,2073894,people,World Bank Open Data,https://data.worldbank.org/indicator/SP.POP.TOTL,2026-08-02T04:09:08.531329+00:00
SVN,Slovenia,2018,Economics,GDP (current US$),53689067639.9176,current US$,World Bank Open Data,https://data.worldbank.org/indicator/NY.GDP.MKTP.CD,2026-08-02T04:09:09.383790+00:00
SVN,Slovenia,2019,Demographics,Population,2088385,people,World Bank Open Data,https://data.worldbank.org/indicator/SP.POP.TOTL,2026-08-02T04:09:08.531329+00:00
SVN,Slovenia,2019,Economics,GDP (current US$),53909922735.545,current US$,World Bank Open Data,https://data.worldbank.org/indicator/NY.GDP.MKTP.CD,2026-08-02T04:09:09.383790+00:00
SVN,Slovenia,2020,Demographics,Population,2102419,people,World Bank Open Data,https://data.worldbank.org/indicator/SP.POP.TOTL,2026-08-02T04:09:08.531329+00:00
SVN,Slovenia,2020,Economics,GDP (current US$),53384760135.1581,current US$,World Bank Open Data,https://data.worldbank.org/indicator/NY.GDP.MKTP.CD,2026-08-02T04:09:09.383790+00:00
SVN,Slovenia,2021,Demographics,Population,2108079,people,World Bank Open Data,https://data.worldbank.org/indicator/SP.POP.TOTL,2026-08-02T04:09:08.531329+00:00
SVN,Slovenia,2021,Economics,GDP (current US$),61540813361.8556,current US$,World Bank Open Data,https://data.worldbank.org/indicator/NY.GDP.MKTP.CD,2026-08-02T04:09:09.383790+00:00
SVN,Slovenia,2022,Demographics,Population,2112076,people,World Bank Open Data,https://data.worldbank.org/indicator/SP.POP.TOTL,2026-08-02T04:09:08.531329+00:00
SVN,Slovenia,2022,Economics,GDP (current US$),59899117741.0022,current US$,World Bank Open Data,https://data.worldbank.org/indicator/NY.GDP.MKTP.CD,2026-08-02T04:09:09.383790+00:00
SVN,Slovenia,2023,Demographics,Population,2120461,people,World Bank Open Data,https://data.worldbank.org/indicator/SP.POP.TOTL,2026-08-02T04:09:08.531329+00:00
SVN,Slovenia,2023,Economics,GDP (current US$),69255264238.3855,current US$,World Bank Open Data,https://data.worldbank.org/indicator/NY.GDP.MKTP.CD,2026-08-02T04:09:09.383790+00:00
SVN,Slovenia,2024,Demographics,Population,2127400,people,World Bank Open Data,https://data.worldbank.org/indicator/SP.POP.TOTL,2026-08-02T04:09:08.531329+00:00
SVN,Slovenia,2024,Economics,GDP (current US$),72972015197.3859,current US$,World Bank Open Data,https://data.worldbank.org/indicator/NY.GDP.MKTP.CD,2026-08-02T04:09:09.383790+00:00
SVN,Slovenia,2025,Demographics,Population,2130986,people,World Bank Open Data,https://data.worldbank.org/indicator/SP.POP.TOTL,2026-08-02T04:09:08.531329+00:00
SVN,Slovenia,2025,Economics,GDP (current US$),79648204979.3618,current US$,World Bank Open Data,https://data.worldbank.org/indicator/NY.GDP.MKTP.CD,2026-08-02T04:09:09.383790+00:00
SWE,Sweden,2016,Demographics,Population,9923085,people,World Bank Open Data,https://data.worldbank.org/indicator/SP.POP.TOTL,2026-08-02T04:09:08.531329+00:00
SWE,Sweden,2016,Economics,GDP (current US$),513058312950.939,current US$,World Bank Open Data,https://data.worldbank.org/indicator/NY.GDP.MKTP.CD,2026-08-02T04:09:09.383790+00:00
SWE,Sweden,2017,Demographics,Population,10057698,people,World Bank Open Data,https://data.worldbank.org/indicator/SP.POP.TOTL,2026-08-02T04:09:08.531329+00:00
SWE,Sweden,2017,Economics,GDP (current US$),535172356784.769,current US$,World Bank Open Data,https://data.worldbank.org/indicator/NY.GDP.MKTP.CD,2026-08-02T04:09:09.383790+00:00
SWE,Sweden,2018,Demographics,Population,10175214,people,World Bank Open Data,https://data.worldbank.org/indicator/SP.POP.TOTL,2026-08-02T04:09:08.531329+00:00
SWE,Sweden,2018,Economics,GDP (current US$),549649344043.182,current US$,World Bank Open Data,https://data.worldbank.org/indicator/NY.GDP.MKTP.CD,2026-08-02T04:09:09.383790+00:00
SWE,Sweden,2019,Demographics,Population,10278887,people,World Bank Open Data,https://data.worldbank.org/indicator/SP.POP.TOTL,2026-08-02T04:09:08.531329+00:00
SWE,Sweden,2019,Economics,GDP (current US$),530894124494.418,current US$,World Bank Open Data,https://data.worldbank.org/indicator/NY.GDP.MKTP.CD,2026-08-02T04:09:09.383790+00:00
SWE,Sweden,2020,Demographics,Population,10353442,people,World Bank Open Data,https://data.worldbank.org/indicator/SP.POP.TOTL,2026-08-02T04:09:08.531329+00:00
SWE,Sweden,2020,Economics,GDP (current US$),544265668451.678,current US$,World Bank Open Data,https://data.worldbank.org/indicator/NY.GDP.MKTP.CD,2026-08-02T04:09:09.383790+00:00
SWE,Sweden,2021,Demographics,Population,10415811,people,World Bank Open Data,https://data.worldbank.org/indicator/SP.POP.TOTL,2026-08-02T04:09:08.531329+00:00
SWE,Sweden,2021,Economics,GDP (current US$),631693331300.776,current US$,World Bank Open Data,https://data.worldbank.org/indicator/NY.GDP.MKTP.CD,2026-08-02T04:09:09.383790+00:00
SWE,Sweden,2022,Demographics,Population,10486941,people,World Bank Open Data,https://data.worldbank.org/indicator/SP.POP.TOTL,2026-08-02T04:09:08.531329+00:00
SWE,Sweden,2022,Economics,GDP (current US$),575071237640.921,current US$,World Bank Open Data,https://data.worldbank.org/indicator/NY.GDP.MKTP.CD,2026-08-02T04:09:09.383790+00:00
SWE,Sweden,2023,Demographics,Population,10536632,people,World Bank Open Data,https://data.worldbank.org/indicator/SP.POP.TOTL,2026-08-02T04:09:08.531329+00:00
SWE,Sweden,2023,Economics,GDP (current US$),578990915246.07,current US$,World Bank Open Data,https://data.worldbank.org/indicator/NY.GDP.MKTP.CD,2026-08-02T04:09:09.383790+00:00
SWE,Sweden,2024,Demographics,Population,10569709,people,World Bank Open Data,https://data.worldbank.org/indicator/SP.POP.TOTL,2026-08-02T04:09:08.531329+00:00
SWE,Sweden,2024,Economics,GDP (current US$),604827393488.582,current US$,World Bank Open Data,https://data.worldbank.org/indicator/NY.GDP.MKTP.CD,2026-08-02T04:09:09.383790+00:00
SWE,Sweden,2025,Demographics,Population,10596620,people,World Bank Open Data,https://data.worldbank.org/indicator/SP.POP.TOTL,2026-08-02T04:09:08.531329+00:00
SWE,Sweden,2025,Economics,GDP (current US$),668998664082.081,current US$,World Bank Open Data,https://data.worldbank.org/indicator/NY.GDP.MKTP.CD,2026-08-02T04:09:09.383790+00:00
SWZ,Eswatini,2016,Demographics,Population,1149507,people,World Bank Open Data,https://data.worldbank.org/indicator/SP.POP.TOTL,2026-08-02T04:09:08.531329+00:00
SWZ,Eswatini,2016,Economics,GDP (current US$),3722306116.72872,current US$,World Bank Open Data,https://data.worldbank.org/indicator/NY.GDP.MKTP.CD,2026-08-02T04:09:09.383790+00:00
SWZ,Eswatini,2017,Demographics,Population,1158195,people,World Bank Open Data,https://data.worldbank.org/indicator/SP.POP.TOTL,2026-08-02T04:09:08.531329+00:00
SWZ,Eswatini,2017,Economics,GDP (current US$),4462640651.49219,current US$,World Bank Open Data,https://data.worldbank.org/indicator/NY.GDP.MKTP.CD,2026-08-02T04:09:09.383790+00:00
SWZ,Eswatini,2018,Demographics,Population,1168929,people,World Bank Open Data,https://data.worldbank.org/indicator/SP.POP.TOTL,2026-08-02T04:09:08.531329+00:00
SWZ,Eswatini,2018,Economics,GDP (current US$),4643751059.28203,current US$,World Bank Open Data,https://data.worldbank.org/indicator/NY.GDP.MKTP.CD,2026-08-02T04:09:09.383790+00:00
SWZ,Eswatini,2019,Demographics,Population,1179874,people,World Bank Open Data,https://data.worldbank.org/indicator/SP.POP.TOTL,2026-08-02T04:09:08.531329+00:00
SWZ,Eswatini,2019,Economics,GDP (current US$),4617018958.69086,current US$,World Bank Open Data,https://data.worldbank.org/indicator/NY.GDP.MKTP.CD,2026-08-02T04:09:09.383790+00:00
SWZ,Eswatini,2020,Demographics,Population,1192729,people,World Bank Open Data,https://data.worldbank.org/indicator/SP.POP.TOTL,2026-08-02T04:09:08.531329+00:00
SWZ,Eswatini,2020,Economics,GDP (current US$),4134677809.50096,current US$,World Bank Open Data,https://data.worldbank.org/indicator/NY.GDP.MKTP.CD,2026-08-02T04:09:09.383790+00:00
SWZ,Eswatini,2021,Demographics,Population,1206593,people,World Bank Open Data,https://data.worldbank.org/indicator/SP.POP.TOTL,2026-08-02T04:09:08.531329+00:00
SWZ,Eswatini,2021,Economics,GDP (current US$),4807069277.20114,current US$,World Bank Open Data,https://data.worldbank.org/indicator/NY.GDP.MKTP.CD,2026-08-02T04:09:09.383790+00:00
SWZ,Eswatini,2022,Demographics,Population,1218917,people,World Bank Open Data,https://data.worldbank.org/indicator/SP.POP.TOTL,2026-08-02T04:09:08.531329+00:00
SWZ,Eswatini,2022,Economics,GDP (current US$),4746660273.50829,current US$,World Bank Open Data,https://data.worldbank.org/indicator/NY.GDP.MKTP.CD,2026-08-02T04:09:09.383790+00:00
SWZ,Eswatini,2023,Demographics,Population,1230506,people,World Bank Open Data,https://data.worldbank.org/indicator/SP.POP.TOTL,2026-08-02T04:09:08.531329+00:00
SWZ,Eswatini,2023,Economics,GDP (current US$),4621191261.84214,current US$,World Bank Open Data,https://data.worldbank.org/indicator/NY.GDP.MKTP.CD,2026-08-02T04:09:09.383790+00:00
SWZ,Eswatini,2024,Demographics,Population,1242822,people,World Bank Open Data,https://data.worldbank.org/indicator/SP.POP.TOTL,2026-08-02T04:09:08.531329+00:00
SWZ,Eswatini,2024,Economics,GDP (current US$),4858885840.77236,current US$,World Bank Open Data,https://data.worldbank.org/indicator/NY.GDP.MKTP.CD,2026-08-02T04:09:09.383790+00:00
SWZ,Eswatini,2025,Demographics,Population,1256174,people,World Bank Open Data,https://data.worldbank.org/indicator/SP.POP.TOTL,2026-08-02T04:09:08.531329+00:00
SWZ,Eswatini,2025,Economics,GDP (current US$),5160679612.81734,current US$,World Bank Open Data,https://data.worldbank.org/indicator/NY.GDP.MKTP.CD,2026-08-02T04:09:09.383790+00:00
SXM,Sint Maarten (Dutch part),2016,Demographics,Population,38249,people,World Bank Open Data,https://data.worldbank.org/indicator/SP.POP.TOTL,2026-08-02T04:09:08.531329+00:00
SXM,Sint Maarten (Dutch part),2016,Economics,GDP (current US$),1427017206.70391,current US$,World Bank Open Data,https://data.worldbank.org/indicator/NY.GDP.MKTP.CD,2026-08-02T04:09:09.383790+00:00
SXM,Sint Maarten (Dutch part),2017,Demographics,Population,38996,people,World Bank Open Data,https://data.worldbank.org/indicator/SP.POP.TOTL,2026-08-02T04:09:08.531329+00:00
SXM,Sint Maarten (Dutch part),2017,Economics,GDP (current US$),1353212122.90503,current US$,World Bank Open Data,https://data.worldbank.org/indicator/NY.GDP.MKTP.CD,2026-08-02T04:09:09.383790+00:00
SXM,Sint Maarten (Dutch part),2018,Demographics,Population,39712,people,World Bank Open Data,https://data.worldbank.org/indicator/SP.POP.TOTL,2026-08-02T04:09:08.531329+00:00
SXM,Sint Maarten (Dutch part),2018,Economics,GDP (current US$),1259200446.92737,current US$,World Bank Open Data,https://data.worldbank.org/indicator/NY.GDP.MKTP.CD,2026-08-02T04:09:09.383790+00:00
SXM,Sint Maarten (Dutch part),2019,Demographics,Population,40385,people,World Bank Open Data,https://data.worldbank.org/indicator/SP.POP.TOTL,2026-08-02T04:09:08.531329+00:00
SXM,Sint Maarten (Dutch part),2019,Economics,GDP (current US$),1407880446.92737,current US$,World Bank Open Data,https://data.worldbank.org/indicator/NY.GDP.MKTP.CD,2026-08-02T04:09:09.383790+00:00
SXM,Sint Maarten (Dutch part),2020,Demographics,Population,41008,people,World Bank Open Data,https://data.worldbank.org/indicator/SP.POP.TOTL,2026-08-02T04:09:08.531329+00:00
SXM,Sint Maarten (Dutch part),2020,Economics,GDP (current US$),1236428100.55866,current US$,World Bank Open Data,https://data.worldbank.org/indicator/NY.GDP.MKTP.CD,2026-08-02T04:09:09.383790+00:00
SXM,Sint Maarten (Dutch part),2021,Demographics,Population,41571,people,World Bank Open Data,https://data.worldbank.org/indicator/SP.POP.TOTL,2026-08-02T04:09:08.531329+00:00
SXM,Sint Maarten (Dutch part),2021,Economics,GDP (current US$),1353071061.45251,current US$,World Bank Open Data,https://data.worldbank.org/indicator/NY.GDP.MKTP.CD,2026-08-02T04:09:09.383790+00:00
SXM,Sint Maarten (Dutch part),2022,Demographics,Population,42139,people,World Bank Open Data,https://data.worldbank.org/indicator/SP.POP.TOTL,2026-08-02T04:09:08.531329+00:00
SXM,Sint Maarten (Dutch part),2022,Economics,GDP (current US$),1592564636.87151,current US$,World Bank Open Data,https://data.worldbank.org/indicator/NY.GDP.MKTP.CD,2026-08-02T04:09:09.383790+00:00
SXM,Sint Maarten (Dutch part),2023,Demographics,Population,42749,people,World Bank Open Data,https://data.worldbank.org/indicator/SP.POP.TOTL,2026-08-02T04:09:08.531329+00:00
SXM,Sint Maarten (Dutch part),2023,Economics,GDP (current US$),1686525977.65363,current US$,World Bank Open Data,https://data.worldbank.org/indicator/NY.GDP.MKTP.CD,2026-08-02T04:09:09.383790+00:00
SXM,Sint Maarten (Dutch part),2024,Demographics,Population,43350,people,World Bank Open Data,https://data.worldbank.org/indicator/SP.POP.TOTL,2026-08-02T04:09:08.531329+00:00
SXM,Sint Maarten (Dutch part),2024,Economics,GDP (current US$),1797836648.04469,current US$,World Bank Open Data,https://data.worldbank.org/indicator/NY.GDP.MKTP.CD,2026-08-02T04:09:09.383790+00:00
SXM,Sint Maarten (Dutch part),2025,Demographics,Population,43923,people,World Bank Open Data,https://data.worldbank.org/indicator/SP.POP.TOTL,2026-08-02T04:09:08.531329+00:00
SXM,Sint Maarten (Dutch part),2025,Economics,GDP (current US$),1887728480.44693,current US$,World Bank Open Data,https://data.worldbank.org/indicator/NY.GDP.MKTP.CD,2026-08-02T04:09:09.383790+00:00
SYC,Seychelles,2016,Demographics,Population,94677,people,World Bank Open Data,https://data.worldbank.org/indicator/SP.POP.TOTL,2026-08-02T04:09:08.531329+00:00
SYC,Seychelles,2016,Economics,GDP (current US$),1568513348.14463,current US$,World Bank Open Data,https://data.worldbank.org/indicator/NY.GDP.MKTP.CD,2026-08-02T04:09:09.383790+00:00
SYC,Seychelles,2017,Demographics,Population,95843,people,World Bank Open Data,https://data.worldbank.org/indicator/SP.POP.TOTL,2026-08-02T04:09:08.531329+00:00
SYC,Seychelles,2017,Economics,GDP (current US$),1675370641.01416,current US$,World Bank Open Data,https://data.worldbank.org/indicator/NY.GDP.MKTP.CD,2026-08-02T04:09:09.383790+00:00
SYC,Seychelles,2018,Demographics,Population,96762,people,World Bank Open Data,https://data.worldbank.org/indicator/SP.POP.TOTL,2026-08-02T04:09:08.531329+00:00
SYC,Seychelles,2018,Economics,GDP (current US$),1784313926.76807,current US$,World Bank Open Data,https://data.worldbank.org/indicator/NY.GDP.MKTP.CD,2026-08-02T04:09:09.383790+00:00
SYC,Seychelles,2019,Demographics,Population,97625,people,World Bank Open Data,https://data.worldbank.org/indicator/SP.POP.TOTL,2026-08-02T04:09:08.531329+00:00
SYC,Seychelles,2019,Economics,GDP (current US$),1868690096.73454,current US$,World Bank Open Data,https://data.worldbank.org/indicator/NY.GDP.MKTP.CD,2026-08-02T04:09:09.383790+00:00
SYC,Seychelles,2020,Demographics,Population,98462,people,World Bank Open Data,https://data.worldbank.org/indicator/SP.POP.TOTL,2026-08-02T04:09:08.531329+00:00
SYC,Seychelles,2020,Economics,GDP (current US$),1382551751.56908,current US$,World Bank Open Data,https://data.worldbank.org/indicator/NY.GDP.MKTP.CD,2026-08-02T04:09:09.383790+00:00
SYC,Seychelles,2021,Demographics,Population,99258,people,World Bank Open Data,https://data.worldbank.org/indicator/SP.POP.TOTL,2026-08-02T04:09:08.531329+00:00
SYC,Seychelles,2021,Economics,GDP (current US$),1487173794.80528,current US$,World Bank Open Data,https://data.worldbank.org/indicator/NY.GDP.MKTP.CD,2026-08-02T04:09:09.383790+00:00
SYC,Seychelles,2022,Demographics,Population,119878,people,World Bank Open Data,https://data.worldbank.org/indicator/SP.POP.TOTL,2026-08-02T04:09:08.531329+00:00
SYC,Seychelles,2022,Economics,GDP (current US$),1999888599.25474,current US$,World Bank Open Data,https://data.worldbank.org/indicator/NY.GDP.MKTP.CD,2026-08-02T04:09:09.383790+00:00
SYC,Seychelles,2023,Demographics,Population,119773,people,World Bank Open Data,https://data.worldbank.org/indicator/SP.POP.TOTL,2026-08-02T04:09:08.531329+00:00
SYC,Seychelles,2023,Economics,GDP (current US$),2171547935.38159,current US$,World Bank Open Data,https://data.worldbank.org/indicator/NY.GDP.MKTP.CD,2026-08-02T04:09:09.383790+00:00
SYC,Seychelles,2024,Demographics,Population,121354,people,World Bank Open Data,https://data.worldbank.org/indicator/SP.POP.TOTL,2026-08-02T04:09:08.531329+00:00
SYC,Seychelles,2024,Economics,GDP (current US$),2228608684.29911,current US$,World Bank Open Data,https://data.worldbank.org/indicator/NY.GDP.MKTP.CD,2026-08-02T04:09:09.383790+00:00
SYC,Seychelles,2025,Demographics,Population,122730,people,World Bank Open Data,https://data.worldbank.org/indicator/SP.POP.TOTL,2026-08-02T04:09:08.531329+00:00
SYC,Seychelles,2025,Economics,GDP (current US$),2387022853.48583,current US$,World Bank Open Data,https://data.worldbank.org/indicator/NY.GDP.MKTP.CD,2026-08-02T04:09:09.383790+00:00
SYR,Syrian Arab Republic,2016,Demographics,Population,19193834,people,World Bank Open Data,https://data.worldbank.org/indicator/SP.POP.TOTL,2026-08-02T04:09:08.531329+00:00
SYR,Syrian Arab Republic,2016,Economics,GDP (current US$),12597854088.3602,current US$,World Bank Open Data,https://data.worldbank.org/indicator/NY.GDP.MKTP.CD,2026-08-02T04:09:09.383790+00:00
SYR,Syrian Arab Republic,2017,Demographics,Population,19224668,people,World Bank Open Data,https://data.worldbank.org/indicator/SP.POP.TOTL,2026-08-02T04:09:08.531329+00:00
SYR,Syrian Arab Republic,2017,Economics,GDP (current US$),16369842725.4718,current US$,World Bank Open Data,https://data.worldbank.org/indicator/NY.GDP.MKTP.CD,2026-08-02T04:09:09.383790+00:00
SYR,Syrian Arab Republic,2018,Demographics,Population,19577845,people,World Bank Open Data,https://data.worldbank.org/indicator/SP.POP.TOTL,2026-08-02T04:09:08.531329+00:00
SYR,Syrian Arab Republic,2018,Economics,GDP (current US$),21497779247.9835,current US$,World Bank Open Data,https://data.worldbank.org/indicator/NY.GDP.MKTP.CD,2026-08-02T04:09:09.383790+00:00
SYR,Syrian Arab Republic,2019,Demographics,Population,20353534,people,World Bank Open Data,https://data.worldbank.org/indicator/SP.POP.TOTL,2026-08-02T04:09:08.531329+00:00
SYR,Syrian Arab Republic,2019,Economics,GDP (current US$),22583046644.6891,current US$,World Bank Open Data,https://data.worldbank.org/indicator/NY.GDP.MKTP.CD,2026-08-02T04:09:09.383790+00:00
SYR,Syrian Arab Republic,2020,Demographics,Population,21049429,people,World Bank Open Data,https://data.worldbank.org/indicator/SP.POP.TOTL,2026-08-02T04:09:08.531329+00:00
SYR,Syrian Arab Republic,2020,Economics,GDP (current US$),12501503673.2425,current US$,World Bank Open Data,https://data.worldbank.org/indicator/NY.GDP.MKTP.CD,2026-08-02T04:09:09.383790+00:00
SYR,Syrian Arab Republic,2021,Demographics,Population,21628839,people,World Bank Open Data,https://data.worldbank.org/indicator/SP.POP.TOTL,2026-08-02T04:09:08.531329+00:00
SYR,Syrian Arab Republic,2021,Economics,GDP (current US$),14892885528.1402,current US$,World Bank Open Data,https://data.worldbank.org/indicator/NY.GDP.MKTP.CD,2026-08-02T04:09:09.383790+00:00
SYR,Syrian Arab Republic,2022,Demographics,Population,22462173,people,World Bank Open Data,https://data.worldbank.org/indicator/SP.POP.TOTL,2026-08-02T04:09:08.531329+00:00
SYR,Syrian Arab Republic,2022,Economics,GDP (current US$),23737634644.3994,current US$,World Bank Open Data,https://data.worldbank.org/indicator/NY.GDP.MKTP.CD,2026-08-02T04:09:09.383790+00:00
SYR,Syrian Arab Republic,2023,Demographics,Population,23594623,people,World Bank Open Data,https://data.worldbank.org/indicator/SP.POP.TOTL,2026-08-02T04:09:08.531329+00:00
SYR,Syrian Arab Republic,2024,Demographics,Population,24672760,people,World Bank Open Data,https://data.worldbank.org/indicator/SP.POP.TOTL,2026-08-02T04:09:08.531329+00:00
SYR,Syrian Arab Republic,2025,Demographics,Population,25620427,people,World Bank Open Data,https://data.worldbank.org/indicator/SP.POP.TOTL,2026-08-02T04:09:08.531329+00:00
TCA,Turks and Caicos Islands,2016,Demographics,Population,38315,people,World Bank Open Data,https://data.worldbank.org/indicator/SP.POP.TOTL,2026-08-02T04:09:08.531329+00:00
TCA,Turks and Caicos Islands,2016,Economics,GDP (current US$),1202078000.0,current US$,World Bank Open Data,https://data.worldbank.org/indicator/NY.GDP.MKTP.CD,2026-08-02T04:09:09.383790+00:00
TCA,Turks and Caicos Islands,2017,Demographics,Population,39913,people,World Bank Open Data,https://data.worldbank.org/indicator/SP.POP.TOTL,2026-08-02T04:09:08.531329+00:00
TCA,Turks and Caicos Islands,2017,Economics,GDP (current US$),1197958000.0,current US$,World Bank Open Data,https://data.worldbank.org/indicator/NY.GDP.MKTP.CD,2026-08-02T04:09:09.383790+00:00
TCA,Turks and Caicos Islands,2018,Demographics,Population,41559,people,World Bank Open Data,https://data.worldbank.org/indicator/SP.POP.TOTL,2026-08-02T04:09:08.531329+00:00
TCA,Turks and Caicos Islands,2018,Economics,GDP (current US$),1314329000.0,current US$,World Bank Open Data,https://data.worldbank.org/indicator/NY.GDP.MKTP.CD,2026-08-02T04:09:09.383790+00:00
TCA,Turks and Caicos Islands,2019,Demographics,Population,43166,people,World Bank Open Data,https://data.worldbank.org/indicator/SP.POP.TOTL,2026-08-02T04:09:08.531329+00:00
TCA,Turks and Caicos Islands,2019,Economics,GDP (current US$),1371838000.0,current US$,World Bank Open Data,https://data.worldbank.org/indicator/NY.GDP.MKTP.CD,2026-08-02T04:09:09.383790+00:00
TCA,Turks and Caicos Islands,2020,Demographics,Population,44386,people,World Bank Open Data,https://data.worldbank.org/indicator/SP.POP.TOTL,2026-08-02T04:09:08.531329+00:00
TCA,Turks and Caicos Islands,2020,Economics,GDP (current US$),918387000.0,current US$,World Bank Open Data,https://data.worldbank.org/indicator/NY.GDP.MKTP.CD,2026-08-02T04:09:09.383790+00:00
TCA,Turks and Caicos Islands,2021,Demographics,Population,45243,people,World Bank Open Data,https://data.worldbank.org/indicator/SP.POP.TOTL,2026-08-02T04:09:08.531329+00:00
TCA,Turks and Caicos Islands,2021,Economics,GDP (current US$),1236459000.0,current US$,World Bank Open Data,https://data.worldbank.org/indicator/NY.GDP.MKTP.CD,2026-08-02T04:09:09.383790+00:00
TCA,Turks and Caicos Islands,2022,Demographics,Population,45847,people,World Bank Open Data,https://data.worldbank.org/indicator/SP.POP.TOTL,2026-08-02T04:09:08.531329+00:00
TCA,Turks and Caicos Islands,2022,Economics,GDP (current US$),1434119000.0,current US$,World Bank Open Data,https://data.worldbank.org/indicator/NY.GDP.MKTP.CD,2026-08-02T04:09:09.383790+00:00
TCA,Turks and Caicos Islands,2023,Demographics,Population,46198,people,World Bank Open Data,https://data.worldbank.org/indicator/SP.POP.TOTL,2026-08-02T04:09:08.531329+00:00
TCA,Turks and Caicos Islands,2023,Economics,GDP (current US$),1638653000.0,current US$,World Bank Open Data,https://data.worldbank.org/indicator/NY.GDP.MKTP.CD,2026-08-02T04:09:09.383790+00:00
TCA,Turks and Caicos Islands,2024,Demographics,Population,46535,people,World Bank Open Data,https://data.worldbank.org/indicator/SP.POP.TOTL,2026-08-02T04:09:08.531329+00:00
TCA,Turks and Caicos Islands,2024,Economics,GDP (current US$),1745378000.0,current US$,World Bank Open Data,https://data.worldbank.org/indicator/NY.GDP.MKTP.CD,2026-08-02T04:09:09.383790+00:00
TCA,Turks and Caicos Islands,2025,Demographics,Population,46855,people,World Bank Open Data,https://data.worldbank.org/indicator/SP.POP.TOTL,2026-08-02T04:09:08.531329+00:00
TCD,Chad,2016,Demographics,Population,15114655,people,World Bank Open Data,https://data.worldbank.org/indicator/SP.POP.TOTL,2026-08-02T04:09:08.531329+00:00
TCD,Chad,2016,Economics,GDP (current US$),13026289835.7789,current US$,World Bank Open Data,https://data.worldbank.org/indicator/NY.GDP.MKTP.CD,2026-08-02T04:09:09.383790+00:00
TCD,Chad,2017,Demographics,Population,15622759,people,World Bank Open Data,https://data.worldbank.org/indicator/SP.POP.TOTL,2026-08-02T04:09:08.531329+00:00
TCD,Chad,2017,Economics,GDP (current US$),13349041408.7152,current US$,World Bank Open Data,https://data.worldbank.org/indicator/NY.GDP.MKTP.CD,2026-08-02T04:09:09.383790+00:00
TCD,Chad,2018,Demographics,Population,16156531,people,World Bank Open Data,https://data.worldbank.org/indicator/SP.POP.TOTL,2026-08-02T04:09:08.531329+00:00
TCD,Chad,2018,Economics,GDP (current US$),15327000248.8701,current US$,World Bank Open Data,https://data.worldbank.org/indicator/NY.GDP.MKTP.CD,2026-08-02T04:09:09.383790+00:00
TCD,Chad,2019,Demographics,Population,16685223,people,World Bank Open Data,https://data.worldbank.org/indicator/SP.POP.TOTL,2026-08-02T04:09:08.531329+00:00
TCD,Chad,2019,Economics,GDP (current US$),14905517742.8454,current US$,World Bank Open Data,https://data.worldbank.org/indicator/NY.GDP.MKTP.CD,2026-08-02T04:09:09.383790+00:00
TCD,Chad,2020,Demographics,Population,17224679,people,World Bank Open Data,https://data.worldbank.org/indicator/SP.POP.TOTL,2026-08-02T04:09:08.531329+00:00
TCD,Chad,2020,Economics,GDP (current US$),14932897821.2387,current US$,World Bank Open Data,https://data.worldbank.org/indicator/NY.GDP.MKTP.CD,2026-08-02T04:09:09.383790+00:00
TCD,Chad,2021,Demographics,Population,17828273,people,World Bank Open Data,https://data.worldbank.org/indicator/SP.POP.TOTL,2026-08-02T04:09:08.531329+00:00
TCD,Chad,2021,Economics,GDP (current US$),16871937697.5854,current US$,World Bank Open Data,https://data.worldbank.org/indicator/NY.GDP.MKTP.CD,2026-08-02T04:09:09.383790+00:00
TCD,Chad,2022,Demographics,Population,18455316,people,World Bank Open Data,https://data.worldbank.org/indicator/SP.POP.TOTL,2026-08-02T04:09:08.531329+00:00
TCD,Chad,2022,Economics,GDP (current US$),17828508289.6049,current US$,World Bank Open Data,https://data.worldbank.org/indicator/NY.GDP.MKTP.CD,2026-08-02T04:09:09.383790+00:00
TCD,Chad,2023,Demographics,Population,19319064,people,World Bank Open Data,https://data.worldbank.org/indicator/SP.POP.TOTL,2026-08-02T04:09:08.531329+00:00
TCD,Chad,2023,Economics,GDP (current US$),18352937976.2179,current US$,World Bank Open Data,https://data.worldbank.org/indicator/NY.GDP.MKTP.CD,2026-08-02T04:09:09.383790+00:00
TCD,Chad,2024,Demographics,Population,20299123,people,World Bank Open Data,https://data.worldbank.org/indicator/SP.POP.TOTL,2026-08-02T04:09:08.531329+00:00
TCD,Chad,2024,Economics,GDP (current US$),19906706689.7582,current US$,World Bank Open Data,https://data.worldbank.org/indicator/NY.GDP.MKTP.CD,2026-08-02T04:09:09.383790+00:00
TCD,Chad,2025,Demographics,Population,21003705,people,World Bank Open Data,https://data.worldbank.org/indicator/SP.POP.TOTL,2026-08-02T04:09:08.531329+00:00
TCD,Chad,2025,Economics,GDP (current US$),21472835225.4338,current US$,World Bank Open Data,https://data.worldbank.org/indicator/NY.GDP.MKTP.CD,2026-08-02T04:09:09.383790+00:00
TGO,Togo,2016,Demographics,Population,7200884,people,World Bank Open Data,https://data.worldbank.org/indicator/SP.POP.TOTL,2026-08-02T04:09:08.531329+00:00
TGO,Togo,2016,Economics,GDP (current US$),6071167584.1951,current US$,World Bank Open Data,https://data.worldbank.org/indicator/NY.GDP.MKTP.CD,2026-08-02T04:09:09.383790+00:00
TGO,Togo,2017,Demographics,Population,7324386,people,World Bank Open Data,https://data.worldbank.org/indicator/SP.POP.TOTL,2026-08-02T04:09:08.531329+00:00
TGO,Togo,2017,Economics,GDP (current US$),6387424239.8801,current US$,World Bank Open Data,https://data.worldbank.org/indicator/NY.GDP.MKTP.CD,2026-08-02T04:09:09.383790+00:00
TGO,Togo,2018,Demographics,Population,7458206,people,World Bank Open Data,https://data.worldbank.org/indicator/SP.POP.TOTL,2026-08-02T04:09:08.531329+00:00
TGO,Togo,2018,Economics,GDP (current US$),7029215766.46367,current US$,World Bank Open Data,https://data.worldbank.org/indicator/NY.GDP.MKTP.CD,2026-08-02T04:09:09.383790+00:00
TGO,Togo,2019,Demographics,Population,7619925,people,World Bank Open Data,https://data.worldbank.org/indicator/SP.POP.TOTL,2026-08-02T04:09:08.531329+00:00
TGO,Togo,2019,Economics,GDP (current US$),6992942458.99419,current US$,World Bank Open Data,https://data.worldbank.org/indicator/NY.GDP.MKTP.CD,2026-08-02T04:09:09.383790+00:00
TGO,Togo,2020,Demographics,Population,7788054,people,World Bank Open Data,https://data.worldbank.org/indicator/SP.POP.TOTL,2026-08-02T04:09:08.531329+00:00
TGO,Togo,2020,Economics,GDP (current US$),7486031561.86885,current US$,World Bank Open Data,https://data.worldbank.org/indicator/NY.GDP.MKTP.CD,2026-08-02T04:09:09.383790+00:00
TGO,Togo,2021,Demographics,Population,7936176,people,World Bank Open Data,https://data.worldbank.org/indicator/SP.POP.TOTL,2026-08-02T04:09:08.531329+00:00
TGO,Togo,2021,Economics,GDP (current US$),8541668141.26198,current US$,World Bank Open Data,https://data.worldbank.org/indicator/NY.GDP.MKTP.CD,2026-08-02T04:09:09.383790+00:00
TGO,Togo,2022,Demographics,Population,8068616,people,World Bank Open Data,https://data.worldbank.org/indicator/SP.POP.TOTL,2026-08-02T04:09:08.531329+00:00
TGO,Togo,2022,Economics,GDP (current US$),8646453099.4124,current US$,World Bank Open Data,https://data.worldbank.org/indicator/NY.GDP.MKTP.CD,2026-08-02T04:09:09.383790+00:00
TGO,Togo,2023,Demographics,Population,8223850,people,World Bank Open Data,https://data.worldbank.org/indicator/SP.POP.TOTL,2026-08-02T04:09:08.531329+00:00
TGO,Togo,2023,Economics,GDP (current US$),9723300576.72675,current US$,World Bank Open Data,https://data.worldbank.org/indicator/NY.GDP.MKTP.CD,2026-08-02T04:09:09.383790+00:00
TGO,Togo,2024,Demographics,Population,8406558,people,World Bank Open Data,https://data.worldbank.org/indicator/SP.POP.TOTL,2026-08-02T04:09:08.531329+00:00
TGO,Togo,2024,Economics,GDP (current US$),10643440332.2445,current US$,World Bank Open Data,https://data.worldbank.org/indicator/NY.GDP.MKTP.CD,2026-08-02T04:09:09.383790+00:00
TGO,Togo,2025,Demographics,Population,8591626,people,World Bank Open Data,https://data.worldbank.org/indicator/SP.POP.TOTL,2026-08-02T04:09:08.531329+00:00
TGO,Togo,2025,Economics,GDP (current US$),11889949067.4697,current US$,World Bank Open Data,https://data.worldbank.org/indicator/NY.GDP.MKTP.CD,2026-08-02T04:09:09.383790+00:00
THA,Thailand,2016,Demographics,Population,70859841,people,World Bank Open Data,https://data.worldbank.org/indicator/SP.POP.TOTL,2026-08-02T04:09:08.531329+00:00
THA,Thailand,2016,Economics,GDP (current US$),413366349747.508,current US$,World Bank Open Data,https://data.worldbank.org/indicator/NY.GDP.MKTP.CD,2026-08-02T04:09:09.383790+00:00
THA,Thailand,2017,Demographics,Population,71160187,people,World Bank Open Data,https://data.worldbank.org/indicator/SP.POP.TOTL,2026-08-02T04:09:08.531329+00:00
THA,Thailand,2017,Economics,GDP (current US$),456356813536.764,current US$,World Bank Open Data,https://data.worldbank.org/indicator/NY.GDP.MKTP.CD,2026-08-02T04:09:09.383790+00:00
THA,Thailand,2018,Demographics,Population,71376079,people,World Bank Open Data,https://data.worldbank.org/indicator/SP.POP.TOTL,2026-08-02T04:09:08.531329+00:00
THA,Thailand,2018,Economics,GDP (current US$),506754208404.485,current US$,World Bank Open Data,https://data.worldbank.org/indicator/NY.GDP.MKTP.CD,2026-08-02T04:09:09.383790+00:00
THA,Thailand,2019,Demographics,Population,71522271,people,World Bank Open Data,https://data.worldbank.org/indicator/SP.POP.TOTL,2026-08-02T04:09:08.531329+00:00
THA,Thailand,2019,Economics,GDP (current US$),543976691793.886,current US$,World Bank Open Data,https://data.worldbank.org/indicator/NY.GDP.MKTP.CD,2026-08-02T04:09:09.383790+00:00
THA,Thailand,2020,Demographics,Population,71641484,people,World Bank Open Data,https://data.worldbank.org/indicator/SP.POP.TOTL,2026-08-02T04:09:08.531329+00:00
THA,Thailand,2020,Economics,GDP (current US$),500274927778.532,current US$,World Bank Open Data,https://data.worldbank.org/indicator/NY.GDP.MKTP.CD,2026-08-02T04:09:09.383790+00:00
THA,Thailand,2021,Demographics,Population,71727332,people,World Bank Open Data,https://data.worldbank.org/indicator/SP.POP.TOTL,2026-08-02T04:09:08.531329+00:00
THA,Thailand,2021,Economics,GDP (current US$),506049783824.94,current US$,World Bank Open Data,https://data.worldbank.org/indicator/NY.GDP.MKTP.CD,2026-08-02T04:09:09.383790+00:00
THA,Thailand,2022,Demographics,Population,71735329,people,World Bank Open Data,https://data.worldbank.org/indicator/SP.POP.TOTL,2026-08-02T04:09:08.531329+00:00
THA,Thailand,2022,Economics,GDP (current US$),495691837308.033,current US$,World Bank Open Data,https://data.worldbank.org/indicator/NY.GDP.MKTP.CD,2026-08-02T04:09:09.383790+00:00
THA,Thailand,2023,Demographics,Population,71702435,people,World Bank Open Data,https://data.worldbank.org/indicator/SP.POP.TOTL,2026-08-02T04:09:08.531329+00:00
THA,Thailand,2023,Economics,GDP (current US$),517013369475.121,current US$,World Bank Open Data,https://data.worldbank.org/indicator/NY.GDP.MKTP.CD,2026-08-02T04:09:09.383790+00:00
THA,Thailand,2024,Demographics,Population,71668011,people,World Bank Open Data,https://data.worldbank.org/indicator/SP.POP.TOTL,2026-08-02T04:09:08.531329+00:00
THA,Thailand,2024,Economics,GDP (current US$),529385520941.539,current US$,World Bank Open Data,https://data.worldbank.org/indicator/NY.GDP.MKTP.CD,2026-08-02T04:09:09.383790+00:00
THA,Thailand,2025,Demographics,Population,71619863,people,World Bank Open Data,https://data.worldbank.org/indicator/SP.POP.TOTL,2026-08-02T04:09:08.531329+00:00
THA,Thailand,2025,Economics,GDP (current US$),577009981112.015,current US$,World Bank Open Data,https://data.worldbank.org/indicator/NY.GDP.MKTP.CD,2026-08-02T04:09:09.383790+00:00
TJK,Tajikistan,2016,Demographics,Population,8865631,people,World Bank Open Data,https://data.worldbank.org/indicator/SP.POP.TOTL,2026-08-02T04:09:08.531329+00:00
TJK,Tajikistan,2016,Economics,GDP (current US$),6992416096.89018,current US$,World Bank Open Data,https://data.worldbank.org/indicator/NY.GDP.MKTP.CD,2026-08-02T04:09:09.383790+00:00
TJK,Tajikistan,2017,Demographics,Population,9085946,people,World Bank Open Data,https://data.worldbank.org/indicator/SP.POP.TOTL,2026-08-02T04:09:08.531329+00:00
TJK,Tajikistan,2017,Economics,GDP (current US$),7536402852.85802,current US$,World Bank Open Data,https://data.worldbank.org/indicator/NY.GDP.MKTP.CD,2026-08-02T04:09:09.383790+00:00
TJK,Tajikistan,2018,Demographics,Population,9307333,people,World Bank Open Data,https://data.worldbank.org/indicator/SP.POP.TOTL,2026-08-02T04:09:08.531329+00:00
TJK,Tajikistan,2018,Economics,GDP (current US$),7764999999.45362,current US$,World Bank Open Data,https://data.worldbank.org/indicator/NY.GDP.MKTP.CD,2026-08-02T04:09:09.383790+00:00
TJK,Tajikistan,2019,Demographics,Population,9529966,people,World Bank Open Data,https://data.worldbank.org/indicator/SP.POP.TOTL,2026-08-02T04:09:08.531329+00:00
TJK,Tajikistan,2019,Economics,GDP (current US$),8300813599.3084,current US$,World Bank Open Data,https://data.worldbank.org/indicator/NY.GDP.MKTP.CD,2026-08-02T04:09:09.383790+00:00
TJK,Tajikistan,2020,Demographics,Population,9749310,people,World Bank Open Data,https://data.worldbank.org/indicator/SP.POP.TOTL,2026-08-02T04:09:08.531329+00:00
TJK,Tajikistan,2020,Economics,GDP (current US$),8133963550.65742,current US$,World Bank Open Data,https://data.worldbank.org/indicator/NY.GDP.MKTP.CD,2026-08-02T04:09:09.383790+00:00
TJK,Tajikistan,2021,Demographics,Population,9966908,people,World Bank Open Data,https://data.worldbank.org/indicator/SP.POP.TOTL,2026-08-02T04:09:08.531329+00:00
TJK,Tajikistan,2021,Economics,GDP (current US$),8937805347.13963,current US$,World Bank Open Data,https://data.worldbank.org/indicator/NY.GDP.MKTP.CD,2026-08-02T04:09:09.383790+00:00
TJK,Tajikistan,2022,Demographics,Population,10182222,people,World Bank Open Data,https://data.worldbank.org/indicator/SP.POP.TOTL,2026-08-02T04:09:08.531329+00:00
TJK,Tajikistan,2022,Economics,GDP (current US$),10713525200.3998,current US$,World Bank Open Data,https://data.worldbank.org/indicator/NY.GDP.MKTP.CD,2026-08-02T04:09:09.383790+00:00
TJK,Tajikistan,2023,Demographics,Population,10389799,people,World Bank Open Data,https://data.worldbank.org/indicator/SP.POP.TOTL,2026-08-02T04:09:08.531329+00:00
TJK,Tajikistan,2023,Economics,GDP (current US$),12244169292.7998,current US$,World Bank Open Data,https://data.worldbank.org/indicator/NY.GDP.MKTP.CD,2026-08-02T04:09:09.383790+00:00
TJK,Tajikistan,2024,Demographics,Population,10590927,people,World Bank Open Data,https://data.worldbank.org/indicator/SP.POP.TOTL,2026-08-02T04:09:08.531329+00:00
TJK,Tajikistan,2024,Economics,GDP (current US$),14425113699.7925,current US$,World Bank Open Data,https://data.worldbank.org/indicator/NY.GDP.MKTP.CD,2026-08-02T04:09:09.383790+00:00
TJK,Tajikistan,2025,Demographics,Population,10786734,people,World Bank Open Data,https://data.worldbank.org/indicator/SP.POP.TOTL,2026-08-02T04:09:08.531329+00:00
TJK,Tajikistan,2025,Economics,GDP (current US$),17660626562.4832,current US$,World Bank Open Data,https://data.worldbank.org/indicator/NY.GDP.MKTP.CD,2026-08-02T04:09:09.383790+00:00
TKM,Turkmenistan,2016,Demographics,Population,6360041,people,World Bank Open Data,https://data.worldbank.org/indicator/SP.POP.TOTL,2026-08-02T04:09:08.531329+00:00
TKM,Turkmenistan,2016,Economics,GDP (current US$),33313947368.4211,current US$,World Bank Open Data,https://data.worldbank.org/indicator/NY.GDP.MKTP.CD,2026-08-02T04:09:09.383790+00:00
TKM,Turkmenistan,2017,Demographics,Population,6507061,people,World Bank Open Data,https://data.worldbank.org/indicator/SP.POP.TOTL,2026-08-02T04:09:08.531329+00:00
TKM,Turkmenistan,2017,Economics,GDP (current US$),33352261306.5327,current US$,World Bank Open Data,https://data.worldbank.org/indicator/NY.GDP.MKTP.CD,2026-08-02T04:09:09.383790+00:00
TKM,Turkmenistan,2018,Demographics,Population,6655524,people,World Bank Open Data,https://data.worldbank.org/indicator/SP.POP.TOTL,2026-08-02T04:09:08.531329+00:00
TKM,Turkmenistan,2018,Economics,GDP (current US$),26036313868.6131,current US$,World Bank Open Data,https://data.worldbank.org/indicator/NY.GDP.MKTP.CD,2026-08-02T04:09:09.383790+00:00
TKM,Turkmenistan,2019,Demographics,Population,6803944,people,World Bank Open Data,https://data.worldbank.org/indicator/SP.POP.TOTL,2026-08-02T04:09:08.531329+00:00
TKM,Turkmenistan,2019,Economics,GDP (current US$),29700000000.0,current US$,World Bank Open Data,https://data.worldbank.org/indicator/NY.GDP.MKTP.CD,2026-08-02T04:09:09.383790+00:00
TKM,Turkmenistan,2020,Demographics,Population,6949912,people,World Bank Open Data,https://data.worldbank.org/indicator/SP.POP.TOTL,2026-08-02T04:09:08.531329+00:00
TKM,Turkmenistan,2020,Economics,GDP (current US$),27350527267.6636,current US$,World Bank Open Data,https://data.worldbank.org/indicator/NY.GDP.MKTP.CD,2026-08-02T04:09:09.383790+00:00
TKM,Turkmenistan,2021,Demographics,Population,7092043,people,World Bank Open Data,https://data.worldbank.org/indicator/SP.POP.TOTL,2026-08-02T04:09:08.531329+00:00
TKM,Turkmenistan,2021,Economics,GDP (current US$),26334182093.7903,current US$,World Bank Open Data,https://data.worldbank.org/indicator/NY.GDP.MKTP.CD,2026-08-02T04:09:09.383790+00:00
TKM,Turkmenistan,2022,Demographics,Population,7230193,people,World Bank Open Data,https://data.worldbank.org/indicator/SP.POP.TOTL,2026-08-02T04:09:08.531329+00:00
TKM,Turkmenistan,2022,Economics,GDP (current US$),37583913148.2791,current US$,World Bank Open Data,https://data.worldbank.org/indicator/NY.GDP.MKTP.CD,2026-08-02T04:09:09.383790+00:00
TKM,Turkmenistan,2023,Demographics,Population,7364438,people,World Bank Open Data,https://data.worldbank.org/indicator/SP.POP.TOTL,2026-08-02T04:09:08.531329+00:00
TKM,Turkmenistan,2023,Economics,GDP (current US$),39020211239.6728,current US$,World Bank Open Data,https://data.worldbank.org/indicator/NY.GDP.MKTP.CD,2026-08-02T04:09:09.383790+00:00
TKM,Turkmenistan,2024,Demographics,Population,7494498,people,World Bank Open Data,https://data.worldbank.org/indicator/SP.POP.TOTL,2026-08-02T04:09:08.531329+00:00
TKM,Turkmenistan,2024,Economics,GDP (current US$),44249447717.2312,current US$,World Bank Open Data,https://data.worldbank.org/indicator/NY.GDP.MKTP.CD,2026-08-02T04:09:09.383790+00:00
TKM,Turkmenistan,2025,Demographics,Population,7618847,people,World Bank Open Data,https://data.worldbank.org/indicator/SP.POP.TOTL,2026-08-02T04:09:08.531329+00:00
TKM,Turkmenistan,2025,Economics,GDP (current US$),49828621355.6516,current US$,World Bank Open Data,https://data.worldbank.org/indicator/NY.GDP.MKTP.CD,2026-08-02T04:09:09.383790+00:00
TLS,Timor-Leste,2016,Demographics,Population,1228312,people,World Bank Open Data,https://data.worldbank.org/indicator/SP.POP.TOTL,2026-08-02T04:09:08.531329+00:00
TLS,Timor-Leste,2016,Economics,GDP (current US$),1640464600.0,current US$,World Bank Open Data,https://data.worldbank.org/indicator/NY.GDP.MKTP.CD,2026-08-02T04:09:09.383790+00:00
TLS,Timor-Leste,2017,Demographics,Population,1251703,people,World Bank Open Data,https://data.worldbank.org/indicator/SP.POP.TOTL,2026-08-02T04:09:08.531329+00:00
TLS,Timor-Leste,2017,Economics,GDP (current US$),1584878400.0,current US$,World Bank Open Data,https://data.worldbank.org/indicator/NY.GDP.MKTP.CD,2026-08-02T04:09:09.383790+00:00
TLS,Timor-Leste,2018,Demographics,Population,1275959,people,World Bank Open Data,https://data.worldbank.org/indicator/SP.POP.TOTL,2026-08-02T04:09:08.531329+00:00
TLS,Timor-Leste,2018,Economics,GDP (current US$),1555988600.0,current US$,World Bank Open Data,https://data.worldbank.org/indicator/NY.GDP.MKTP.CD,2026-08-02T04:09:09.383790+00:00
TLS,Timor-Leste,2019,Demographics,Population,1300945,people,World Bank Open Data,https://data.worldbank.org/indicator/SP.POP.TOTL,2026-08-02T04:09:08.531329+00:00
TLS,Timor-Leste,2019,Economics,GDP (current US$),2032550400.0,current US$,World Bank Open Data,https://data.worldbank.org/indicator/NY.GDP.MKTP.CD,2026-08-02T04:09:09.383790+00:00
TLS,Timor-Leste,2020,Demographics,Population,1326053,people,World Bank Open Data,https://data.worldbank.org/indicator/SP.POP.TOTL,2026-08-02T04:09:08.531329+00:00
TLS,Timor-Leste,2020,Economics,GDP (current US$),2162619200.0,current US$,World Bank Open Data,https://data.worldbank.org/indicator/NY.GDP.MKTP.CD,2026-08-02T04:09:09.383790+00:00
TLS,Timor-Leste,2021,Demographics,Population,1350139,people,World Bank Open Data,https://data.worldbank.org/indicator/SP.POP.TOTL,2026-08-02T04:09:08.531329+00:00
TLS,Timor-Leste,2021,Economics,GDP (current US$),3625024300.0,current US$,World Bank Open Data,https://data.worldbank.org/indicator/NY.GDP.MKTP.CD,2026-08-02T04:09:09.383790+00:00
TLS,Timor-Leste,2022,Demographics,Population,1369295,people,World Bank Open Data,https://data.worldbank.org/indicator/SP.POP.TOTL,2026-08-02T04:09:08.531329+00:00
TLS,Timor-Leste,2022,Economics,GDP (current US$),3208599900.0,current US$,World Bank Open Data,https://data.worldbank.org/indicator/NY.GDP.MKTP.CD,2026-08-02T04:09:09.383790+00:00
TLS,Timor-Leste,2023,Demographics,Population,1384286,people,World Bank Open Data,https://data.worldbank.org/indicator/SP.POP.TOTL,2026-08-02T04:09:08.531329+00:00
TLS,Timor-Leste,2023,Economics,GDP (current US$),2079767200.0,current US$,World Bank Open Data,https://data.worldbank.org/indicator/NY.GDP.MKTP.CD,2026-08-02T04:09:09.383790+00:00
TLS,Timor-Leste,2024,Demographics,Population,1400638,people,World Bank Open Data,https://data.worldbank.org/indicator/SP.POP.TOTL,2026-08-02T04:09:08.531329+00:00
TLS,Timor-Leste,2024,Economics,GDP (current US$),1865608515.41321,current US$,World Bank Open Data,https://data.worldbank.org/indicator/NY.GDP.MKTP.CD,2026-08-02T04:09:09.383790+00:00
TLS,Timor-Leste,2025,Demographics,Population,1418517,people,World Bank Open Data,https://data.worldbank.org/indicator/SP.POP.TOTL,2026-08-02T04:09:08.531329+00:00
TLS,Timor-Leste,2025,Economics,GDP (current US$),1902180257.82737,current US$,World Bank Open Data,https://data.worldbank.org/indicator/NY.GDP.MKTP.CD,2026-08-02T04:09:09.383790+00:00
TON,Tonga,2016,Demographics,Population,105524,people,World Bank Open Data,https://data.worldbank.org/indicator/SP.POP.TOTL,2026-08-02T04:09:08.531329+00:00
TON,Tonga,2016,Economics,GDP (current US$),420828254.541601,current US$,World Bank Open Data,https://data.worldbank.org/indicator/NY.GDP.MKTP.CD,2026-08-02T04:09:09.383790+00:00
TON,Tonga,2017,Demographics,Population,105356,people,World Bank Open Data,https://data.worldbank.org/indicator/SP.POP.TOTL,2026-08-02T04:09:08.531329+00:00
TON,Tonga,2017,Economics,GDP (current US$),459976847.108128,current US$,World Bank Open Data,https://data.worldbank.org/indicator/NY.GDP.MKTP.CD,2026-08-02T04:09:09.383790+00:00
TON,Tonga,2018,Demographics,Population,105567,people,World Bank Open Data,https://data.worldbank.org/indicator/SP.POP.TOTL,2026-08-02T04:09:08.531329+00:00
TON,Tonga,2018,Economics,GDP (current US$),493530766.930564,current US$,World Bank Open Data,https://data.worldbank.org/indicator/NY.GDP.MKTP.CD,2026-08-02T04:09:09.383790+00:00
TON,Tonga,2019,Demographics,Population,105669,people,World Bank Open Data,https://data.worldbank.org/indicator/SP.POP.TOTL,2026-08-02T04:09:08.531329+00:00
TON,Tonga,2019,Economics,GDP (current US$),506031247.606648,current US$,World Bank Open Data,https://data.worldbank.org/indicator/NY.GDP.MKTP.CD,2026-08-02T04:09:09.383790+00:00
TON,Tonga,2020,Demographics,Population,105704,people,World Bank Open Data,https://data.worldbank.org/indicator/SP.POP.TOTL,2026-08-02T04:09:08.531329+00:00
TON,Tonga,2020,Economics,GDP (current US$),506571486.576395,current US$,World Bank Open Data,https://data.worldbank.org/indicator/NY.GDP.MKTP.CD,2026-08-02T04:09:09.383790+00:00
TON,Tonga,2021,Demographics,Population,105490,people,World Bank Open Data,https://data.worldbank.org/indicator/SP.POP.TOTL,2026-08-02T04:09:08.531329+00:00
TON,Tonga,2021,Economics,GDP (current US$),519306339.3498,current US$,World Bank Open Data,https://data.worldbank.org/indicator/NY.GDP.MKTP.CD,2026-08-02T04:09:09.383790+00:00
TON,Tonga,2022,Demographics,Population,105042,people,World Bank Open Data,https://data.worldbank.org/indicator/SP.POP.TOTL,2026-08-02T04:09:08.531329+00:00
TON,Tonga,2022,Economics,GDP (current US$),556514556.392844,current US$,World Bank Open Data,https://data.worldbank.org/indicator/NY.GDP.MKTP.CD,2026-08-02T04:09:09.383790+00:00
TON,Tonga,2023,Demographics,Population,104597,people,World Bank Open Data,https://data.worldbank.org/indicator/SP.POP.TOTL,2026-08-02T04:09:08.531329+00:00
TON,Tonga,2023,Economics,GDP (current US$),591139733.623755,current US$,World Bank Open Data,https://data.worldbank.org/indicator/NY.GDP.MKTP.CD,2026-08-02T04:09:09.383790+00:00
TON,Tonga,2024,Demographics,Population,104175,people,World Bank Open Data,https://data.worldbank.org/indicator/SP.POP.TOTL,2026-08-02T04:09:08.531329+00:00
TON,Tonga,2024,Economics,GDP (current US$),647488243.847291,current US$,World Bank Open Data,https://data.worldbank.org/indicator/NY.GDP.MKTP.CD,2026-08-02T04:09:09.383790+00:00
TON,Tonga,2025,Demographics,Population,103742,people,World Bank Open Data,https://data.worldbank.org/indicator/SP.POP.TOTL,2026-08-02T04:09:08.531329+00:00
TON,Tonga,2025,Economics,GDP (current US$),679218218.578017,current US$,World Bank Open Data,https://data.worldbank.org/indicator/NY.GDP.MKTP.CD,2026-08-02T04:09:09.383790+00:00
TTO,Trinidad and Tobago,2016,Demographics,Population,1353895,people,World Bank Open Data,https://data.worldbank.org/indicator/SP.POP.TOTL,2026-08-02T04:09:08.531329+00:00
TTO,Trinidad and Tobago,2016,Economics,GDP (current US$),23624322192.6274,current US$,World Bank Open Data,https://data.worldbank.org/indicator/NY.GDP.MKTP.CD,2026-08-02T04:09:09.383790+00:00
TTO,Trinidad and Tobago,2017,Demographics,Population,1356633,people,World Bank Open Data,https://data.worldbank.org/indicator/SP.POP.TOTL,2026-08-02T04:09:08.531329+00:00
TTO,Trinidad and Tobago,2017,Economics,GDP (current US$),23830750900.6899,current US$,World Bank Open Data,https://data.worldbank.org/indicator/NY.GDP.MKTP.CD,2026-08-02T04:09:09.383790+00:00
TTO,Trinidad and Tobago,2018,Demographics,Population,1359193,people,World Bank Open Data,https://data.worldbank.org/indicator/SP.POP.TOTL,2026-08-02T04:09:08.531329+00:00
TTO,Trinidad and Tobago,2018,Economics,GDP (current US$),23883058083.2171,current US$,World Bank Open Data,https://data.worldbank.org/indicator/NY.GDP.MKTP.CD,2026-08-02T04:09:09.383790+00:00
TTO,Trinidad and Tobago,2019,Demographics,Population,1363985,people,World Bank Open Data,https://data.worldbank.org/indicator/SP.POP.TOTL,2026-08-02T04:09:08.531329+00:00
TTO,Trinidad and Tobago,2019,Economics,GDP (current US$),23477745791.6977,current US$,World Bank Open Data,https://data.worldbank.org/indicator/NY.GDP.MKTP.CD,2026-08-02T04:09:09.383790+00:00
TTO,Trinidad and Tobago,2020,Demographics,Population,1366725,people,World Bank Open Data,https://data.worldbank.org/indicator/SP.POP.TOTL,2026-08-02T04:09:08.531329+00:00
TTO,Trinidad and Tobago,2020,Economics,GDP (current US$),20888515184.2239,current US$,World Bank Open Data,https://data.worldbank.org/indicator/NY.GDP.MKTP.CD,2026-08-02T04:09:09.383790+00:00
TTO,Trinidad and Tobago,2021,Demographics,Population,1367558,people,World Bank Open Data,https://data.worldbank.org/indicator/SP.POP.TOTL,2026-08-02T04:09:08.531329+00:00
TTO,Trinidad and Tobago,2021,Economics,GDP (current US$),24222963262.7213,current US$,World Bank Open Data,https://data.worldbank.org/indicator/NY.GDP.MKTP.CD,2026-08-02T04:09:09.383790+00:00
TTO,Trinidad and Tobago,2022,Demographics,Population,1365805,people,World Bank Open Data,https://data.worldbank.org/indicator/SP.POP.TOTL,2026-08-02T04:09:08.531329+00:00
TTO,Trinidad and Tobago,2022,Economics,GDP (current US$),28341164301.126,current US$,World Bank Open Data,https://data.worldbank.org/indicator/NY.GDP.MKTP.CD,2026-08-02T04:09:09.383790+00:00
TTO,Trinidad and Tobago,2023,Demographics,Population,1367510,people,World Bank Open Data,https://data.worldbank.org/indicator/SP.POP.TOTL,2026-08-02T04:09:08.531329+00:00
TTO,Trinidad and Tobago,2023,Economics,GDP (current US$),25036993423.3664,current US$,World Bank Open Data,https://data.worldbank.org/indicator/NY.GDP.MKTP.CD,2026-08-02T04:09:09.383790+00:00
TTO,Trinidad and Tobago,2024,Demographics,Population,1368333,people,World Bank Open Data,https://data.worldbank.org/indicator/SP.POP.TOTL,2026-08-02T04:09:08.531329+00:00
TTO,Trinidad and Tobago,2024,Economics,GDP (current US$),25633544529.4849,current US$,World Bank Open Data,https://data.worldbank.org/indicator/NY.GDP.MKTP.CD,2026-08-02T04:09:09.383790+00:00
TTO,Trinidad and Tobago,2025,Demographics,Population,1367764,people,World Bank Open Data,https://data.worldbank.org/indicator/SP.POP.TOTL,2026-08-02T04:09:08.531329+00:00
TTO,Trinidad and Tobago,2025,Economics,GDP (current US$),25942749718.4685,current US$,World Bank Open Data,https://data.worldbank.org/indicator/NY.GDP.MKTP.CD,2026-08-02T04:09:09.383790+00:00
TUN,Tunisia,2016,Demographics,Population,11528674,people,World Bank Open Data,https://data.worldbank.org/indicator/SP.POP.TOTL,2026-08-02T04:09:08.531329+00:00
TUN,Tunisia,2016,Economics,GDP (current US$),44360072680.4476,current US$,World Bank Open Data,https://data.worldbank.org/indicator/NY.GDP.MKTP.CD,2026-08-02T04:09:09.383790+00:00
TUN,Tunisia,2017,Demographics,Population,11650498,people,World Bank Open Data,https://data.worldbank.org/indicator/SP.POP.TOTL,2026-08-02T04:09:08.531329+00:00
TUN,Tunisia,2017,Economics,GDP (current US$),42163530590.9462,current US$,World Bank Open Data,https://data.worldbank.org/indicator/NY.GDP.MKTP.CD,2026-08-02T04:09:09.383790+00:00
TUN,Tunisia,2018,Demographics,Population,11765514,people,World Bank Open Data,https://data.worldbank.org/indicator/SP.POP.TOTL,2026-08-02T04:09:08.531329+00:00
TUN,Tunisia,2018,Economics,GDP (current US$),42686504459.801,current US$,World Bank Open Data,https://data.worldbank.org/indicator/NY.GDP.MKTP.CD,2026-08-02T04:09:09.383790+00:00
TUN,Tunisia,2019,Demographics,Population,11875081,people,World Bank Open Data,https://data.worldbank.org/indicator/SP.POP.TOTL,2026-08-02T04:09:08.531329+00:00
TUN,Tunisia,2019,Economics,GDP (current US$),41905642418.825,current US$,World Bank Open Data,https://data.worldbank.org/indicator/NY.GDP.MKTP.CD,2026-08-02T04:09:09.383790+00:00
TUN,Tunisia,2020,Demographics,Population,11974057,people,World Bank Open Data,https://data.worldbank.org/indicator/SP.POP.TOTL,2026-08-02T04:09:08.531329+00:00
TUN,Tunisia,2020,Economics,GDP (current US$),42491780918.361,current US$,World Bank Open Data,https://data.worldbank.org/indicator/NY.GDP.MKTP.CD,2026-08-02T04:09:09.383790+00:00
TUN,Tunisia,2021,Demographics,Population,12048622,people,World Bank Open Data,https://data.worldbank.org/indicator/SP.POP.TOTL,2026-08-02T04:09:08.531329+00:00
TUN,Tunisia,2021,Economics,GDP (current US$),47073234359.1819,current US$,World Bank Open Data,https://data.worldbank.org/indicator/NY.GDP.MKTP.CD,2026-08-02T04:09:09.383790+00:00
TUN,Tunisia,2022,Demographics,Population,12119334,people,World Bank Open Data,https://data.worldbank.org/indicator/SP.POP.TOTL,2026-08-02T04:09:08.531329+00:00
TUN,Tunisia,2022,Economics,GDP (current US$),44929920092.7955,current US$,World Bank Open Data,https://data.worldbank.org/indicator/NY.GDP.MKTP.CD,2026-08-02T04:09:09.383790+00:00
TUN,Tunisia,2023,Demographics,Population,12200431,people,World Bank Open Data,https://data.worldbank.org/indicator/SP.POP.TOTL,2026-08-02T04:09:08.531329+00:00
TUN,Tunisia,2023,Economics,GDP (current US$),48205328303.3398,current US$,World Bank Open Data,https://data.worldbank.org/indicator/NY.GDP.MKTP.CD,2026-08-02T04:09:09.383790+00:00
TUN,Tunisia,2024,Demographics,Population,12277109,people,World Bank Open Data,https://data.worldbank.org/indicator/SP.POP.TOTL,2026-08-02T04:09:08.531329+00:00
TUN,Tunisia,2024,Economics,GDP (current US$),51412122479.8468,current US$,World Bank Open Data,https://data.worldbank.org/indicator/NY.GDP.MKTP.CD,2026-08-02T04:09:09.383790+00:00
TUN,Tunisia,2025,Demographics,Population,12348573,people,World Bank Open Data,https://data.worldbank.org/indicator/SP.POP.TOTL,2026-08-02T04:09:08.531329+00:00
TUN,Tunisia,2025,Economics,GDP (current US$),57502836548.0878,current US$,World Bank Open Data,https://data.worldbank.org/indicator/NY.GDP.MKTP.CD,2026-08-02T04:09:09.383790+00:00
TUR,Turkiye,2016,Demographics,Population,79277962,people,World Bank Open Data,https://data.worldbank.org/indicator/SP.POP.TOTL,2026-08-02T04:09:08.531329+00:00
TUR,Turkiye,2016,Economics,GDP (current US$),870818016909.84,current US$,World Bank Open Data,https://data.worldbank.org/indicator/NY.GDP.MKTP.CD,2026-08-02T04:09:09.383790+00:00
TUR,Turkiye,2017,Demographics,Population,80312698,people,World Bank Open Data,https://data.worldbank.org/indicator/SP.POP.TOTL,2026-08-02T04:09:08.531329+00:00
TUR,Turkiye,2017,Economics,GDP (current US$),863874522365.276,current US$,World Bank Open Data,https://data.worldbank.org/indicator/NY.GDP.MKTP.CD,2026-08-02T04:09:09.383790+00:00
TUR,Turkiye,2018,Demographics,Population,81407204,people,World Bank Open Data,https://data.worldbank.org/indicator/SP.POP.TOTL,2026-08-02T04:09:08.531329+00:00
TUR,Turkiye,2018,Economics,GDP (current US$),788356985773.667,current US$,World Bank Open Data,https://data.worldbank.org/indicator/NY.GDP.MKTP.CD,2026-08-02T04:09:09.383790+00:00
TUR,Turkiye,2019,Demographics,Population,82579440,people,World Bank Open Data,https://data.worldbank.org/indicator/SP.POP.TOTL,2026-08-02T04:09:08.531329+00:00
TUR,Turkiye,2019,Economics,GDP (current US$),775853144222.613,current US$,World Bank Open Data,https://data.worldbank.org/indicator/NY.GDP.MKTP.CD,2026-08-02T04:09:09.383790+00:00
TUR,Turkiye,2020,Demographics,Population,83384680,people,World Bank Open Data,https://data.worldbank.org/indicator/SP.POP.TOTL,2026-08-02T04:09:08.531329+00:00
TUR,Turkiye,2020,Economics,GDP (current US$),733628247119.077,current US$,World Bank Open Data,https://data.worldbank.org/indicator/NY.GDP.MKTP.CD,2026-08-02T04:09:09.383790+00:00
TUR,Turkiye,2021,Demographics,Population,84147318,people,World Bank Open Data,https://data.worldbank.org/indicator/SP.POP.TOTL,2026-08-02T04:09:08.531329+00:00
TUR,Turkiye,2021,Economics,GDP (current US$),839938668172.134,current US$,World Bank Open Data,https://data.worldbank.org/indicator/NY.GDP.MKTP.CD,2026-08-02T04:09:09.383790+00:00
TUR,Turkiye,2022,Demographics,Population,84979913,people,World Bank Open Data,https://data.worldbank.org/indicator/SP.POP.TOTL,2026-08-02T04:09:08.531329+00:00
TUR,Turkiye,2022,Economics,GDP (current US$),926097476913.818,current US$,World Bank Open Data,https://data.worldbank.org/indicator/NY.GDP.MKTP.CD,2026-08-02T04:09:09.383790+00:00
TUR,Turkiye,2023,Demographics,Population,85325965,people,World Bank Open Data,https://data.worldbank.org/indicator/SP.POP.TOTL,2026-08-02T04:09:08.531329+00:00
TUR,Turkiye,2023,Economics,GDP (current US$),1141242864657.45,current US$,World Bank Open Data,https://data.worldbank.org/indicator/NY.GDP.MKTP.CD,2026-08-02T04:09:09.383790+00:00
TUR,Turkiye,2024,Demographics,Population,85518661,people,World Bank Open Data,https://data.worldbank.org/indicator/SP.POP.TOTL,2026-08-02T04:09:08.531329+00:00
TUR,Turkiye,2024,Economics,GDP (current US$),1359123768774.12,current US$,World Bank Open Data,https://data.worldbank.org/indicator/NY.GDP.MKTP.CD,2026-08-02T04:09:09.383790+00:00
TUR,Turkiye,2025,Demographics,Population,85878556,people,World Bank Open Data,https://data.worldbank.org/indicator/SP.POP.TOTL,2026-08-02T04:09:08.531329+00:00
TUR,Turkiye,2025,Economics,GDP (current US$),1597293229287.0,current US$,World Bank Open Data,https://data.worldbank.org/indicator/NY.GDP.MKTP.CD,2026-08-02T04:09:09.383790+00:00
TUV,Tuvalu,2016,Demographics,Population,10930,people,World Bank Open Data,https://data.worldbank.org/indicator/SP.POP.TOTL,2026-08-02T04:09:08.531329+00:00
TUV,Tuvalu,2016,Economics,GDP (current US$),41306141.62505,current US$,World Bank Open Data,https://data.worldbank.org/indicator/NY.GDP.MKTP.CD,2026-08-02T04:09:09.383790+00:00
TUV,Tuvalu,2017,Demographics,Population,10869,people,World Bank Open Data,https://data.worldbank.org/indicator/SP.POP.TOTL,2026-08-02T04:09:08.531329+00:00
TUV,Tuvalu,2017,Economics,GDP (current US$),45288858.1637361,current US$,World Bank Open Data,https://data.worldbank.org/indicator/NY.GDP.MKTP.CD,2026-08-02T04:09:09.383790+00:00
TUV,Tuvalu,2018,Demographics,Population,10751,people,World Bank Open Data,https://data.worldbank.org/indicator/SP.POP.TOTL,2026-08-02T04:09:08.531329+00:00
TUV,Tuvalu,2018,Economics,GDP (current US$),48026990.1943497,current US$,World Bank Open Data,https://data.worldbank.org/indicator/NY.GDP.MKTP.CD,2026-08-02T04:09:09.383790+00:00
TUV,Tuvalu,2019,Demographics,Population,10581,people,World Bank Open Data,https://data.worldbank.org/indicator/SP.POP.TOTL,2026-08-02T04:09:08.531329+00:00
TUV,Tuvalu,2019,Economics,GDP (current US$),53527720.0597564,current US$,World Bank Open Data,https://data.worldbank.org/indicator/NY.GDP.MKTP.CD,2026-08-02T04:09:09.383790+00:00
TUV,Tuvalu,2020,Demographics,Population,10399,people,World Bank Open Data,https://data.worldbank.org/indicator/SP.POP.TOTL,2026-08-02T04:09:08.531329+00:00
TUV,Tuvalu,2020,Economics,GDP (current US$),52302514.9939611,current US$,World Bank Open Data,https://data.worldbank.org/indicator/NY.GDP.MKTP.CD,2026-08-02T04:09:09.383790+00:00
TUV,Tuvalu,2021,Demographics,Population,10194,people,World Bank Open Data,https://data.worldbank.org/indicator/SP.POP.TOTL,2026-08-02T04:09:08.531329+00:00
TUV,Tuvalu,2021,Economics,GDP (current US$),61597447.1614093,current US$,World Bank Open Data,https://data.worldbank.org/indicator/NY.GDP.MKTP.CD,2026-08-02T04:09:09.383790+00:00
TUV,Tuvalu,2022,Demographics,Population,9992,people,World Bank Open Data,https://data.worldbank.org/indicator/SP.POP.TOTL,2026-08-02T04:09:08.531329+00:00
TUV,Tuvalu,2022,Economics,GDP (current US$),54104146.3198082,current US$,World Bank Open Data,https://data.worldbank.org/indicator/NY.GDP.MKTP.CD,2026-08-02T04:09:09.383790+00:00
TUV,Tuvalu,2023,Demographics,Population,9816,people,World Bank Open Data,https://data.worldbank.org/indicator/SP.POP.TOTL,2026-08-02T04:09:08.531329+00:00
TUV,Tuvalu,2023,Economics,GDP (current US$),50491930.924381,current US$,World Bank Open Data,https://data.worldbank.org/indicator/NY.GDP.MKTP.CD,2026-08-02T04:09:09.383790+00:00
TUV,Tuvalu,2024,Demographics,Population,9646,people,World Bank Open Data,https://data.worldbank.org/indicator/SP.POP.TOTL,2026-08-02T04:09:08.531329+00:00
TUV,Tuvalu,2024,Economics,GDP (current US$),56752265.8012166,current US$,World Bank Open Data,https://data.worldbank.org/indicator/NY.GDP.MKTP.CD,2026-08-02T04:09:09.383790+00:00
TUV,Tuvalu,2025,Demographics,Population,9492,people,World Bank Open Data,https://data.worldbank.org/indicator/SP.POP.TOTL,2026-08-02T04:09:08.531329+00:00
TUV,Tuvalu,2025,Economics,GDP (current US$),57345434.7234984,current US$,World Bank Open Data,https://data.worldbank.org/indicator/NY.GDP.MKTP.CD,2026-08-02T04:09:09.383790+00:00
TZA,Tanzania,2016,Demographics,Population,53824013,people,World Bank Open Data,https://data.worldbank.org/indicator/SP.POP.TOTL,2026-08-02T04:09:08.531329+00:00
TZA,Tanzania,2016,Economics,GDP (current US$),49774409374.4538,current US$,World Bank Open Data,https://data.worldbank.org/indicator/NY.GDP.MKTP.CD,2026-08-02T04:09:09.383790+00:00
TZA,Tanzania,2017,Demographics,Population,55652890,people,World Bank Open Data,https://data.worldbank.org/indicator/SP.POP.TOTL,2026-08-02T04:09:08.531329+00:00
TZA,Tanzania,2017,Economics,GDP (current US$),53274884532.7886,current US$,World Bank Open Data,https://data.worldbank.org/indicator/NY.GDP.MKTP.CD,2026-08-02T04:09:09.383790+00:00
TZA,Tanzania,2018,Demographics,Population,57437145,people,World Bank Open Data,https://data.worldbank.org/indicator/SP.POP.TOTL,2026-08-02T04:09:08.531329+00:00
TZA,Tanzania,2018,Economics,GDP (current US$),57003712892.0858,current US$,World Bank Open Data,https://data.worldbank.org/indicator/NY.GDP.MKTP.CD,2026-08-02T04:09:09.383790+00:00
TZA,Tanzania,2019,Demographics,Population,59174891,people,World Bank Open Data,https://data.worldbank.org/indicator/SP.POP.TOTL,2026-08-02T04:09:08.531329+00:00
TZA,Tanzania,2019,Economics,GDP (current US$),61026731925.9213,current US$,World Bank Open Data,https://data.worldbank.org/indicator/NY.GDP.MKTP.CD,2026-08-02T04:09:09.383790+00:00
TZA,Tanzania,2020,Demographics,Population,60972798,people,World Bank Open Data,https://data.worldbank.org/indicator/SP.POP.TOTL,2026-08-02T04:09:08.531329+00:00
TZA,Tanzania,2020,Economics,GDP (current US$),66068737786.0639,current US$,World Bank Open Data,https://data.worldbank.org/indicator/NY.GDP.MKTP.CD,2026-08-02T04:09:09.383790+00:00
TZA,Tanzania,2021,Demographics,Population,62830412,people,World Bank Open Data,https://data.worldbank.org/indicator/SP.POP.TOTL,2026-08-02T04:09:08.531329+00:00
TZA,Tanzania,2021,Economics,GDP (current US$),70655628147.8986,current US$,World Bank Open Data,https://data.worldbank.org/indicator/NY.GDP.MKTP.CD,2026-08-02T04:09:09.383790+00:00
TZA,Tanzania,2022,Demographics,Population,64711821,people,World Bank Open Data,https://data.worldbank.org/indicator/SP.POP.TOTL,2026-08-02T04:09:08.531329+00:00
TZA,Tanzania,2022,Economics,GDP (current US$),75749121846.9703,current US$,World Bank Open Data,https://data.worldbank.org/indicator/NY.GDP.MKTP.CD,2026-08-02T04:09:09.383790+00:00
TZA,Tanzania,2023,Demographics,Population,66617606,people,World Bank Open Data,https://data.worldbank.org/indicator/SP.POP.TOTL,2026-08-02T04:09:08.531329+00:00
TZA,Tanzania,2023,Economics,GDP (current US$),79030935638.1317,current US$,World Bank Open Data,https://data.worldbank.org/indicator/NY.GDP.MKTP.CD,2026-08-02T04:09:09.383790+00:00
TZA,Tanzania,2024,Demographics,Population,68560157,people,World Bank Open Data,https://data.worldbank.org/indicator/SP.POP.TOTL,2026-08-02T04:09:08.531329+00:00
TZA,Tanzania,2024,Economics,GDP (current US$),79235713444.9777,current US$,World Bank Open Data,https://data.worldbank.org/indicator/NY.GDP.MKTP.CD,2026-08-02T04:09:09.383790+00:00
TZA,Tanzania,2025,Demographics,Population,70545865,people,World Bank Open Data,https://data.worldbank.org/indicator/SP.POP.TOTL,2026-08-02T04:09:08.531329+00:00
TZA,Tanzania,2025,Economics,GDP (current US$),90143496090.4411,current US$,World Bank Open Data,https://data.worldbank.org/indicator/NY.GDP.MKTP.CD,2026-08-02T04:09:09.383790+00:00
UGA,Uganda,2016,Demographics,Population,38799152,people,World Bank Open Data,https://data.worldbank.org/indicator/SP.POP.TOTL,2026-08-02T04:09:08.531329+00:00
UGA,Uganda,2016,Economics,GDP (current US$),29203988696.2626,current US$,World Bank Open Data,https://data.worldbank.org/indicator/NY.GDP.MKTP.CD,2026-08-02T04:09:09.383790+00:00
UGA,Uganda,2017,Demographics,Population,40177388,people,World Bank Open Data,https://data.worldbank.org/indicator/SP.POP.TOTL,2026-08-02T04:09:08.531329+00:00
UGA,Uganda,2017,Economics,GDP (current US$),30744473841.424,current US$,World Bank Open Data,https://data.worldbank.org/indicator/NY.GDP.MKTP.CD,2026-08-02T04:09:09.383790+00:00
UGA,Uganda,2018,Demographics,Population,41565831,people,World Bank Open Data,https://data.worldbank.org/indicator/SP.POP.TOTL,2026-08-02T04:09:08.531329+00:00
UGA,Uganda,2018,Economics,GDP (current US$),32927025619.6795,current US$,World Bank Open Data,https://data.worldbank.org/indicator/NY.GDP.MKTP.CD,2026-08-02T04:09:09.383790+00:00
UGA,Uganda,2019,Demographics,Population,42999637,people,World Bank Open Data,https://data.worldbank.org/indicator/SP.POP.TOTL,2026-08-02T04:09:08.531329+00:00
UGA,Uganda,2019,Economics,GDP (current US$),35353061003.4359,current US$,World Bank Open Data,https://data.worldbank.org/indicator/NY.GDP.MKTP.CD,2026-08-02T04:09:09.383790+00:00
UGA,Uganda,2020,Demographics,Population,44457152,people,World Bank Open Data,https://data.worldbank.org/indicator/SP.POP.TOTL,2026-08-02T04:09:08.531329+00:00
UGA,Uganda,2020,Economics,GDP (current US$),37600368241.6657,current US$,World Bank Open Data,https://data.worldbank.org/indicator/NY.GDP.MKTP.CD,2026-08-02T04:09:09.383790+00:00
UGA,Uganda,2021,Demographics,Population,45910930,people,World Bank Open Data,https://data.worldbank.org/indicator/SP.POP.TOTL,2026-08-02T04:09:08.531329+00:00
UGA,Uganda,2021,Economics,GDP (current US$),40529788748.6737,current US$,World Bank Open Data,https://data.worldbank.org/indicator/NY.GDP.MKTP.CD,2026-08-02T04:09:09.383790+00:00
UGA,Uganda,2022,Demographics,Population,47312719,people,World Bank Open Data,https://data.worldbank.org/indicator/SP.POP.TOTL,2026-08-02T04:09:08.531329+00:00
UGA,Uganda,2022,Economics,GDP (current US$),45565333210.9108,current US$,World Bank Open Data,https://data.worldbank.org/indicator/NY.GDP.MKTP.CD,2026-08-02T04:09:09.383790+00:00
UGA,Uganda,2023,Demographics,Population,48656601,people,World Bank Open Data,https://data.worldbank.org/indicator/SP.POP.TOTL,2026-08-02T04:09:08.531329+00:00
UGA,Uganda,2023,Economics,GDP (current US$),48768955863.3175,current US$,World Bank Open Data,https://data.worldbank.org/indicator/NY.GDP.MKTP.CD,2026-08-02T04:09:09.383790+00:00
UGA,Uganda,2024,Demographics,Population,50015092,people,World Bank Open Data,https://data.worldbank.org/indicator/SP.POP.TOTL,2026-08-02T04:09:08.531329+00:00
UGA,Uganda,2024,Economics,GDP (current US$),53911907079.0485,current US$,World Bank Open Data,https://data.worldbank.org/indicator/NY.GDP.MKTP.CD,2026-08-02T04:09:09.383790+00:00
UGA,Uganda,2025,Demographics,Population,51384894,people,World Bank Open Data,https://data.worldbank.org/indicator/SP.POP.TOTL,2026-08-02T04:09:08.531329+00:00
UGA,Uganda,2025,Economics,GDP (current US$),61985829288.1496,current US$,World Bank Open Data,https://data.worldbank.org/indicator/NY.GDP.MKTP.CD,2026-08-02T04:09:09.383790+00:00
UKR,Ukraine,2016,Demographics,Population,45616832,people,World Bank Open Data,https://data.worldbank.org/indicator/SP.POP.TOTL,2026-08-02T04:09:08.531329+00:00
UKR,Ukraine,2016,Economics,GDP (current US$),93355869403.9223,current US$,World Bank Open Data,https://data.worldbank.org/indicator/NY.GDP.MKTP.CD,2026-08-02T04:09:09.383790+00:00
UKR,Ukraine,2017,Demographics,Population,45436041,people,World Bank Open Data,https://data.worldbank.org/indicator/SP.POP.TOTL,2026-08-02T04:09:08.531329+00:00
UKR,Ukraine,2017,Economics,GDP (current US$),112090505081.739,current US$,World Bank Open Data,https://data.worldbank.org/indicator/NY.GDP.MKTP.CD,2026-08-02T04:09:09.383790+00:00
UKR,Ukraine,2018,Demographics,Population,45208907,people,World Bank Open Data,https://data.worldbank.org/indicator/SP.POP.TOTL,2026-08-02T04:09:08.531329+00:00
UKR,Ukraine,2018,Economics,GDP (current US$),130891088293.55,current US$,World Bank Open Data,https://data.worldbank.org/indicator/NY.GDP.MKTP.CD,2026-08-02T04:09:09.383790+00:00
UKR,Ukraine,2019,Demographics,Population,44957458,people,World Bank Open Data,https://data.worldbank.org/indicator/SP.POP.TOTL,2026-08-02T04:09:08.531329+00:00
UKR,Ukraine,2019,Economics,GDP (current US$),153883047509.577,current US$,World Bank Open Data,https://data.worldbank.org/indicator/NY.GDP.MKTP.CD,2026-08-02T04:09:09.383790+00:00
UKR,Ukraine,2020,Demographics,Population,44680014,people,World Bank Open Data,https://data.worldbank.org/indicator/SP.POP.TOTL,2026-08-02T04:09:08.531329+00:00
UKR,Ukraine,2020,Economics,GDP (current US$),156617722013.342,current US$,World Bank Open Data,https://data.worldbank.org/indicator/NY.GDP.MKTP.CD,2026-08-02T04:09:09.383790+00:00
UKR,Ukraine,2021,Demographics,Population,44298640,people,World Bank Open Data,https://data.worldbank.org/indicator/SP.POP.TOTL,2026-08-02T04:09:08.531329+00:00
UKR,Ukraine,2021,Economics,GDP (current US$),199765859570.935,current US$,World Bank Open Data,https://data.worldbank.org/indicator/NY.GDP.MKTP.CD,2026-08-02T04:09:09.383790+00:00
UKR,Ukraine,2022,Demographics,Population,41048766,people,World Bank Open Data,https://data.worldbank.org/indicator/SP.POP.TOTL,2026-08-02T04:09:08.531329+00:00
UKR,Ukraine,2022,Economics,GDP (current US$),161989520721.19,current US$,World Bank Open Data,https://data.worldbank.org/indicator/NY.GDP.MKTP.CD,2026-08-02T04:09:09.383790+00:00
UKR,Ukraine,2023,Demographics,Population,37732836,people,World Bank Open Data,https://data.worldbank.org/indicator/SP.POP.TOTL,2026-08-02T04:09:08.531329+00:00
UKR,Ukraine,2023,Economics,GDP (current US$),181221517868.744,current US$,World Bank Open Data,https://data.worldbank.org/indicator/NY.GDP.MKTP.CD,2026-08-02T04:09:09.383790+00:00
UKR,Ukraine,2024,Demographics,Population,37860221,people,World Bank Open Data,https://data.worldbank.org/indicator/SP.POP.TOTL,2026-08-02T04:09:08.531329+00:00
UKR,Ukraine,2024,Economics,GDP (current US$),190833835445.1,current US$,World Bank Open Data,https://data.worldbank.org/indicator/NY.GDP.MKTP.CD,2026-08-02T04:09:09.383790+00:00
UKR,Ukraine,2025,Demographics,Population,38980376,people,World Bank Open Data,https://data.worldbank.org/indicator/SP.POP.TOTL,2026-08-02T04:09:08.531329+00:00
UKR,Ukraine,2025,Economics,GDP (current US$),214233312784.397,current US$,World Bank Open Data,https://data.worldbank.org/indicator/NY.GDP.MKTP.CD,2026-08-02T04:09:09.383790+00:00
URY,Uruguay,2016,Demographics,Population,3379283,people,World Bank Open Data,https://data.worldbank.org/indicator/SP.POP.TOTL,2026-08-02T04:09:08.531329+00:00
URY,Uruguay,2016,Economics,GDP (current US$),57480787465.2716,current US$,World Bank Open Data,https://data.worldbank.org/indicator/NY.GDP.MKTP.CD,2026-08-02T04:09:09.383790+00:00
URY,Uruguay,2017,Demographics,Population,3388438,people,World Bank Open Data,https://data.worldbank.org/indicator/SP.POP.TOTL,2026-08-02T04:09:08.531329+00:00
URY,Uruguay,2017,Economics,GDP (current US$),65006039809.739,current US$,World Bank Open Data,https://data.worldbank.org/indicator/NY.GDP.MKTP.CD,2026-08-02T04:09:09.383790+00:00
URY,Uruguay,2018,Demographics,Population,3394534,people,World Bank Open Data,https://data.worldbank.org/indicator/SP.POP.TOTL,2026-08-02T04:09:08.531329+00:00
URY,Uruguay,2018,Economics,GDP (current US$),65344577415.7535,current US$,World Bank Open Data,https://data.worldbank.org/indicator/NY.GDP.MKTP.CD,2026-08-02T04:09:09.383790+00:00
URY,Uruguay,2019,Demographics,Population,3397206,people,World Bank Open Data,https://data.worldbank.org/indicator/SP.POP.TOTL,2026-08-02T04:09:08.531329+00:00
URY,Uruguay,2019,Economics,GDP (current US$),62222324964.633,current US$,World Bank Open Data,https://data.worldbank.org/indicator/NY.GDP.MKTP.CD,2026-08-02T04:09:09.383790+00:00
URY,Uruguay,2020,Demographics,Population,3398968,people,World Bank Open Data,https://data.worldbank.org/indicator/SP.POP.TOTL,2026-08-02T04:09:08.531329+00:00
URY,Uruguay,2020,Economics,GDP (current US$),53559354501.4278,current US$,World Bank Open Data,https://data.worldbank.org/indicator/NY.GDP.MKTP.CD,2026-08-02T04:09:09.383790+00:00
URY,Uruguay,2021,Demographics,Population,3396695,people,World Bank Open Data,https://data.worldbank.org/indicator/SP.POP.TOTL,2026-08-02T04:09:08.531329+00:00
URY,Uruguay,2021,Economics,GDP (current US$),60739061281.1628,current US$,World Bank Open Data,https://data.worldbank.org/indicator/NY.GDP.MKTP.CD,2026-08-02T04:09:09.383790+00:00
URY,Uruguay,2022,Demographics,Population,3390913,people,World Bank Open Data,https://data.worldbank.org/indicator/SP.POP.TOTL,2026-08-02T04:09:08.531329+00:00
URY,Uruguay,2022,Economics,GDP (current US$),71240669088.0587,current US$,World Bank Open Data,https://data.worldbank.org/indicator/NY.GDP.MKTP.CD,2026-08-02T04:09:09.383790+00:00
URY,Uruguay,2023,Demographics,Population,3388081,people,World Bank Open Data,https://data.worldbank.org/indicator/SP.POP.TOTL,2026-08-02T04:09:08.531329+00:00
URY,Uruguay,2023,Economics,GDP (current US$),79208725899.5531,current US$,World Bank Open Data,https://data.worldbank.org/indicator/NY.GDP.MKTP.CD,2026-08-02T04:09:09.383790+00:00
URY,Uruguay,2024,Demographics,Population,3386588,people,World Bank Open Data,https://data.worldbank.org/indicator/SP.POP.TOTL,2026-08-02T04:09:08.531329+00:00
URY,Uruguay,2024,Economics,GDP (current US$),82322859144.2816,current US$,World Bank Open Data,https://data.worldbank.org/indicator/NY.GDP.MKTP.CD,2026-08-02T04:09:09.383790+00:00
URY,Uruguay,2025,Demographics,Population,3384688,people,World Bank Open Data,https://data.worldbank.org/indicator/SP.POP.TOTL,2026-08-02T04:09:08.531329+00:00
URY,Uruguay,2025,Economics,GDP (current US$),85347696277.6859,current US$,World Bank Open Data,https://data.worldbank.org/indicator/NY.GDP.MKTP.CD,2026-08-02T04:09:09.383790+00:00
USA,United States,2016,Demographics,Population,324353340,people,World Bank Open Data,https://data.worldbank.org/indicator/SP.POP.TOTL,2026-08-02T04:09:08.531329+00:00
USA,United States,2016,Economics,GDP (current US$),18804913000000.0,current US$,World Bank Open Data,https://data.worldbank.org/indicator/NY.GDP.MKTP.CD,2026-08-02T04:09:09.383790+00:00
USA,United States,2017,Demographics,Population,326608609,people,World Bank Open Data,https://data.worldbank.org/indicator/SP.POP.TOTL,2026-08-02T04:09:08.531329+00:00
USA,United States,2017,Economics,GDP (current US$),19612102000000.0,current US$,World Bank Open Data,https://data.worldbank.org/indicator/NY.GDP.MKTP.CD,2026-08-02T04:09:09.383790+00:00
USA,United States,2018,Demographics,Population,328529577,people,World Bank Open Data,https://data.worldbank.org/indicator/SP.POP.TOTL,2026-08-02T04:09:08.531329+00:00
USA,United States,2018,Economics,GDP (current US$),20656516000000.0,current US$,World Bank Open Data,https://data.worldbank.org/indicator/NY.GDP.MKTP.CD,2026-08-02T04:09:09.383790+00:00
USA,United States,2019,Demographics,Population,330226227,people,World Bank Open Data,https://data.worldbank.org/indicator/SP.POP.TOTL,2026-08-02T04:09:08.531329+00:00
USA,United States,2019,Economics,GDP (current US$),21539982000000.0,current US$,World Bank Open Data,https://data.worldbank.org/indicator/NY.GDP.MKTP.CD,2026-08-02T04:09:09.383790+00:00
USA,United States,2020,Demographics,Population,331578104,people,World Bank Open Data,https://data.worldbank.org/indicator/SP.POP.TOTL,2026-08-02T04:09:08.531329+00:00
USA,United States,2020,Economics,GDP (current US$),21375281000000.0,current US$,World Bank Open Data,https://data.worldbank.org/indicator/NY.GDP.MKTP.CD,2026-08-02T04:09:09.383790+00:00
USA,United States,2021,Demographics,Population,332100166,people,World Bank Open Data,https://data.worldbank.org/indicator/SP.POP.TOTL,2026-08-02T04:09:08.531329+00:00
USA,United States,2021,Economics,GDP (current US$),23725645000000.0,current US$,World Bank Open Data,https://data.worldbank.org/indicator/NY.GDP.MKTP.CD,2026-08-02T04:09:09.383790+00:00
USA,United States,2022,Demographics,Population,333996304,people,World Bank Open Data,https://data.worldbank.org/indicator/SP.POP.TOTL,2026-08-02T04:09:08.531329+00:00
USA,United States,2022,Economics,GDP (current US$),26054614000000.0,current US$,World Bank Open Data,https://data.worldbank.org/indicator/NY.GDP.MKTP.CD,2026-08-02T04:09:09.383790+00:00
USA,United States,2023,Demographics,Population,336755052,people,World Bank Open Data,https://data.worldbank.org/indicator/SP.POP.TOTL,2026-08-02T04:09:08.531329+00:00
USA,United States,2023,Economics,GDP (current US$),27811517000000.0,current US$,World Bank Open Data,https://data.worldbank.org/indicator/NY.GDP.MKTP.CD,2026-08-02T04:09:09.383790+00:00
USA,United States,2024,Demographics,Population,340003797,people,World Bank Open Data,https://data.worldbank.org/indicator/SP.POP.TOTL,2026-08-02T04:09:08.531329+00:00
USA,United States,2024,Economics,GDP (current US$),29298013000000.0,current US$,World Bank Open Data,https://data.worldbank.org/indicator/NY.GDP.MKTP.CD,2026-08-02T04:09:09.383790+00:00
USA,United States,2025,Demographics,Population,341784857,people,World Bank Open Data,https://data.worldbank.org/indicator/SP.POP.TOTL,2026-08-02T04:09:08.531329+00:00
USA,United States,2025,Economics,GDP (current US$),30769700000000.0,current US$,World Bank Open Data,https://data.worldbank.org/indicator/NY.GDP.MKTP.CD,2026-08-02T04:09:09.383790+00:00
UZB,Uzbekistan,2016,Demographics,Population,31284568,people,World Bank Open Data,https://data.worldbank.org/indicator/SP.POP.TOTL,2026-08-02T04:09:08.531329+00:00
UZB,Uzbekistan,2016,Economics,GDP (current US$),97871364319.3985,current US$,World Bank Open Data,https://data.worldbank.org/indicator/NY.GDP.MKTP.CD,2026-08-02T04:09:09.383790+00:00
UZB,Uzbekistan,2017,Demographics,Population,31819178,people,World Bank Open Data,https://data.worldbank.org/indicator/SP.POP.TOTL,2026-08-02T04:09:08.531329+00:00
UZB,Uzbekistan,2017,Economics,GDP (current US$),72276404057.649,current US$,World Bank Open Data,https://data.worldbank.org/indicator/NY.GDP.MKTP.CD,2026-08-02T04:09:09.383790+00:00
UZB,Uzbekistan,2018,Demographics,Population,32373490,people,World Bank Open Data,https://data.worldbank.org/indicator/SP.POP.TOTL,2026-08-02T04:09:08.531329+00:00
UZB,Uzbekistan,2018,Economics,GDP (current US$),61318332402.7908,current US$,World Bank Open Data,https://data.worldbank.org/indicator/NY.GDP.MKTP.CD,2026-08-02T04:09:09.383790+00:00
UZB,Uzbekistan,2019,Demographics,Population,32964701,people,World Bank Open Data,https://data.worldbank.org/indicator/SP.POP.TOTL,2026-08-02T04:09:08.531329+00:00
UZB,Uzbekistan,2019,Economics,GDP (current US$),70170662562.6111,current US$,World Bank Open Data,https://data.worldbank.org/indicator/NY.GDP.MKTP.CD,2026-08-02T04:09:09.383790+00:00
UZB,Uzbekistan,2020,Demographics,Population,33586372,people,World Bank Open Data,https://data.worldbank.org/indicator/SP.POP.TOTL,2026-08-02T04:09:08.531329+00:00
UZB,Uzbekistan,2020,Economics,GDP (current US$),70127127133.2164,current US$,World Bank Open Data,https://data.worldbank.org/indicator/NY.GDP.MKTP.CD,2026-08-02T04:09:09.383790+00:00
UZB,Uzbekistan,2021,Demographics,Population,34243696,people,World Bank Open Data,https://data.worldbank.org/indicator/SP.POP.TOTL,2026-08-02T04:09:08.531329+00:00
UZB,Uzbekistan,2021,Economics,GDP (current US$),81170051810.5825,current US$,World Bank Open Data,https://data.worldbank.org/indicator/NY.GDP.MKTP.CD,2026-08-02T04:09:09.383790+00:00
UZB,Uzbekistan,2022,Demographics,Population,34938955,people,World Bank Open Data,https://data.worldbank.org/indicator/SP.POP.TOTL,2026-08-02T04:09:08.531329+00:00
UZB,Uzbekistan,2022,Economics,GDP (current US$),94286355836.1594,current US$,World Bank Open Data,https://data.worldbank.org/indicator/NY.GDP.MKTP.CD,2026-08-02T04:09:09.383790+00:00
UZB,Uzbekistan,2023,Demographics,Population,35652307,people,World Bank Open Data,https://data.worldbank.org/indicator/SP.POP.TOTL,2026-08-02T04:09:08.531329+00:00
UZB,Uzbekistan,2023,Economics,GDP (current US$),107526539716.318,current US$,World Bank Open Data,https://data.worldbank.org/indicator/NY.GDP.MKTP.CD,2026-08-02T04:09:09.383790+00:00
UZB,Uzbekistan,2024,Demographics,Population,36361859,people,World Bank Open Data,https://data.worldbank.org/indicator/SP.POP.TOTL,2026-08-02T04:09:08.531329+00:00
UZB,Uzbekistan,2024,Economics,GDP (current US$),121356065241.228,current US$,World Bank Open Data,https://data.worldbank.org/indicator/NY.GDP.MKTP.CD,2026-08-02T04:09:09.383790+00:00
UZB,Uzbekistan,2025,Demographics,Population,37053428,people,World Bank Open Data,https://data.worldbank.org/indicator/SP.POP.TOTL,2026-08-02T04:09:08.531329+00:00
UZB,Uzbekistan,2025,Economics,GDP (current US$),147038081129.405,current US$,World Bank Open Data,https://data.worldbank.org/indicator/NY.GDP.MKTP.CD,2026-08-02T04:09:09.383790+00:00
VCT,St. Vincent and the Grenadines,2016,Demographics,Population,106349,people,World Bank Open Data,https://data.worldbank.org/indicator/SP.POP.TOTL,2026-08-02T04:09:08.531329+00:00
VCT,St. Vincent and the Grenadines,2016,Economics,GDP (current US$),814303703.703704,current US$,World Bank Open Data,https://data.worldbank.org/indicator/NY.GDP.MKTP.CD,2026-08-02T04:09:09.383790+00:00
VCT,St. Vincent and the Grenadines,2017,Demographics,Population,105663,people,World Bank Open Data,https://data.worldbank.org/indicator/SP.POP.TOTL,2026-08-02T04:09:08.531329+00:00
VCT,St. Vincent and the Grenadines,2017,Economics,GDP (current US$),844040740.740741,current US$,World Bank Open Data,https://data.worldbank.org/indicator/NY.GDP.MKTP.CD,2026-08-02T04:09:09.383790+00:00
VCT,St. Vincent and the Grenadines,2018,Demographics,Population,104926,people,World Bank Open Data,https://data.worldbank.org/indicator/SP.POP.TOTL,2026-08-02T04:09:08.531329+00:00
VCT,St. Vincent and the Grenadines,2018,Economics,GDP (current US$),884329629.62963,current US$,World Bank Open Data,https://data.worldbank.org/indicator/NY.GDP.MKTP.CD,2026-08-02T04:09:09.383790+00:00
VCT,St. Vincent and the Grenadines,2019,Demographics,Population,104167,people,World Bank Open Data,https://data.worldbank.org/indicator/SP.POP.TOTL,2026-08-02T04:09:08.531329+00:00
VCT,St. Vincent and the Grenadines,2019,Economics,GDP (current US$),910481481.481481,current US$,World Bank Open Data,https://data.worldbank.org/indicator/NY.GDP.MKTP.CD,2026-08-02T04:09:09.383790+00:00
VCT,St. Vincent and the Grenadines,2020,Demographics,Population,103526,people,World Bank Open Data,https://data.worldbank.org/indicator/SP.POP.TOTL,2026-08-02T04:09:08.531329+00:00
VCT,St. Vincent and the Grenadines,2020,Economics,GDP (current US$),864566666.666667,current US$,World Bank Open Data,https://data.worldbank.org/indicator/NY.GDP.MKTP.CD,2026-08-02T04:09:09.383790+00:00
VCT,St. Vincent and the Grenadines,2021,Demographics,Population,102841,people,World Bank Open Data,https://data.worldbank.org/indicator/SP.POP.TOTL,2026-08-02T04:09:08.531329+00:00
VCT,St. Vincent and the Grenadines,2021,Economics,GDP (current US$),888677777.777778,current US$,World Bank Open Data,https://data.worldbank.org/indicator/NY.GDP.MKTP.CD,2026-08-02T04:09:09.383790+00:00
VCT,St. Vincent and the Grenadines,2022,Demographics,Population,102046,people,World Bank Open Data,https://data.worldbank.org/indicator/SP.POP.TOTL,2026-08-02T04:09:08.531329+00:00
VCT,St. Vincent and the Grenadines,2022,Economics,GDP (current US$),989188888.888889,current US$,World Bank Open Data,https://data.worldbank.org/indicator/NY.GDP.MKTP.CD,2026-08-02T04:09:09.383790+00:00
VCT,St. Vincent and the Grenadines,2023,Demographics,Population,101323,people,World Bank Open Data,https://data.worldbank.org/indicator/SP.POP.TOTL,2026-08-02T04:09:08.531329+00:00
VCT,St. Vincent and the Grenadines,2023,Economics,GDP (current US$),1072237037.03704,current US$,World Bank Open Data,https://data.worldbank.org/indicator/NY.GDP.MKTP.CD,2026-08-02T04:09:09.383790+00:00
VCT,St. Vincent and the Grenadines,2024,Demographics,Population,100616,people,World Bank Open Data,https://data.worldbank.org/indicator/SP.POP.TOTL,2026-08-02T04:09:08.531329+00:00
VCT,St. Vincent and the Grenadines,2024,Economics,GDP (current US$),1157207407.40741,current US$,World Bank Open Data,https://data.worldbank.org/indicator/NY.GDP.MKTP.CD,2026-08-02T04:09:09.383790+00:00
VCT,St. Vincent and the Grenadines,2025,Demographics,Population,99924,people,World Bank Open Data,https://data.worldbank.org/indicator/SP.POP.TOTL,2026-08-02T04:09:08.531329+00:00
VCT,St. Vincent and the Grenadines,2025,Economics,GDP (current US$),1255222222.22222,current US$,World Bank Open Data,https://data.worldbank.org/indicator/NY.GDP.MKTP.CD,2026-08-02T04:09:09.383790+00:00
VEN,"Venezuela, RB",2016,Demographics,Population,30765720,people,World Bank Open Data,https://data.worldbank.org/indicator/SP.POP.TOTL,2026-08-02T04:09:08.531329+00:00
VEN,"Venezuela, RB",2016,Economics,GDP (current US$),112948035494.959,current US$,World Bank Open Data,https://data.worldbank.org/indicator/NY.GDP.MKTP.CD,2026-08-02T04:09:09.383790+00:00
VEN,"Venezuela, RB",2017,Demographics,Population,30565323,people,World Bank Open Data,https://data.worldbank.org/indicator/SP.POP.TOTL,2026-08-02T04:09:08.531329+00:00
VEN,"Venezuela, RB",2017,Economics,GDP (current US$),115892475742.789,current US$,World Bank Open Data,https://data.worldbank.org/indicator/NY.GDP.MKTP.CD,2026-08-02T04:09:09.383790+00:00
VEN,"Venezuela, RB",2018,Demographics,Population,29807592,people,World Bank Open Data,https://data.worldbank.org/indicator/SP.POP.TOTL,2026-08-02T04:09:08.531329+00:00
VEN,"Venezuela, RB",2018,Economics,GDP (current US$),101987075928.918,current US$,World Bank Open Data,https://data.worldbank.org/indicator/NY.GDP.MKTP.CD,2026-08-02T04:09:09.383790+00:00
VEN,"Venezuela, RB",2019,Demographics,Population,28938098,people,World Bank Open Data,https://data.worldbank.org/indicator/SP.POP.TOTL,2026-08-02T04:09:08.531329+00:00
VEN,"Venezuela, RB",2019,Economics,GDP (current US$),73014157107.594,current US$,World Bank Open Data,https://data.worldbank.org/indicator/NY.GDP.MKTP.CD,2026-08-02T04:09:09.383790+00:00
VEN,"Venezuela, RB",2020,Demographics,Population,28444077,people,World Bank Open Data,https://data.worldbank.org/indicator/SP.POP.TOTL,2026-08-02T04:09:08.531329+00:00
VEN,"Venezuela, RB",2020,Economics,GDP (current US$),42837965906.8675,current US$,World Bank Open Data,https://data.worldbank.org/indicator/NY.GDP.MKTP.CD,2026-08-02T04:09:09.383790+00:00
VEN,"Venezuela, RB",2021,Demographics,Population,28237826,people,World Bank Open Data,https://data.worldbank.org/indicator/SP.POP.TOTL,2026-08-02T04:09:08.531329+00:00
VEN,"Venezuela, RB",2021,Economics,GDP (current US$),56615026262.6535,current US$,World Bank Open Data,https://data.worldbank.org/indicator/NY.GDP.MKTP.CD,2026-08-02T04:09:09.383790+00:00
VEN,"Venezuela, RB",2022,Demographics,Population,28213017,people,World Bank Open Data,https://data.worldbank.org/indicator/SP.POP.TOTL,2026-08-02T04:09:08.531329+00:00
VEN,"Venezuela, RB",2022,Economics,GDP (current US$),89013251020.9831,current US$,World Bank Open Data,https://data.worldbank.org/indicator/NY.GDP.MKTP.CD,2026-08-02T04:09:09.383790+00:00
VEN,"Venezuela, RB",2023,Demographics,Population,28300854,people,World Bank Open Data,https://data.worldbank.org/indicator/SP.POP.TOTL,2026-08-02T04:09:08.531329+00:00
VEN,"Venezuela, RB",2023,Economics,GDP (current US$),102377501185.925,current US$,World Bank Open Data,https://data.worldbank.org/indicator/NY.GDP.MKTP.CD,2026-08-02T04:09:09.383790+00:00
VEN,"Venezuela, RB",2024,Demographics,Population,28405543,people,World Bank Open Data,https://data.worldbank.org/indicator/SP.POP.TOTL,2026-08-02T04:09:08.531329+00:00
VEN,"Venezuela, RB",2024,Economics,GDP (current US$),120566112397.063,current US$,World Bank Open Data,https://data.worldbank.org/indicator/NY.GDP.MKTP.CD,2026-08-02T04:09:09.383790+00:00
VEN,"Venezuela, RB",2025,Demographics,Population,28516896,people,World Bank Open Data,https://data.worldbank.org/indicator/SP.POP.TOTL,2026-08-02T04:09:08.531329+00:00
VEN,"Venezuela, RB",2025,Economics,GDP (current US$),99661244155.6306,current US$,World Bank Open Data,https://data.worldbank.org/indicator/NY.GDP.MKTP.CD,2026-08-02T04:09:09.383790+00:00
VGB,British Virgin Islands,2016,Demographics,Population,33878,people,World Bank Open Data,https://data.worldbank.org/indicator/SP.POP.TOTL,2026-08-02T04:09:08.531329+00:00
VGB,British Virgin Islands,2017,Demographics,Population,32699,people,World Bank Open Data,https://data.worldbank.org/indicator/SP.POP.TOTL,2026-08-02T04:09:08.531329+00:00
VGB,British Virgin Islands,2018,Demographics,Population,34657,people,World Bank Open Data,https://data.worldbank.org/indicator/SP.POP.TOTL,2026-08-02T04:09:08.531329+00:00
VGB,British Virgin Islands,2019,Demographics,Population,36395,people,World Bank Open Data,https://data.worldbank.org/indicator/SP.POP.TOTL,2026-08-02T04:09:08.531329+00:00
VGB,British Virgin Islands,2020,Demographics,Population,37135,people,World Bank Open Data,https://data.worldbank.org/indicator/SP.POP.TOTL,2026-08-02T04:09:08.531329+00:00
VGB,British Virgin Islands,2021,Demographics,Population,37809,people,World Bank Open Data,https://data.worldbank.org/indicator/SP.POP.TOTL,2026-08-02T04:09:08.531329+00:00
VGB,British Virgin Islands,2022,Demographics,Population,38319,people,World Bank Open Data,https://data.worldbank.org/indicator/SP.POP.TOTL,2026-08-02T04:09:08.531329+00:00
VGB,British Virgin Islands,2023,Demographics,Population,38985,people,World Bank Open Data,https://data.worldbank.org/indicator/SP.POP.TOTL,2026-08-02T04:09:08.531329+00:00
VGB,British Virgin Islands,2024,Demographics,Population,39471,people,World Bank Open Data,https://data.worldbank.org/indicator/SP.POP.TOTL,2026-08-02T04:09:08.531329+00:00
VGB,British Virgin Islands,2025,Demographics,Population,39732,people,World Bank Open Data,https://data.worldbank.org/indicator/SP.POP.TOTL,2026-08-02T04:09:08.531329+00:00
VIR,Virgin Islands (U.S.),2016,Demographics,Population,107516,people,World Bank Open Data,https://data.worldbank.org/indicator/SP.POP.TOTL,2026-08-02T04:09:08.531329+00:00
VIR,Virgin Islands (U.S.),2016,Economics,GDP (current US$),3798000000.0,current US$,World Bank Open Data,https://data.worldbank.org/indicator/NY.GDP.MKTP.CD,2026-08-02T04:09:09.383790+00:00
VIR,Virgin Islands (U.S.),2017,Demographics,Population,107281,people,World Bank Open Data,https://data.worldbank.org/indicator/SP.POP.TOTL,2026-08-02T04:09:08.531329+00:00
VIR,Virgin Islands (U.S.),2017,Economics,GDP (current US$),3794000000.0,current US$,World Bank Open Data,https://data.worldbank.org/indicator/NY.GDP.MKTP.CD,2026-08-02T04:09:09.383790+00:00
VIR,Virgin Islands (U.S.),2018,Demographics,Population,107001,people,World Bank Open Data,https://data.worldbank.org/indicator/SP.POP.TOTL,2026-08-02T04:09:08.531329+00:00
VIR,Virgin Islands (U.S.),2018,Economics,GDP (current US$),3923000000.0,current US$,World Bank Open Data,https://data.worldbank.org/indicator/NY.GDP.MKTP.CD,2026-08-02T04:09:09.383790+00:00
VIR,Virgin Islands (U.S.),2019,Demographics,Population,106669,people,World Bank Open Data,https://data.worldbank.org/indicator/SP.POP.TOTL,2026-08-02T04:09:08.531329+00:00
VIR,Virgin Islands (U.S.),2019,Economics,GDP (current US$),4121000000.0,current US$,World Bank Open Data,https://data.worldbank.org/indicator/NY.GDP.MKTP.CD,2026-08-02T04:09:09.383790+00:00
VIR,Virgin Islands (U.S.),2020,Demographics,Population,106290,people,World Bank Open Data,https://data.worldbank.org/indicator/SP.POP.TOTL,2026-08-02T04:09:08.531329+00:00
VIR,Virgin Islands (U.S.),2020,Economics,GDP (current US$),4229000000.0,current US$,World Bank Open Data,https://data.worldbank.org/indicator/NY.GDP.MKTP.CD,2026-08-02T04:09:09.383790+00:00
VIR,Virgin Islands (U.S.),2021,Demographics,Population,105870,people,World Bank Open Data,https://data.worldbank.org/indicator/SP.POP.TOTL,2026-08-02T04:09:08.531329+00:00
VIR,Virgin Islands (U.S.),2021,Economics,GDP (current US$),4507000000.0,current US$,World Bank Open Data,https://data.worldbank.org/indicator/NY.GDP.MKTP.CD,2026-08-02T04:09:09.383790+00:00
VIR,Virgin Islands (U.S.),2022,Demographics,Population,105413,people,World Bank Open Data,https://data.worldbank.org/indicator/SP.POP.TOTL,2026-08-02T04:09:08.531329+00:00
VIR,Virgin Islands (U.S.),2022,Economics,GDP (current US$),4672000000.0,current US$,World Bank Open Data,https://data.worldbank.org/indicator/NY.GDP.MKTP.CD,2026-08-02T04:09:09.383790+00:00
VIR,Virgin Islands (U.S.),2023,Demographics,Population,104917,people,World Bank Open Data,https://data.worldbank.org/indicator/SP.POP.TOTL,2026-08-02T04:09:08.531329+00:00
VIR,Virgin Islands (U.S.),2024,Demographics,Population,104377,people,World Bank Open Data,https://data.worldbank.org/indicator/SP.POP.TOTL,2026-08-02T04:09:08.531329+00:00
VIR,Virgin Islands (U.S.),2025,Demographics,Population,103792,people,World Bank Open Data,https://data.worldbank.org/indicator/SP.POP.TOTL,2026-08-02T04:09:08.531329+00:00
VNM,Viet Nam,2016,Demographics,Population,94000117,people,World Bank Open Data,https://data.worldbank.org/indicator/SP.POP.TOTL,2026-08-02T04:09:08.531329+00:00
VNM,Viet Nam,2016,Economics,GDP (current US$),257096001177.982,current US$,World Bank Open Data,https://data.worldbank.org/indicator/NY.GDP.MKTP.CD,2026-08-02T04:09:09.383790+00:00
VNM,Viet Nam,2017,Demographics,Population,95176977,people,World Bank Open Data,https://data.worldbank.org/indicator/SP.POP.TOTL,2026-08-02T04:09:08.531329+00:00
VNM,Viet Nam,2017,Economics,GDP (current US$),281353605986.903,current US$,World Bank Open Data,https://data.worldbank.org/indicator/NY.GDP.MKTP.CD,2026-08-02T04:09:09.383790+00:00
VNM,Viet Nam,2018,Demographics,Population,96237319,people,World Bank Open Data,https://data.worldbank.org/indicator/SP.POP.TOTL,2026-08-02T04:09:08.531329+00:00
VNM,Viet Nam,2018,Economics,GDP (current US$),310106478394.659,current US$,World Bank Open Data,https://data.worldbank.org/indicator/NY.GDP.MKTP.CD,2026-08-02T04:09:09.383790+00:00
VNM,Viet Nam,2019,Demographics,Population,97173776,people,World Bank Open Data,https://data.worldbank.org/indicator/SP.POP.TOTL,2026-08-02T04:09:08.531329+00:00
VNM,Viet Nam,2019,Economics,GDP (current US$),334365270496.667,current US$,World Bank Open Data,https://data.worldbank.org/indicator/NY.GDP.MKTP.CD,2026-08-02T04:09:09.383790+00:00
VNM,Viet Nam,2020,Demographics,Population,98079191,people,World Bank Open Data,https://data.worldbank.org/indicator/SP.POP.TOTL,2026-08-02T04:09:08.531329+00:00
VNM,Viet Nam,2020,Economics,GDP (current US$),346615738537.796,current US$,World Bank Open Data,https://data.worldbank.org/indicator/NY.GDP.MKTP.CD,2026-08-02T04:09:09.383790+00:00
VNM,Viet Nam,2021,Demographics,Population,98935098,people,World Bank Open Data,https://data.worldbank.org/indicator/SP.POP.TOTL,2026-08-02T04:09:08.531329+00:00
VNM,Viet Nam,2021,Economics,GDP (current US$),366474752771.009,current US$,World Bank Open Data,https://data.worldbank.org/indicator/NY.GDP.MKTP.CD,2026-08-02T04:09:09.383790+00:00
VNM,Viet Nam,2022,Demographics,Population,99680655,people,World Bank Open Data,https://data.worldbank.org/indicator/SP.POP.TOTL,2026-08-02T04:09:08.531329+00:00
VNM,Viet Nam,2022,Economics,GDP (current US$),413445230668.578,current US$,World Bank Open Data,https://data.worldbank.org/indicator/NY.GDP.MKTP.CD,2026-08-02T04:09:09.383790+00:00
VNM,Viet Nam,2023,Demographics,Population,100352192,people,World Bank Open Data,https://data.worldbank.org/indicator/SP.POP.TOTL,2026-08-02T04:09:08.531329+00:00
VNM,Viet Nam,2023,Economics,GDP (current US$),433805036898.465,current US$,World Bank Open Data,https://data.worldbank.org/indicator/NY.GDP.MKTP.CD,2026-08-02T04:09:09.383790+00:00
VNM,Viet Nam,2024,Demographics,Population,100987686,people,World Bank Open Data,https://data.worldbank.org/indicator/SP.POP.TOTL,2026-08-02T04:09:08.531329+00:00
VNM,Viet Nam,2024,Economics,GDP (current US$),476324572783.807,current US$,World Bank Open Data,https://data.worldbank.org/indicator/NY.GDP.MKTP.CD,2026-08-02T04:09:09.383790+00:00
VNM,Viet Nam,2025,Demographics,Population,101598527,people,World Bank Open Data,https://data.worldbank.org/indicator/SP.POP.TOTL,2026-08-02T04:09:08.531329+00:00
VNM,Viet Nam,2025,Economics,GDP (current US$),514697215165.065,current US$,World Bank Open Data,https://data.worldbank.org/indicator/NY.GDP.MKTP.CD,2026-08-02T04:09:09.383790+00:00
VUT,Vanuatu,2016,Demographics,Population,272087,people,World Bank Open Data,https://data.worldbank.org/indicator/SP.POP.TOTL,2026-08-02T04:09:08.531329+00:00
VUT,Vanuatu,2016,Economics,GDP (current US$),908725512.790966,current US$,World Bank Open Data,https://data.worldbank.org/indicator/NY.GDP.MKTP.CD,2026-08-02T04:09:09.383790+00:00
VUT,Vanuatu,2017,Demographics,Population,278507,people,World Bank Open Data,https://data.worldbank.org/indicator/SP.POP.TOTL,2026-08-02T04:09:08.531329+00:00
VUT,Vanuatu,2017,Economics,GDP (current US$),998536154.882053,current US$,World Bank Open Data,https://data.worldbank.org/indicator/NY.GDP.MKTP.CD,2026-08-02T04:09:09.383790+00:00
VUT,Vanuatu,2018,Demographics,Population,285259,people,World Bank Open Data,https://data.worldbank.org/indicator/SP.POP.TOTL,2026-08-02T04:09:08.531329+00:00
VUT,Vanuatu,2018,Economics,GDP (current US$),1034402941.04298,current US$,World Bank Open Data,https://data.worldbank.org/indicator/NY.GDP.MKTP.CD,2026-08-02T04:09:09.383790+00:00
VUT,Vanuatu,2019,Demographics,Population,291985,people,World Bank Open Data,https://data.worldbank.org/indicator/SP.POP.TOTL,2026-08-02T04:09:08.531329+00:00
VUT,Vanuatu,2019,Economics,GDP (current US$),1061547512.69257,current US$,World Bank Open Data,https://data.worldbank.org/indicator/NY.GDP.MKTP.CD,2026-08-02T04:09:09.383790+00:00
VUT,Vanuatu,2020,Demographics,Population,298858,people,World Bank Open Data,https://data.worldbank.org/indicator/SP.POP.TOTL,2026-08-02T04:09:08.531329+00:00
VUT,Vanuatu,2020,Economics,GDP (current US$),1017403362.80118,current US$,World Bank Open Data,https://data.worldbank.org/indicator/NY.GDP.MKTP.CD,2026-08-02T04:09:09.383790+00:00
VUT,Vanuatu,2021,Demographics,Population,305868,people,World Bank Open Data,https://data.worldbank.org/indicator/SP.POP.TOTL,2026-08-02T04:09:08.531329+00:00
VUT,Vanuatu,2021,Economics,GDP (current US$),1093826088.94269,current US$,World Bank Open Data,https://data.worldbank.org/indicator/NY.GDP.MKTP.CD,2026-08-02T04:09:09.383790+00:00
VUT,Vanuatu,2022,Demographics,Population,313046,people,World Bank Open Data,https://data.worldbank.org/indicator/SP.POP.TOTL,2026-08-02T04:09:08.531329+00:00
VUT,Vanuatu,2022,Economics,GDP (current US$),1151863789.76624,current US$,World Bank Open Data,https://data.worldbank.org/indicator/NY.GDP.MKTP.CD,2026-08-02T04:09:09.383790+00:00
VUT,Vanuatu,2023,Demographics,Population,320409,people,World Bank Open Data,https://data.worldbank.org/indicator/SP.POP.TOTL,2026-08-02T04:09:08.531329+00:00
VUT,Vanuatu,2023,Economics,GDP (current US$),1188137265.19047,current US$,World Bank Open Data,https://data.worldbank.org/indicator/NY.GDP.MKTP.CD,2026-08-02T04:09:09.383790+00:00
VUT,Vanuatu,2024,Demographics,Population,327777,people,World Bank Open Data,https://data.worldbank.org/indicator/SP.POP.TOTL,2026-08-02T04:09:08.531329+00:00
VUT,Vanuatu,2024,Economics,GDP (current US$),1297956614.77783,current US$,World Bank Open Data,https://data.worldbank.org/indicator/NY.GDP.MKTP.CD,2026-08-02T04:09:09.383790+00:00
VUT,Vanuatu,2025,Demographics,Population,335169,people,World Bank Open Data,https://data.worldbank.org/indicator/SP.POP.TOTL,2026-08-02T04:09:08.531329+00:00
VUT,Vanuatu,2025,Economics,GDP (current US$),1353658840.63993,current US$,World Bank Open Data,https://data.worldbank.org/indicator/NY.GDP.MKTP.CD,2026-08-02T04:09:09.383790+00:00
WSM,Samoa,2016,Demographics,Population,203499,people,World Bank Open Data,https://data.worldbank.org/indicator/SP.POP.TOTL,2026-08-02T04:09:08.531329+00:00
WSM,Samoa,2016,Economics,GDP (current US$),843924796.697421,current US$,World Bank Open Data,https://data.worldbank.org/indicator/NY.GDP.MKTP.CD,2026-08-02T04:09:09.383790+00:00
WSM,Samoa,2017,Demographics,Population,205415,people,World Bank Open Data,https://data.worldbank.org/indicator/SP.POP.TOTL,2026-08-02T04:09:08.531329+00:00
WSM,Samoa,2017,Economics,GDP (current US$),884844384.463214,current US$,World Bank Open Data,https://data.worldbank.org/indicator/NY.GDP.MKTP.CD,2026-08-02T04:09:09.383790+00:00
WSM,Samoa,2018,Demographics,Population,207582,people,World Bank Open Data,https://data.worldbank.org/indicator/SP.POP.TOTL,2026-08-02T04:09:08.531329+00:00
WSM,Samoa,2018,Economics,GDP (current US$),878448433.404342,current US$,World Bank Open Data,https://data.worldbank.org/indicator/NY.GDP.MKTP.CD,2026-08-02T04:09:09.383790+00:00
WSM,Samoa,2019,Demographics,Population,209780,people,World Bank Open Data,https://data.worldbank.org/indicator/SP.POP.TOTL,2026-08-02T04:09:08.531329+00:00
WSM,Samoa,2019,Economics,GDP (current US$),912950466.064906,current US$,World Bank Open Data,https://data.worldbank.org/indicator/NY.GDP.MKTP.CD,2026-08-02T04:09:09.383790+00:00
WSM,Samoa,2020,Demographics,Population,211944,people,World Bank Open Data,https://data.worldbank.org/indicator/SP.POP.TOTL,2026-08-02T04:09:08.531329+00:00
WSM,Samoa,2020,Economics,GDP (current US$),868884902.953089,current US$,World Bank Open Data,https://data.worldbank.org/indicator/NY.GDP.MKTP.CD,2026-08-02T04:09:09.383790+00:00
WSM,Samoa,2021,Demographics,Population,213779,people,World Bank Open Data,https://data.worldbank.org/indicator/SP.POP.TOTL,2026-08-02T04:09:08.531329+00:00
WSM,Samoa,2021,Economics,GDP (current US$),859724936.05765,current US$,World Bank Open Data,https://data.worldbank.org/indicator/NY.GDP.MKTP.CD,2026-08-02T04:09:09.383790+00:00
WSM,Samoa,2022,Demographics,Population,215261,people,World Bank Open Data,https://data.worldbank.org/indicator/SP.POP.TOTL,2026-08-02T04:09:08.531329+00:00
WSM,Samoa,2022,Economics,GDP (current US$),889554711.842341,current US$,World Bank Open Data,https://data.worldbank.org/indicator/NY.GDP.MKTP.CD,2026-08-02T04:09:09.383790+00:00
WSM,Samoa,2023,Demographics,Population,216663,people,World Bank Open Data,https://data.worldbank.org/indicator/SP.POP.TOTL,2026-08-02T04:09:08.531329+00:00
WSM,Samoa,2023,Economics,GDP (current US$),1044909500.02527,current US$,World Bank Open Data,https://data.worldbank.org/indicator/NY.GDP.MKTP.CD,2026-08-02T04:09:09.383790+00:00
WSM,Samoa,2024,Demographics,Population,218019,people,World Bank Open Data,https://data.worldbank.org/indicator/SP.POP.TOTL,2026-08-02T04:09:08.531329+00:00
WSM,Samoa,2024,Economics,GDP (current US$),1175749785.65113,current US$,World Bank Open Data,https://data.worldbank.org/indicator/NY.GDP.MKTP.CD,2026-08-02T04:09:09.383790+00:00
WSM,Samoa,2025,Demographics,Population,219306,people,World Bank Open Data,https://data.worldbank.org/indicator/SP.POP.TOTL,2026-08-02T04:09:08.531329+00:00
WSM,Samoa,2025,Economics,GDP (current US$),1287936621.64619,current US$,World Bank Open Data,https://data.worldbank.org/indicator/NY.GDP.MKTP.CD,2026-08-02T04:09:09.383790+00:00
XKX,Kosovo,2016,Demographics,Population,1777568,people,World Bank Open Data,https://data.worldbank.org/indicator/SP.POP.TOTL,2026-08-02T04:09:08.531329+00:00
XKX,Kosovo,2016,Economics,GDP (current US$),6682674062.9615,current US$,World Bank Open Data,https://data.worldbank.org/indicator/NY.GDP.MKTP.CD,2026-08-02T04:09:09.383790+00:00
XKX,Kosovo,2017,Demographics,Population,1791019,people,World Bank Open Data,https://data.worldbank.org/indicator/SP.POP.TOTL,2026-08-02T04:09:08.531329+00:00
XKX,Kosovo,2017,Economics,GDP (current US$),7180768692.26354,current US$,World Bank Open Data,https://data.worldbank.org/indicator/NY.GDP.MKTP.CD,2026-08-02T04:09:09.383790+00:00
XKX,Kosovo,2018,Demographics,Population,1797086,people,World Bank Open Data,https://data.worldbank.org/indicator/SP.POP.TOTL,2026-08-02T04:09:08.531329+00:00
XKX,Kosovo,2018,Economics,GDP (current US$),7878762812.20156,current US$,World Bank Open Data,https://data.worldbank.org/indicator/NY.GDP.MKTP.CD,2026-08-02T04:09:09.383790+00:00
XKX,Kosovo,2019,Demographics,Population,1788891,people,World Bank Open Data,https://data.worldbank.org/indicator/SP.POP.TOTL,2026-08-02T04:09:08.531329+00:00
XKX,Kosovo,2019,Economics,GDP (current US$),7899204690.79214,current US$,World Bank Open Data,https://data.worldbank.org/indicator/NY.GDP.MKTP.CD,2026-08-02T04:09:09.383790+00:00
XKX,Kosovo,2020,Demographics,Population,1790151,people,World Bank Open Data,https://data.worldbank.org/indicator/SP.POP.TOTL,2026-08-02T04:09:08.531329+00:00
XKX,Kosovo,2020,Economics,GDP (current US$),7734497455.75411,current US$,World Bank Open Data,https://data.worldbank.org/indicator/NY.GDP.MKTP.CD,2026-08-02T04:09:09.383790+00:00
XKX,Kosovo,2021,Demographics,Population,1786079,people,World Bank Open Data,https://data.worldbank.org/indicator/SP.POP.TOTL,2026-08-02T04:09:08.531329+00:00
XKX,Kosovo,2021,Economics,GDP (current US$),9412099545.05799,current US$,World Bank Open Data,https://data.worldbank.org/indicator/NY.GDP.MKTP.CD,2026-08-02T04:09:09.383790+00:00
XKX,Kosovo,2022,Demographics,Population,1768096,people,World Bank Open Data,https://data.worldbank.org/indicator/SP.POP.TOTL,2026-08-02T04:09:08.531329+00:00
XKX,Kosovo,2022,Economics,GDP (current US$),9367633202.54673,current US$,World Bank Open Data,https://data.worldbank.org/indicator/NY.GDP.MKTP.CD,2026-08-02T04:09:09.383790+00:00
XKX,Kosovo,2023,Demographics,Population,1682668,people,World Bank Open Data,https://data.worldbank.org/indicator/SP.POP.TOTL,2026-08-02T04:09:08.531329+00:00
XKX,Kosovo,2023,Economics,GDP (current US$),10466753839.9923,current US$,World Bank Open Data,https://data.worldbank.org/indicator/NY.GDP.MKTP.CD,2026-08-02T04:09:09.383790+00:00
XKX,Kosovo,2024,Demographics,Population,1594353,people,World Bank Open Data,https://data.worldbank.org/indicator/SP.POP.TOTL,2026-08-02T04:09:08.531329+00:00
XKX,Kosovo,2024,Economics,GDP (current US$),11203038332.3359,current US$,World Bank Open Data,https://data.worldbank.org/indicator/NY.GDP.MKTP.CD,2026-08-02T04:09:09.383790+00:00
XKX,Kosovo,2025,Demographics,Population,1576876,people,World Bank Open Data,https://data.worldbank.org/indicator/SP.POP.TOTL,2026-08-02T04:09:08.531329+00:00
XKX,Kosovo,2025,Economics,GDP (current US$),12456403306.8191,current US$,World Bank Open Data,https://data.worldbank.org/indicator/NY.GDP.MKTP.CD,2026-08-02T04:09:09.383790+00:00
YEM,"Yemen, Rep.",2016,Demographics,Population,32109010,people,World Bank Open Data,https://data.worldbank.org/indicator/SP.POP.TOTL,2026-08-02T04:09:08.531329+00:00
YEM,"Yemen, Rep.",2016,Economics,GDP (current US$),31317825274.1507,current US$,World Bank Open Data,https://data.worldbank.org/indicator/NY.GDP.MKTP.CD,2026-08-02T04:09:09.383790+00:00
YEM,"Yemen, Rep.",2017,Demographics,Population,33090921,people,World Bank Open Data,https://data.worldbank.org/indicator/SP.POP.TOTL,2026-08-02T04:09:08.531329+00:00
YEM,"Yemen, Rep.",2017,Economics,GDP (current US$),26842229044.5848,current US$,World Bank Open Data,https://data.worldbank.org/indicator/NY.GDP.MKTP.CD,2026-08-02T04:09:09.383790+00:00
YEM,"Yemen, Rep.",2018,Demographics,Population,34085182,people,World Bank Open Data,https://data.worldbank.org/indicator/SP.POP.TOTL,2026-08-02T04:09:08.531329+00:00
YEM,"Yemen, Rep.",2018,Economics,GDP (current US$),21606160663.0318,current US$,World Bank Open Data,https://data.worldbank.org/indicator/NY.GDP.MKTP.CD,2026-08-02T04:09:09.383790+00:00
YEM,"Yemen, Rep.",2019,Demographics,Population,35111408,people,World Bank Open Data,https://data.worldbank.org/indicator/SP.POP.TOTL,2026-08-02T04:09:08.531329+00:00
YEM,"Yemen, Rep.",2020,Demographics,Population,36134863,people,World Bank Open Data,https://data.worldbank.org/indicator/SP.POP.TOTL,2026-08-02T04:09:08.531329+00:00
YEM,"Yemen, Rep.",2021,Demographics,Population,37140230,people,World Bank Open Data,https://data.worldbank.org/indicator/SP.POP.TOTL,2026-08-02T04:09:08.531329+00:00
YEM,"Yemen, Rep.",2022,Demographics,Population,38222876,people,World Bank Open Data,https://data.worldbank.org/indicator/SP.POP.TOTL,2026-08-02T04:09:08.531329+00:00
YEM,"Yemen, Rep.",2023,Demographics,Population,39390799,people,World Bank Open Data,https://data.worldbank.org/indicator/SP.POP.TOTL,2026-08-02T04:09:08.531329+00:00
YEM,"Yemen, Rep.",2024,Demographics,Population,40583164,people,World Bank Open Data,https://data.worldbank.org/indicator/SP.POP.TOTL,2026-08-02T04:09:08.531329+00:00
YEM,"Yemen, Rep.",2025,Demographics,Population,41773878,people,World Bank Open Data,https://data.worldbank.org/indicator/SP.POP.TOTL,2026-08-02T04:09:08.531329+00:00
ZAF,South Africa,2016,Demographics,Population,57259551,people,World Bank Open Data,https://data.worldbank.org/indicator/SP.POP.TOTL,2026-08-02T04:09:08.531329+00:00
ZAF,South Africa,2016,Economics,GDP (current US$),323585509674.481,current US$,World Bank Open Data,https://data.worldbank.org/indicator/NY.GDP.MKTP.CD,2026-08-02T04:09:09.383790+00:00
ZAF,South Africa,2017,Demographics,Population,57635162,people,World Bank Open Data,https://data.worldbank.org/indicator/SP.POP.TOTL,2026-08-02T04:09:08.531329+00:00
ZAF,South Africa,2017,Economics,GDP (current US$),381448814653.456,current US$,World Bank Open Data,https://data.worldbank.org/indicator/NY.GDP.MKTP.CD,2026-08-02T04:09:09.383790+00:00
ZAF,South Africa,2018,Demographics,Population,58613001,people,World Bank Open Data,https://data.worldbank.org/indicator/SP.POP.TOTL,2026-08-02T04:09:08.531329+00:00
ZAF,South Africa,2018,Economics,GDP (current US$),405260723892.517,current US$,World Bank Open Data,https://data.worldbank.org/indicator/NY.GDP.MKTP.CD,2026-08-02T04:09:09.383790+00:00
ZAF,South Africa,2019,Demographics,Population,59587885,people,World Bank Open Data,https://data.worldbank.org/indicator/SP.POP.TOTL,2026-08-02T04:09:08.531329+00:00
ZAF,South Africa,2019,Economics,GDP (current US$),389330032224.269,current US$,World Bank Open Data,https://data.worldbank.org/indicator/NY.GDP.MKTP.CD,2026-08-02T04:09:09.383790+00:00
ZAF,South Africa,2020,Demographics,Population,60562381,people,World Bank Open Data,https://data.worldbank.org/indicator/SP.POP.TOTL,2026-08-02T04:09:08.531329+00:00
ZAF,South Africa,2020,Economics,GDP (current US$),337974655408.055,current US$,World Bank Open Data,https://data.worldbank.org/indicator/NY.GDP.MKTP.CD,2026-08-02T04:09:09.383790+00:00
ZAF,South Africa,2021,Demographics,Population,61502603,people,World Bank Open Data,https://data.worldbank.org/indicator/SP.POP.TOTL,2026-08-02T04:09:08.531329+00:00
ZAF,South Africa,2021,Economics,GDP (current US$),419986284375.368,current US$,World Bank Open Data,https://data.worldbank.org/indicator/NY.GDP.MKTP.CD,2026-08-02T04:09:09.383790+00:00
ZAF,South Africa,2022,Demographics,Population,62378410,people,World Bank Open Data,https://data.worldbank.org/indicator/SP.POP.TOTL,2026-08-02T04:09:08.531329+00:00
ZAF,South Africa,2022,Economics,GDP (current US$),407596043067.885,current US$,World Bank Open Data,https://data.worldbank.org/indicator/NY.GDP.MKTP.CD,2026-08-02T04:09:09.383790+00:00
ZAF,South Africa,2023,Demographics,Population,63212384,people,World Bank Open Data,https://data.worldbank.org/indicator/SP.POP.TOTL,2026-08-02T04:09:08.531329+00:00
ZAF,South Africa,2023,Economics,GDP (current US$),381440724491.232,current US$,World Bank Open Data,https://data.worldbank.org/indicator/NY.GDP.MKTP.CD,2026-08-02T04:09:09.383790+00:00
ZAF,South Africa,2024,Demographics,Population,64007187,people,World Bank Open Data,https://data.worldbank.org/indicator/SP.POP.TOTL,2026-08-02T04:09:08.531329+00:00
ZAF,South Africa,2024,Economics,GDP (current US$),401144998373.585,current US$,World Bank Open Data,https://data.worldbank.org/indicator/NY.GDP.MKTP.CD,2026-08-02T04:09:09.383790+00:00
ZAF,South Africa,2025,Demographics,Population,64747319,people,World Bank Open Data,https://data.worldbank.org/indicator/SP.POP.TOTL,2026-08-02T04:09:08.531329+00:00
ZAF,South Africa,2025,Economics,GDP (current US$),427184325997.307,current US$,World Bank Open Data,https://data.worldbank.org/indicator/NY.GDP.MKTP.CD,2026-08-02T04:09:09.383790+00:00
ZMB,Zambia,2016,Demographics,Population,16914423,people,World Bank Open Data,https://data.worldbank.org/indicator/SP.POP.TOTL,2026-08-02T04:09:08.531329+00:00
ZMB,Zambia,2016,Economics,GDP (current US$),20958412538.3093,current US$,World Bank Open Data,https://data.worldbank.org/indicator/NY.GDP.MKTP.CD,2026-08-02T04:09:09.383790+00:00
ZMB,Zambia,2017,Demographics,Population,17441320,people,World Bank Open Data,https://data.worldbank.org/indicator/SP.POP.TOTL,2026-08-02T04:09:08.531329+00:00
ZMB,Zambia,2017,Economics,GDP (current US$),25873601260.8353,current US$,World Bank Open Data,https://data.worldbank.org/indicator/NY.GDP.MKTP.CD,2026-08-02T04:09:09.383790+00:00
ZMB,Zambia,2018,Demographics,Population,17973569,people,World Bank Open Data,https://data.worldbank.org/indicator/SP.POP.TOTL,2026-08-02T04:09:08.531329+00:00
ZMB,Zambia,2018,Economics,GDP (current US$),26311507273.6735,current US$,World Bank Open Data,https://data.worldbank.org/indicator/NY.GDP.MKTP.CD,2026-08-02T04:09:09.383790+00:00
ZMB,Zambia,2019,Demographics,Population,18513839,people,World Bank Open Data,https://data.worldbank.org/indicator/SP.POP.TOTL,2026-08-02T04:09:08.531329+00:00
ZMB,Zambia,2019,Economics,GDP (current US$),23308667781.2258,current US$,World Bank Open Data,https://data.worldbank.org/indicator/NY.GDP.MKTP.CD,2026-08-02T04:09:09.383790+00:00
ZMB,Zambia,2020,Demographics,Population,19059395,people,World Bank Open Data,https://data.worldbank.org/indicator/SP.POP.TOTL,2026-08-02T04:09:08.531329+00:00
ZMB,Zambia,2020,Economics,GDP (current US$),18137764930.651,current US$,World Bank Open Data,https://data.worldbank.org/indicator/NY.GDP.MKTP.CD,2026-08-02T04:09:09.383790+00:00
ZMB,Zambia,2021,Demographics,Population,19603607,people,World Bank Open Data,https://data.worldbank.org/indicator/SP.POP.TOTL,2026-08-02T04:09:08.531329+00:00
ZMB,Zambia,2021,Economics,GDP (current US$),22096416932.0089,current US$,World Bank Open Data,https://data.worldbank.org/indicator/NY.GDP.MKTP.CD,2026-08-02T04:09:09.383790+00:00
ZMB,Zambia,2022,Demographics,Population,20152938,people,World Bank Open Data,https://data.worldbank.org/indicator/SP.POP.TOTL,2026-08-02T04:09:08.531329+00:00
ZMB,Zambia,2022,Economics,GDP (current US$),29163782140.4858,current US$,World Bank Open Data,https://data.worldbank.org/indicator/NY.GDP.MKTP.CD,2026-08-02T04:09:09.383790+00:00
ZMB,Zambia,2023,Demographics,Population,20723965,people,World Bank Open Data,https://data.worldbank.org/indicator/SP.POP.TOTL,2026-08-02T04:09:08.531329+00:00
ZMB,Zambia,2023,Economics,GDP (current US$),27577956471.244,current US$,World Bank Open Data,https://data.worldbank.org/indicator/NY.GDP.MKTP.CD,2026-08-02T04:09:09.383790+00:00
ZMB,Zambia,2024,Demographics,Population,21314956,people,World Bank Open Data,https://data.worldbank.org/indicator/SP.POP.TOTL,2026-08-02T04:09:08.531329+00:00
ZMB,Zambia,2024,Economics,GDP (current US$),25303185342.2511,current US$,World Bank Open Data,https://data.worldbank.org/indicator/NY.GDP.MKTP.CD,2026-08-02T04:09:09.383790+00:00
ZMB,Zambia,2025,Demographics,Population,21913874,people,World Bank Open Data,https://data.worldbank.org/indicator/SP.POP.TOTL,2026-08-02T04:09:08.531329+00:00
ZMB,Zambia,2025,Economics,GDP (current US$),28879806220.1264,current US$,World Bank Open Data,https://data.worldbank.org/indicator/NY.GDP.MKTP.CD,2026-08-02T04:09:09.383790+00:00
ZWE,Zimbabwe,2016,Demographics,Population,14600294,people,World Bank Open Data,https://data.worldbank.org/indicator/SP.POP.TOTL,2026-08-02T04:09:08.531329+00:00
ZWE,Zimbabwe,2016,Economics,GDP (current US$),20559250000.0,current US$,World Bank Open Data,https://data.worldbank.org/indicator/NY.GDP.MKTP.CD,2026-08-02T04:09:09.383790+00:00
ZWE,Zimbabwe,2017,Demographics,Population,14812482,people,World Bank Open Data,https://data.worldbank.org/indicator/SP.POP.TOTL,2026-08-02T04:09:08.531329+00:00
ZWE,Zimbabwe,2017,Economics,GDP (current US$),51035657370.5179,current US$,World Bank Open Data,https://data.worldbank.org/indicator/NY.GDP.MKTP.CD,2026-08-02T04:09:09.383790+00:00
ZWE,Zimbabwe,2018,Demographics,Population,15034452,people,World Bank Open Data,https://data.worldbank.org/indicator/SP.POP.TOTL,2026-08-02T04:09:08.531329+00:00
ZWE,Zimbabwe,2018,Economics,GDP (current US$),34141666666.6667,current US$,World Bank Open Data,https://data.worldbank.org/indicator/NY.GDP.MKTP.CD,2026-08-02T04:09:09.383790+00:00
ZWE,Zimbabwe,2019,Demographics,Population,15271368,people,World Bank Open Data,https://data.worldbank.org/indicator/SP.POP.TOTL,2026-08-02T04:09:08.531329+00:00
ZWE,Zimbabwe,2019,Economics,GDP (current US$),33360632553.3556,current US$,World Bank Open Data,https://data.worldbank.org/indicator/NY.GDP.MKTP.CD,2026-08-02T04:09:09.383790+00:00
ZWE,Zimbabwe,2020,Demographics,Population,15526888,people,World Bank Open Data,https://data.worldbank.org/indicator/SP.POP.TOTL,2026-08-02T04:09:08.531329+00:00
ZWE,Zimbabwe,2020,Economics,GDP (current US$),31979753644.6558,current US$,World Bank Open Data,https://data.worldbank.org/indicator/NY.GDP.MKTP.CD,2026-08-02T04:09:09.383790+00:00
ZWE,Zimbabwe,2021,Demographics,Population,15797210,people,World Bank Open Data,https://data.worldbank.org/indicator/SP.POP.TOTL,2026-08-02T04:09:08.531329+00:00
ZWE,Zimbabwe,2021,Economics,GDP (current US$),41287852523.5016,current US$,World Bank Open Data,https://data.worldbank.org/indicator/NY.GDP.MKTP.CD,2026-08-02T04:09:09.383790+00:00
ZWE,Zimbabwe,2022,Demographics,Population,16069056,people,World Bank Open Data,https://data.worldbank.org/indicator/SP.POP.TOTL,2026-08-02T04:09:08.531329+00:00
ZWE,Zimbabwe,2022,Economics,GDP (current US$),40757585308.5016,current US$,World Bank Open Data,https://data.worldbank.org/indicator/NY.GDP.MKTP.CD,2026-08-02T04:09:09.383790+00:00
ZWE,Zimbabwe,2023,Demographics,Population,16340822,people,World Bank Open Data,https://data.worldbank.org/indicator/SP.POP.TOTL,2026-08-02T04:09:08.531329+00:00
ZWE,Zimbabwe,2023,Economics,GDP (current US$),35871781303.429,current US$,World Bank Open Data,https://data.worldbank.org/indicator/NY.GDP.MKTP.CD,2026-08-02T04:09:09.383790+00:00
ZWE,Zimbabwe,2024,Demographics,Population,16634373,people,World Bank Open Data,https://data.worldbank.org/indicator/SP.POP.TOTL,2026-08-02T04:09:08.531329+00:00
ZWE,Zimbabwe,2024,Economics,GDP (current US$),41521975830.2351,current US$,World Bank Open Data,https://data.worldbank.org/indicator/NY.GDP.MKTP.CD,2026-08-02T04:09:09.383790+00:00
ZWE,Zimbabwe,2025,Demographics,Population,16950795,people,World Bank Open Data,https://data.worldbank.org/indicator/SP.POP.TOTL,2026-08-02T04:09:08.531329+00:00
ZWE,Zimbabwe,2025,Economics,GDP (current US$),51215643905.5886,current US$,World Bank Open Data,https://data.worldbank.org/indicator/NY.GDP.MKTP.CD,2026-08-02T04:09:09.383790+00:00
